出發日期,星期,出發時間,出發時段,出發機場代號,抵達時間,抵達時段,抵達機場代號,航空公司,航空聯盟,停靠站數量,停留時間,飛行時間,是否過夜,機型,機型分類,航班代碼,艙等,平均價格,最低價格,中位數價格,價格變異,最低價格剩餘天數,筆數
2025-01-20,週一,上午9:20,上午班機,TSA,中午12:45,下午抵達,GMP,中華航空,2,直達航班。,Non-stop,2 小時 25 分鐘,No,Boeing 737,0,CI 260,商務艙,20616,14877,20167.0,8637778.53,19,87
2025-01-20,週一,下午1:40,下午班機,TPE,下午5:00,下午抵達,ICN,韓亞航空,1,直達航班。,Non-stop,2 小時 20 分鐘,No,Airbus A380,2,OZ 712,商務艙,17638,14098,16701.0,5063091.92,60,87
2025-01-20,週一,下午5:10,下午班機,TPE,晚上8:30,晚間抵達,ICN,韓亞航空,1,直達航班。,Non-stop,2 小時 20 分鐘,No,Airbus A330,1,OZ 714,商務艙,17043,14098,16698.0,5138406.25,60,79
2025-01-20,週一,中午12:25,下午班機,TPE,下午3:50,下午抵達,ICN,大韓航空,2,直達航班。,Non-stop,2 小時 25 分鐘,No,Boeing 787-10,1,KE 186,商務艙,17689,16670,16676.0,2597048.19,75,41
2025-01-20,週一,晚上7:25,晚間班機,TPE,晚上10:55,晚間抵達,ICN,大韓航空,2,直達航班。,Non-stop,2 小時 30 分鐘,No,Airbus A330,1,KE 188,商務艙,17288,16670,16675.0,1586146.25,75,36
2025-01-20,週一,清晨7:55,早晨班機,TPE,上午11:20,上午抵達,ICN,中華航空,2,直達航班。,Non-stop,2 小時 25 分鐘,No,Airbus A330,1,CI 160,商務艙,18183,16218,18274.0,550825.38,19,90
2025-01-21,週二,下午1:40,下午班機,TPE,下午5:00,下午抵達,ICN,韓亞航空,1,直達航班。,Non-stop,2 小時 20 分鐘,No,Airbus A380,2,OZ 712,商務艙,16346,14098,16691.0,3404624.45,61,77
2025-01-21,週二,下午2:30,下午班機,TSA,下午6:00,晚間抵達,GMP,長榮航空,1,直達航班。,Non-stop,2 小時 30 分鐘,No,Airbus A321,0,BR 156,商務艙,22666,16500,22815.0,904246.47,20,84
2025-01-21,週二,下午3:15,下午班機,TPE,下午6:45,晚間抵達,ICN,長榮航空,1,直達航班。,Non-stop,2 小時 30 分鐘,No,Airbus A330,1,BR 160,商務艙,22542,16196,22501.0,1658634.56,20,87
2025-01-21,週二,下午3:45,下午班機,TPE,晚上7:15,晚間抵達,ICN,中華航空,2,直達航班。,Non-stop,2 小時 30 分鐘,No,Airbus A330,1,CI 162,商務艙,18151,16687,17687.5,2516950.69,76,86
2025-01-21,週二,下午5:10,下午班機,TPE,晚上8:30,晚間抵達,ICN,韓亞航空,1,直達航班。,Non-stop,2 小時 20 分鐘,No,Airbus A330,1,OZ 714,商務艙,17179,14098,16692.0,7757593.8,61,78
2025-01-21,週二,中午12:25,下午班機,TPE,下午3:50,下午抵達,ICN,大韓航空,2,直達航班。,Non-stop,2 小時 25 分鐘,No,Boeing 787-10,1,KE 186,商務艙,18753,16670,17517.0,4675965.27,76,53
2025-01-21,週二,晚上7:25,晚間班機,TPE,晚上10:55,晚間抵達,ICN,大韓航空,2,直達航班。,Non-stop,2 小時 30 分鐘,No,Boeing 777,1,KE 188,商務艙,17514,16670,17515.0,1763646.23,76,77
2025-01-21,週二,清晨7:05,早晨班機,TPE,上午10:30,上午抵達,ICN,長榮航空,1,直達航班。,Non-stop,2 小時 25 分鐘,No,Airbus A321,0,BR 170,商務艙,23364,22474,22498.0,3097668.21,76,65
2025-01-21,週二,清晨7:55,早晨班機,TPE,上午11:20,上午抵達,ICN,中華航空,2,直達航班。,Non-stop,2 小時 25 分鐘,No,,-1,CI 160,經濟艙,20952,17236,22373.0,5288683.66,76,80
2025-01-22,週三,下午1:40,下午班機,TPE,下午5:00,下午抵達,ICN,韓亞航空,1,直達航班。,Non-stop,2 小時 20 分鐘,No,Airbus A380,2,OZ 712,商務艙,17463,14098,16699.0,6975253.25,62,91
2025-01-22,週三,下午5:10,下午班機,TPE,晚上8:30,晚間抵達,ICN,韓亞航空,1,直達航班。,Non-stop,2 小時 20 分鐘,No,Airbus A330,1,OZ 714,商務艙,17457,14098,16699.0,4109841.86,62,82
2025-01-22,週三,中午12:25,下午班機,TPE,下午3:50,下午抵達,ICN,大韓航空,2,直達航班。,Non-stop,2 小時 25 分鐘,No,Boeing 787-10,1,KE 186,商務艙,19308,17507,18751.0,1872930.71,91,75
2025-01-22,週三,晚上7:25,晚間班機,TPE,晚上10:55,晚間抵達,ICN,大韓航空,2,直達航班。,Non-stop,2 小時 30 分鐘,No,Boeing 777,1,KE 188,商務艙,18193,16670,17524.0,2665837.46,77,87
2025-01-22,週三,清晨7:55,早晨班機,TPE,上午11:20,上午抵達,ICN,中華航空,2,直達航班。,Non-stop,2 小時 25 分鐘,No,Airbus A330,1,CI 160,商務艙,18853,17236,18274.0,3100930.63,77,87
2025-01-23,週四,上午9:20,上午班機,TSA,中午12:45,下午抵達,GMP,中華航空,2,直達航班。,Non-stop,2 小時 25 分鐘,No,Boeing 737,0,CI 260,商務艙,21867,17785,22817.0,8535836.6,78,86
2025-01-23,週四,下午1:40,下午班機,TPE,下午5:00,下午抵達,ICN,韓亞航空,1,直達航班。,Non-stop,2 小時 20 分鐘,No,Airbus A380,2,OZ 712,商務艙,18160,14100,17599.0,3743091.04,64,72
2025-01-23,週四,下午3:15,下午班機,TPE,下午6:45,晚間抵達,ICN,長榮航空,1,直達航班。,Non-stop,2 小時 30 分鐘,No,Boeing 787,1,BR 160,商務艙,22867,16196,22501.0,2294053.31,22,90
2025-01-23,週四,下午3:45,下午班機,TPE,晚上7:15,晚間抵達,ICN,中華航空,2,直達航班。,Non-stop,2 小時 30 分鐘,No,Airbus A330,1,CI 162,商務艙,18019,16218,17689.0,1594724.49,22,84
2025-01-23,週四,下午5:10,下午班機,TPE,晚上8:30,晚間抵達,ICN,韓亞航空,1,直達航班。,Non-stop,2 小時 20 分鐘,No,Airbus A330,1,OZ 714,商務艙,17973,14098,16701.0,7959639.79,63,79
2025-01-23,週四,中午12:25,下午班機,TPE,下午3:50,下午抵達,ICN,大韓航空,2,直達航班。,Non-stop,2 小時 25 分鐘,No,Boeing 787-10,1,KE 186,商務艙,18474,17505,17518.0,1883772.21,78,60
2025-01-23,週四,晚上7:25,晚間班機,TPE,晚上10:55,晚間抵達,ICN,大韓航空,2,直達航班。,Non-stop,2 小時 30 分鐘,No,Boeing 787,1,KE 188,商務艙,18337,16670,17515.0,4887773.82,78,76
2025-01-23,週四,清晨7:05,早晨班機,TPE,上午10:30,上午抵達,ICN,長榮航空,1,直達航班。,Non-stop,2 小時 25 分鐘,No,Airbus A321,0,BR 170,商務艙,23143,16196,22501.0,3246903.49,22,85
2025-01-23,週四,清晨7:55,早晨班機,TPE,上午11:20,上午抵達,ICN,中華航空,2,直達航班。,Non-stop,2 小時 25 分鐘,No,Airbus A330,1,CI 160,商務艙,18653,17236,18271.0,1885983.29,78,78
2025-01-24,週五,下午1:40,下午班機,TPE,下午5:00,下午抵達,ICN,韓亞航空,1,直達航班。,Non-stop,2 小時 20 分鐘,No,Airbus A380,2,OZ 712,商務艙,18505,14221,17600.0,3037143.88,23,88
2025-01-24,週五,下午3:15,下午班機,TPE,下午6:45,晚間抵達,ICN,長榮航空,1,直達航班。,Non-stop,2 小時 30 分鐘,No,Boeing 787,1,BR 160,商務艙,23059,14552,22501.0,3429106.64,23,90
2025-01-24,週五,下午3:45,下午班機,TPE,晚上7:15,晚間抵達,ICN,中華航空,2,直達航班。,Non-stop,2 小時 30 分鐘,No,Airbus A330,1,CI 162,商務艙,20751,16218,22373.0,6242661.38,23,81
2025-01-24,週五,下午5:10,下午班機,TPE,晚上8:30,晚間抵達,ICN,韓亞航空,1,直達航班。,Non-stop,2 小時 20 分鐘,No,Airbus A350,1,OZ 714,商務艙,17950,14098,17600.0,3274402.57,64,81
2025-01-24,週五,中午12:25,下午班機,TPE,下午3:50,下午抵達,ICN,大韓航空,2,直達航班。,Non-stop,2 小時 25 分鐘,No,Boeing 787-10,1,KE 186,商務艙,19344,16670,18752.0,4179814.21,79,68
2025-01-24,週五,晚上7:25,晚間班機,TPE,晚上10:55,晚間抵達,ICN,大韓航空,2,直達航班。,Non-stop,2 小時 30 分鐘,No,Boeing 787,1,KE 188,商務艙,18169,16670,17901.5,3024363.45,79,82
2025-01-24,週五,清晨7:05,早晨班機,TPE,上午10:30,上午抵達,ICN,長榮航空,1,直達航班。,Non-stop,2 小時 25 分鐘,No,Airbus A330,1,BR 170,商務艙,26458,16196,26906.0,1656419.74,23,91
2025-01-24,週五,清晨7:55,早晨班機,TPE,上午11:20,上午抵達,ICN,中華航空,2,直達航班。,Non-stop,2 小時 25 分鐘,No,Airbus A330,1,CI 160,商務艙,21343,17238,22372.0,10714938.23,82,65
2025-01-25,週六,下午1:40,下午班機,TPE,下午5:00,下午抵達,ICN,韓亞航空,1,直達航班。,Non-stop,2 小時 20 分鐘,No,Airbus A380,2,OZ 712,商務艙,19174,16699,19094.0,3749124.18,37,85
2025-01-25,週六,下午5:10,下午班機,TPE,晚上8:30,晚間抵達,ICN,韓亞航空,1,直達航班。,Non-stop,2 小時 20 分鐘,No,Airbus A330,1,OZ 714,商務艙,18255,15837,17600.0,3134587.38,24,87
2025-01-25,週六,中午12:25,下午班機,TPE,下午3:50,下午抵達,ICN,大韓航空,2,直達航班。,Non-stop,2 小時 25 分鐘,No,Boeing 787-10,1,KE 186,商務艙,19373,18740,18751.0,1583982.64,80,65
2025-01-25,週六,晚上7:25,晚間班機,TPE,晚上10:55,晚間抵達,ICN,大韓航空,2,直達航班。,Non-stop,2 小時 30 分鐘,No,Boeing 777,1,KE 188,商務艙,17997,15869,17517.0,2044119.41,24,56
2025-01-25,週六,清晨5:05,凌晨班機,TPE,上午8:30,早晨抵達,ICN,中華航空,2,直達航班。,Non-stop,2 小時 25 分鐘,No,Airbus A321neo,0,CI 2160,商務艙,22560,20118,21641.5,6273275.84,24,46
2025-01-25,週六,清晨7:55,早晨班機,TPE,上午11:20,上午抵達,ICN,中華航空,2,直達航班。,Non-stop,2 小時 25 分鐘,No,Airbus A330,1,CI 160,商務艙,23781,22348,24580.0,1932665.06,80,87
2025-01-26,週日,下午1:40,下午班機,TPE,下午5:00,下午抵達,ICN,韓亞航空,1,直達航班。,Non-stop,2 小時 20 分鐘,No,Airbus A380,2,OZ 712,商務艙,17713,15837,16705.0,2170558.08,25,91
2025-01-26,週日,下午3:15,下午班機,TPE,下午6:45,晚間抵達,ICN,長榮航空,1,直達航班。,Non-stop,2 小時 30 分鐘,No,Boeing 787,1,BR 160,商務艙,22543,13762,22588.0,984860.56,25,91
2025-01-26,週日,下午3:45,下午班機,TPE,晚上7:15,晚間抵達,ICN,中華航空,2,直達航班。,Non-stop,2 小時 30 分鐘,No,Airbus A330,1,CI 162,商務艙,21650,13049,21746.0,831306.52,25,91
2025-01-26,週日,下午5:10,下午班機,TPE,晚上8:30,晚間抵達,ICN,韓亞航空,1,直達航班。,Non-stop,2 小時 20 分鐘,No,Airbus A330,1,OZ 714,商務艙,17771,16604,16701.0,3118649.1,25,91
2025-01-26,週日,中午12:25,下午班機,TPE,下午3:50,下午抵達,ICN,大韓航空,2,直達航班。,Non-stop,2 小時 25 分鐘,No,Boeing 787-10,1,KE 186,商務艙,21554,18741,21867.0,893174.64,86,60
2025-01-26,週日,晚上7:25,晚間班機,TPE,晚上10:55,晚間抵達,ICN,大韓航空,2,直達航班。,Non-stop,2 小時 30 分鐘,No,Airbus A330,1,KE 188,商務艙,18691,13981,17517.0,5432270.13,25,68
2025-01-26,週日,清晨6:05,早晨班機,TPE,上午9:30,上午抵達,ICN,中華航空,2,直達航班。,Non-stop,2 小時 25 分鐘,No,Airbus A321neo,0,CI 2160,商務艙,21869,10837,22371.0,4635168.64,25,47
2025-01-26,週日,清晨7:05,早晨班機,TPE,上午10:30,上午抵達,ICN,長榮航空,1,直達航班。,Non-stop,2 小時 25 分鐘,No,Airbus A330,1,BR 170,商務艙,24651,14796,24943.0,1482786.53,25,91
2025-01-26,週日,清晨7:55,早晨班機,TPE,上午11:20,上午抵達,ICN,中華航空,2,直達航班。,Non-stop,2 小時 25 分鐘,No,Airbus A330,1,CI 160,商務艙,23243,13049,22391.0,2375523.52,25,91
2025-01-27,週一,上午9:20,上午班機,TSA,中午12:45,下午抵達,GMP,中華航空,2,直達航班。,Non-stop,2 小時 25 分鐘,No,Boeing 737,0,CI 260,商務艙,24546,13170,25021.0,3140568.89,26,91
2025-01-27,週一,下午1:40,下午班機,TPE,下午5:00,下午抵達,ICN,韓亞航空,1,直達航班。,Non-stop,2 小時 20 分鐘,No,Airbus A380,2,OZ 712,商務艙,17616,13936,16700.0,3779492.67,26,91
2025-01-27,週一,下午3:15,下午班機,TPE,下午6:45,晚間抵達,ICN,長榮航空,1,直達航班。,Non-stop,2 小時 30 分鐘,No,Boeing 787-10,1,BR 160,商務艙,22459,10841,22588.0,1516585.15,26,91
2025-01-27,週一,下午3:45,下午班機,TPE,晚上7:15,晚間抵達,ICN,中華航空,2,直達航班。,Non-stop,2 小時 30 分鐘,No,Airbus A330,1,CI 162,商務艙,21623,10550,21746.0,1377664.39,26,91
2025-01-27,週一,下午5:10,下午班機,TPE,晚上8:30,晚間抵達,ICN,韓亞航空,1,直達航班。,Non-stop,2 小時 20 分鐘,No,Airbus A330,1,OZ 714,商務艙,17416,15837,16700.0,957448.68,26,91
2025-01-27,週一,中午12:25,下午班機,TPE,下午3:50,下午抵達,ICN,大韓航空,2,直達航班。,Non-stop,2 小時 25 分鐘,No,Boeing 787-10,1,KE 186,商務艙,18945,13981,18751.0,3755272.14,26,79
2025-01-27,週一,晚上7:25,晚間班機,TPE,晚上10:55,晚間抵達,ICN,大韓航空,2,直達航班。,Non-stop,2 小時 30 分鐘,No,Boeing 787-10,1,KE 188,商務艙,18015,9689,17518.0,1164075.66,26,91
2025-01-27,週一,清晨7:05,早晨班機,TPE,上午10:30,上午抵達,ICN,長榮航空,1,直達航班。,Non-stop,2 小時 25 分鐘,No,Airbus A330,1,BR 170,商務艙,24346,10536,24941.0,2980426.56,26,91
2025-01-27,週一,清晨7:55,早晨班機,TPE,上午11:20,上午抵達,ICN,中華航空,2,直達航班。,Non-stop,2 小時 25 分鐘,No,Airbus A330,1,CI 160,商務艙,22253,11158,22376.0,1383083.25,26,91
2025-01-28,週二,下午1:40,下午班機,TPE,下午5:00,下午抵達,ICN,韓亞航空,1,直達航班。,Non-stop,2 小時 20 分鐘,No,Airbus A380,2,OZ 712,商務艙,19285,15837,19100.0,3276172.36,27,91
2025-01-28,週二,下午2:30,下午班機,TSA,下午6:00,晚間抵達,GMP,長榮航空,1,直達航班。,Non-stop,2 小時 30 分鐘,No,Airbus A321,0,BR 156,商務艙,24338,13275,25257.0,2857339.22,27,91
2025-01-28,週二,下午3:15,下午班機,TPE,下午6:45,晚間抵達,ICN,長榮航空,1,直達航班。,Non-stop,2 小時 30 分鐘,No,Boeing 787,1,BR 160,商務艙,24349,13153,24941.0,2283702.25,27,91
2025-01-28,週二,下午3:45,下午班機,TPE,晚上7:15,晚間抵達,ICN,中華航空,2,直達航班。,Non-stop,2 小時 30 分鐘,No,Airbus A330,1,CI 162,商務艙,22185,10550,21746.0,2824065.24,27,91
2025-01-28,週二,下午5:10,下午班機,TPE,晚上8:30,晚間抵達,ICN,韓亞航空,1,直達航班。,Non-stop,2 小時 20 分鐘,No,Airbus A330,1,OZ 714,商務艙,20044,15837,19101.0,3574059.69,27,91
2025-01-28,週二,下午5:40,下午班機,TPE,晚上9:05,晚間抵達,ICN,中華航空,2,直達航班。,Non-stop,2 小時 25 分鐘,No,Airbus A321neo,0,CI 2160,商務艙,20865,9684,21743.0,3173765.54,27,49
2025-01-28,週二,中午12:25,下午班機,TPE,下午3:50,下午抵達,ICN,大韓航空,2,直達航班。,Non-stop,2 小時 25 分鐘,No,Boeing 787-10,1,KE 186,商務艙,20370,15869,21866.0,2680359.48,27,81
2025-01-28,週二,晚上7:25,晚間班機,TPE,晚上10:55,晚間抵達,ICN,大韓航空,2,直達航班。,Non-stop,2 小時 30 分鐘,No,Boeing 777,1,KE 188,商務艙,18847,13981,18752.0,763306.9,27,81
2025-01-28,週二,清晨7:55,早晨班機,TPE,上午11:20,上午抵達,ICN,中華航空,2,直達航班。,Non-stop,2 小時 25 分鐘,No,Airbus A330,1,CI 160,商務艙,22253,11158,22376.0,1383156.01,27,91
2025-01-29,週三,下午1:40,下午班機,TPE,下午5:00,下午抵達,ICN,韓亞航空,1,直達航班。,Non-stop,2 小時 20 分鐘,No,Airbus A380,2,OZ 712,商務艙,21475,19098,22099.0,1477981.25,49,88
2025-01-29,週三,下午3:15,下午班機,TPE,下午6:45,晚間抵達,ICN,長榮航空,1,直達航班。,Non-stop,2 小時 30 分鐘,No,Boeing 787,1,BR 160,商務艙,25549,16683,24943.5,3998620.97,28,90
2025-01-29,週三,下午3:45,下午班機,TPE,晚上7:15,晚間抵達,ICN,中華航空,2,直達航班。,Non-stop,2 小時 30 分鐘,No,Airbus A330,1,CI 162,商務艙,23943,16827,24580.0,2096496.17,28,87
2025-01-29,週三,下午5:10,下午班機,TPE,晚上8:30,晚間抵達,ICN,韓亞航空,1,直達航班。,Non-stop,2 小時 20 分鐘,No,Airbus A330,1,OZ 714,商務艙,22019,15837,22100.0,502870.12,28,78
2025-01-29,週三,中午12:25,下午班機,TPE,下午3:50,下午抵達,ICN,大韓航空,2,直達航班。,Non-stop,2 小時 25 分鐘,No,Boeing 787-10,1,KE 186,商務艙,21859,21318,21869.0,5345.42,28,57
2025-01-29,週三,晚上7:25,晚間班機,TPE,晚上10:55,晚間抵達,ICN,大韓航空,2,直達航班。,Non-stop,2 小時 30 分鐘,No,Boeing 787,1,KE 188,商務艙,19253,18740,18752.0,1315213.06,84,61
2025-01-29,週三,清晨7:55,早晨班機,TPE,上午11:20,上午抵達,ICN,中華航空,2,直達航班。,Non-stop,2 小時 25 分鐘,No,Airbus A330,1,CI 160,商務艙,24531,22348,22380.0,6104772.42,84,88
2025-01-30,週四,下午1:40,下午班機,TPE,下午5:00,下午抵達,ICN,韓亞航空,1,直達航班。,Non-stop,2 小時 20 分鐘,No,Airbus A380,2,OZ 712,商務艙,22086,21064,22100.0,13960.54,29,77
2025-01-30,週四,下午3:15,下午班機,TPE,下午6:45,晚間抵達,ICN,長榮航空,1,直達航班。,Non-stop,2 小時 30 分鐘,No,Boeing 787-10,1,BR 160,商務艙,24220,17291,24307.0,849576.52,29,89
2025-01-30,週四,下午3:45,下午班機,TPE,晚上7:15,晚間抵達,ICN,中華航空,2,直達航班。,Non-stop,2 小時 30 分鐘,No,Airbus A330,1,CI 162,商務艙,21273,14999,20167.0,10770080.48,29,87
2025-01-30,週四,下午5:10,下午班機,TPE,晚上8:30,晚間抵達,ICN,韓亞航空,1,直達航班。,Non-stop,2 小時 20 分鐘,No,Airbus A330,1,OZ 714,商務艙,21222,19098,22098.0,1859060.9,55,73
2025-01-30,週四,中午12:25,下午班機,TPE,下午3:50,下午抵達,ICN,大韓航空,2,直達航班。,Non-stop,2 小時 25 分鐘,No,Boeing 787-10,1,KE 186,商務艙,20996,14839,21867.0,2555086.99,29,51
2025-01-30,週四,晚上7:25,晚間班機,TPE,晚上10:55,晚間抵達,ICN,大韓航空,2,直達航班。,Non-stop,2 小時 30 分鐘,No,Boeing 787-10,1,KE 188,商務艙,21862,21318,21868.0,3718.54,29,82
2025-01-30,週四,清晨7:05,早晨班機,TPE,上午10:30,上午抵達,ICN,長榮航空,1,直達航班。,Non-stop,2 小時 25 分鐘,No,Airbus A330,1,BR 170,商務艙,24347,16074,24307.0,1290565.61,29,89
2025-01-30,週四,清晨7:55,早晨班機,TPE,上午11:20,上午抵達,ICN,中華航空,2,直達航班。,Non-stop,2 小時 25 分鐘,No,Airbus A330,1,CI 160,商務艙,25340,17314,23954.0,3358783.07,29,77
2025-01-31,週五,下午1:40,下午班機,TPE,下午5:00,下午抵達,ICN,韓亞航空,1,直達航班。,Non-stop,2 小時 20 分鐘,No,Airbus A380,2,OZ 712,商務艙,20562,15267,22098.0,5591582.49,30,91
2025-01-31,週五,下午3:15,下午班機,TPE,下午6:45,晚間抵達,ICN,長榮航空,1,直達航班。,Non-stop,2 小時 30 分鐘,No,Boeing 787,1,BR 160,商務艙,21535,13153,21952.0,1928877.95,30,91
2025-01-31,週五,下午3:45,下午班機,TPE,晚上7:15,晚間抵達,ICN,中華航空,2,直達航班。,Non-stop,2 小時 30 分鐘,No,Airbus A330,1,CI 162,商務艙,19618,12439,20165.0,2960079.62,30,91
2025-01-31,週五,下午5:10,下午班機,TPE,晚上8:30,晚間抵達,ICN,韓亞航空,1,直達航班。,Non-stop,2 小時 20 分鐘,No,Airbus A350,1,OZ 714,商務艙,17407,15267,17589.0,1221358.75,30,91
2025-01-31,週五,中午12:25,下午班機,TPE,下午3:50,下午抵達,ICN,大韓航空,2,直達航班。,Non-stop,2 小時 25 分鐘,No,Boeing 787-10,1,KE 186,商務艙,20404,18740,21866.0,2440353.93,86,77
2025-01-31,週五,晚上7:25,晚間班機,TPE,晚上10:55,晚間抵達,ICN,大韓航空,2,直達航班。,Non-stop,2 小時 30 分鐘,No,Boeing 787-10,1,KE 188,商務艙,18902,9689,18755.0,5719499.5,30,91
2025-01-31,週五,清晨7:05,早晨班機,TPE,上午10:30,上午抵達,ICN,長榮航空,1,直達航班。,Non-stop,2 小時 25 分鐘,No,Airbus A330,1,BR 170,商務艙,24048,13153,24307.0,1909616.87,30,91
2025-01-31,週五,清晨7:55,早晨班機,TPE,上午11:20,上午抵達,ICN,中華航空,2,直達航班。,Non-stop,2 小時 25 分鐘,No,Airbus A330,1,CI 160,商務艙,20444,12439,20795.0,3905963.56,30,91
2025-02-01,週六,上午9:20,上午班機,TSA,中午12:50,下午抵達,GMP,長榮航空,1,直達航班。,Non-stop,2 小時 30 分鐘,No,Airbus A321,0,BR 156,商務艙,21679,17971,22803.0,1892580.06,78,74
2025-02-01,週六,下午1:40,下午班機,TPE,下午5:00,下午抵達,ICN,韓亞航空,1,直達航班。,Non-stop,2 小時 20 分鐘,No,Airbus A380,2,OZ 712,商務艙,20293,15957,19107.0,2830760.17,11,91
2025-02-01,週六,下午3:15,下午班機,TPE,下午6:45,晚間抵達,ICN,長榮航空,1,直達航班。,Non-stop,2 小時 30 分鐘,No,Boeing 787-10,1,BR 160,商務艙,19999,17947,20170.0,1163963.72,87,82
2025-02-01,週六,下午3:45,下午班機,TPE,晚上7:15,晚間抵達,ICN,中華航空,2,直達航班。,Non-stop,2 小時 30 分鐘,No,Airbus A330,1,CI 162,商務艙,18786,16687,18904.0,3251298.43,87,91
2025-02-01,週六,下午5:10,下午班機,TPE,晚上8:30,晚間抵達,ICN,韓亞航空,1,直達航班。,Non-stop,2 小時 20 分鐘,No,Airbus A330,1,OZ 714,商務艙,18422,16698,17601.0,3802544.57,57,91
2025-02-01,週六,中午12:25,下午班機,TPE,下午3:50,下午抵達,ICN,大韓航空,2,直達航班。,Non-stop,2 小時 25 分鐘,No,Boeing 787-10,1,KE 186,商務艙,19924,17505,18752.5,2985508.9,87,66
2025-02-01,週六,晚上7:25,晚間班機,TPE,晚上10:55,晚間抵達,ICN,大韓航空,2,直達航班。,Non-stop,2 小時 30 分鐘,No,Boeing 777,1,KE 188,商務艙,19582,17515,18759.0,4203760.37,57,90
2025-02-01,週六,清晨7:05,早晨班機,TPE,上午10:30,上午抵達,ICN,長榮航空,1,直達航班。,Non-stop,2 小時 25 分鐘,No,Airbus A321,0,BR 170,商務艙,21427,17947,22501.0,2933150.55,87,85
2025-02-01,週六,清晨7:55,早晨班機,TPE,上午11:20,上午抵達,ICN,中華航空,2,直達航班。,Non-stop,2 小時 25 分鐘,No,Airbus A330,1,CI 160,商務艙,19668,17236,19534.0,4026490.4,87,91
2025-02-02,週日,上午9:20,上午班機,TSA,中午12:45,下午抵達,GMP,中華航空,2,直達航班。,Non-stop,2 小時 25 分鐘,No,Boeing 737,0,CI 260,商務艙,22736,20183,22819.0,1853647.81,23,85
2025-02-02,週日,下午1:40,下午班機,TPE,下午5:00,下午抵達,ICN,韓亞航空,1,直達航班。,Non-stop,2 小時 20 分鐘,No,Airbus A380,2,OZ 712,商務艙,19596,17598,19103.0,2298505.99,56,91
2025-02-02,週日,下午3:15,下午班機,TPE,下午6:45,晚間抵達,ICN,長榮航空,1,直達航班。,Non-stop,2 小時 30 分鐘,No,Boeing 787,1,BR 160,商務艙,20687,17947,20171.0,4392460.38,88,91
2025-02-02,週日,下午3:45,下午班機,TPE,晚上7:15,晚間抵達,ICN,中華航空,2,直達航班。,Non-stop,2 小時 30 分鐘,No,Airbus A330,1,CI 162,商務艙,18609,16687,18905.0,2485191.97,88,91
2025-02-02,週日,下午5:10,下午班機,TPE,晚上8:30,晚間抵達,ICN,韓亞航空,1,直達航班。,Non-stop,2 小時 20 分鐘,No,Boeing 777,1,OZ 714,商務艙,19789,14098,19101.0,4747131.54,73,71
2025-02-02,週日,中午12:25,下午班機,TPE,下午3:50,下午抵達,ICN,大韓航空,2,直達航班。,Non-stop,2 小時 25 分鐘,No,Boeing 747,2,KE 186,商務艙,21696,18578,21869.0,522260.74,1,91
2025-02-02,週日,晚上7:25,晚間班機,TPE,晚上10:55,晚間抵達,ICN,大韓航空,2,直達航班。,Non-stop,2 小時 30 分鐘,No,Boeing 777,1,KE 188,商務艙,18493,16675,17521.0,3577049.29,85,90
2025-02-02,週日,清晨7:05,早晨班機,TPE,上午10:30,上午抵達,ICN,長榮航空,1,直達航班。,Non-stop,2 小時 25 分鐘,No,Airbus A330,1,BR 170,商務艙,20678,17947,20171.0,3786277.17,88,89
2025-02-02,週日,清晨7:55,早晨班機,TPE,上午11:20,上午抵達,ICN,中華航空,2,直達航班。,Non-stop,2 小時 25 分鐘,No,Airbus A330,1,CI 160,商務艙,19468,17236,19536.0,2976445.58,88,91
2025-02-03,週一,上午9:20,上午班機,TSA,中午12:45,下午抵達,GMP,中華航空,2,直達航班。,Non-stop,2 小時 25 分鐘,No,Boeing 737,0,CI 260,商務艙,23021,20176,22817.0,3351819.4,11,89
2025-02-03,週一,下午1:40,下午班機,TPE,下午5:00,下午抵達,ICN,韓亞航空,1,直達航班。,Non-stop,2 小時 20 分鐘,No,Airbus A380,2,OZ 712,商務艙,15731,13104,16689.0,2054624.01,33,91
2025-02-03,週一,下午3:15,下午班機,TPE,下午6:45,晚間抵達,ICN,長榮航空,1,直達航班。,Non-stop,2 小時 30 分鐘,No,Boeing 787,1,BR 160,商務艙,20344,17947,20171.0,1720215.25,89,91
2025-02-03,週一,下午3:45,下午班機,TPE,晚上7:15,晚間抵達,ICN,中華航空,2,直達航班。,Non-stop,2 小時 30 分鐘,No,Airbus A330,1,CI 162,商務艙,18121,16687,17691.0,946666.43,89,91
2025-02-03,週一,下午5:10,下午班機,TPE,晚上8:30,晚間抵達,ICN,韓亞航空,1,直達航班。,Non-stop,2 小時 20 分鐘,No,Airbus A330,1,OZ 714,商務艙,15445,13103,15146.0,2956073.33,25,91
2025-02-03,週一,中午12:25,下午班機,TPE,下午3:50,下午抵達,ICN,大韓航空,2,直達航班。,Non-stop,2 小時 25 分鐘,No,Boeing 787-10,1,KE 186,商務艙,18283,16529,18750.5,2966287.05,1,84
2025-02-03,週一,晚上7:25,晚間班機,TPE,晚上10:55,晚間抵達,ICN,大韓航空,2,直達航班。,Non-stop,2 小時 30 分鐘,No,Airbus A330,1,KE 188,商務艙,17964,16670,17515.5,2938045.72,89,72
2025-02-03,週一,清晨7:05,早晨班機,TPE,上午10:30,上午抵達,ICN,長榮航空,1,直達航班。,Non-stop,2 小時 25 分鐘,No,Airbus A330,1,BR 170,商務艙,20522,17947,20171.0,3599238.82,89,87
2025-02-03,週一,清晨7:55,早晨班機,TPE,上午11:20,上午抵達,ICN,中華航空,2,直達航班。,Non-stop,2 小時 25 分鐘,No,Airbus A330,1,CI 160,商務艙,18683,17236,18276.0,807490.92,89,91
2025-02-04,週二,下午1:40,下午班機,TPE,下午5:00,下午抵達,ICN,韓亞航空,1,直達航班。,Non-stop,2 小時 20 分鐘,No,Airbus A380,2,OZ 712,商務艙,14741,13103,14100.0,2880984.41,26,91
2025-02-04,週二,下午3:15,下午班機,TPE,下午6:45,晚間抵達,ICN,長榮航空,1,直達航班。,Non-stop,2 小時 30 分鐘,No,Boeing 787-10,1,BR 160,商務艙,19908,17947,20172.0,527444.84,90,91
2025-02-04,週二,下午3:45,下午班機,TPE,晚上7:15,晚間抵達,ICN,中華航空,2,直達航班。,Non-stop,2 小時 30 分鐘,No,Airbus A330,1,CI 162,商務艙,18108,16687,17694.0,737025.12,90,91
2025-02-04,週二,下午5:10,下午班機,TPE,晚上8:30,晚間抵達,ICN,韓亞航空,1,直達航班。,Non-stop,2 小時 20 分鐘,No,Airbus A330,1,OZ 714,商務艙,14758,13103,14100.0,3150864.26,26,91
2025-02-04,週二,中午12:25,下午班機,TPE,下午3:50,下午抵達,ICN,大韓航空,2,直達航班。,Non-stop,2 小時 25 分鐘,No,Boeing 787-10,1,KE 186,商務艙,16870,16529,16684.0,710393.74,3,91
2025-02-04,週二,晚上7:25,晚間班機,TPE,晚上10:55,晚間抵達,ICN,大韓航空,2,直達航班。,Non-stop,2 小時 30 分鐘,No,Boeing 777,1,KE 188,商務艙,16895,16529,16683.0,946651.18,3,91
2025-02-04,週二,清晨7:55,早晨班機,TPE,上午11:20,上午抵達,ICN,中華航空,2,直達航班。,Non-stop,2 小時 25 分鐘,No,Airbus A330,1,CI 160,商務艙,18708,17236,18279.0,792045.61,90,91
2025-02-05,週三,下午3:45,下午班機,TSA,晚上7:15,晚間抵達,GMP,長榮航空,1,直達航班。,Non-stop,2 小時 30 分鐘,No,Airbus A321,0,BR 156,商務艙,19932,17947,20174.0,485107.87,91,91
2025-02-06,週四,上午9:20,上午班機,TSA,中午12:45,下午抵達,GMP,中華航空,2,直達航班。,Non-stop,2 小時 25 分鐘,No,Boeing 737,0,CI 260,商務艙,19376,17786,20164.0,816803.64,91,91
2025-02-06,週四,下午1:40,下午班機,TPE,下午5:00,下午抵達,ICN,韓亞航空,1,直達航班。,Non-stop,2 小時 20 分鐘,No,Airbus A380,2,OZ 712,商務艙,14504,13103,14099.0,2038056.86,28,91
2025-02-06,週四,下午3:15,下午班機,TPE,下午6:45,晚間抵達,ICN,長榮航空,1,直達航班。,Non-stop,2 小時 30 分鐘,No,Boeing 787-10,1,BR 160,商務艙,19957,17948,20174.0,441404.07,91,91
2025-02-06,週四,下午3:45,下午班機,TPE,晚上7:15,晚間抵達,ICN,中華航空,2,直達航班。,Non-stop,2 小時 30 分鐘,No,Airbus A330,1,CI 162,商務艙,18170,16688,18903.0,708236.13,91,91
2025-02-06,週四,下午5:10,下午班機,TPE,晚上8:30,晚間抵達,ICN,韓亞航空,1,直達航班。,Non-stop,2 小時 20 分鐘,No,Boeing 777,1,OZ 714,商務艙,14504,13103,14099.0,2038056.86,28,91
2025-02-06,週四,中午12:25,下午班機,TPE,下午3:50,下午抵達,ICN,大韓航空,2,直達航班。,Non-stop,2 小時 25 分鐘,No,Boeing 787-10,1,KE 186,商務艙,17523,16670,17519.0,594609.65,91,91
2025-02-06,週四,晚上7:25,晚間班機,TPE,晚上10:55,晚間抵達,ICN,大韓航空,2,直達航班。,Non-stop,2 小時 30 分鐘,No,Boeing 787,1,KE 188,商務艙,17183,16670,17516.0,251155.38,91,91
2025-02-06,週四,清晨7:05,早晨班機,TPE,上午10:30,上午抵達,ICN,長榮航空,1,直達航班。,Non-stop,2 小時 25 分鐘,No,Airbus A330,1,BR 170,商務艙,20036,17948,20174.0,604553.08,91,91
2025-02-06,週四,清晨7:55,早晨班機,TPE,上午11:20,上午抵達,ICN,中華航空,2,直達航班。,Non-stop,2 小時 25 分鐘,No,Airbus A330,1,CI 160,商務艙,18773,17237,19533.0,761140.77,91,91
2025-02-08,週六,中午12:25,下午班機,TPE,下午3:50,下午抵達,ICN,大韓航空,2,直達航班。,Non-stop,2 小時 25 分鐘,No,Boeing 787-10,1,KE 186,商務艙,18673,16675,18751.0,3347253.33,91,87
2025-02-09,週日,上午9:20,上午班機,TSA,中午12:45,下午抵達,GMP,中華航空,2,直達航班。,Non-stop,2 小時 25 分鐘,No,Boeing 737,0,CI 260,商務艙,19821,17798,20167.0,2737542.58,91,83
2025-02-09,週日,下午1:40,下午班機,TPE,下午5:00,下午抵達,ICN,韓亞航空,1,直達航班。,Non-stop,2 小時 20 分鐘,No,Airbus A380,2,OZ 712,商務艙,16507,13103,16700.5,4941017.68,31,88
2025-02-09,週日,下午3:15,下午班機,TPE,下午6:45,晚間抵達,ICN,長榮航空,1,直達航班。,Non-stop,2 小時 30 分鐘,No,Boeing 787,1,BR 160,商務艙,21122,17960,20174.0,6001111.08,91,84
2025-02-09,週日,下午3:45,下午班機,TPE,晚上7:15,晚間抵達,ICN,中華航空,2,直達航班。,Non-stop,2 小時 30 分鐘,No,Airbus A330,1,CI 162,商務艙,18235,16700,18903.5,649280.81,91,90
2025-02-09,週日,下午5:10,下午班機,TPE,晚上8:30,晚間抵達,ICN,韓亞航空,1,直達航班。,Non-stop,2 小時 20 分鐘,No,Airbus A330,1,OZ 714,商務艙,15618,13104,15147.0,2432832.29,39,86
2025-02-09,週日,中午12:25,下午班機,TPE,下午3:50,下午抵達,ICN,大韓航空,2,直達航班。,Non-stop,2 小時 25 分鐘,No,Boeing 787-10,1,KE 186,商務艙,19714,16675,20208.0,4962140.98,91,86
2025-02-09,週日,晚上7:25,晚間班機,TPE,晚上10:55,晚間抵達,ICN,大韓航空,2,直達航班。,Non-stop,2 小時 30 分鐘,No,Airbus A330,1,KE 188,商務艙,19027,17510,18754.0,2816470.74,91,83
2025-02-09,週日,清晨7:05,早晨班機,TPE,上午10:30,上午抵達,ICN,長榮航空,1,直達航班。,Non-stop,2 小時 25 分鐘,No,Airbus A330,1,BR 170,商務艙,20055,17960,20175.0,375739.45,91,90
2025-02-09,週日,清晨7:55,早晨班機,TPE,上午11:20,上午抵達,ICN,中華航空,2,直達航班。,Non-stop,2 小時 25 分鐘,No,Airbus A330,1,CI 160,商務艙,18833,17249,19533.5,694635.77,91,90
2025-02-10,週一,上午9:20,上午班機,TSA,中午12:45,下午抵達,GMP,中華航空,2,直達航班。,Non-stop,2 小時 25 分鐘,No,Boeing 737,0,CI 260,商務艙,19719,17798,20165.0,2450678.75,91,86
2025-02-10,週一,下午1:40,下午班機,TPE,下午5:00,下午抵達,ICN,韓亞航空,1,直達航班。,Non-stop,2 小時 20 分鐘,No,Airbus A380,2,OZ 712,商務艙,14444,13103,14099.0,1935872.19,32,86
2025-02-10,週一,下午3:15,下午班機,TPE,下午6:45,晚間抵達,ICN,長榮航空,1,直達航班。,Non-stop,2 小時 30 分鐘,No,Boeing 787-10,1,BR 160,商務艙,20049,17960,20176.5,270879.93,91,86
2025-02-10,週一,下午3:45,下午班機,TPE,晚上7:15,晚間抵達,ICN,中華航空,2,直達航班。,Non-stop,2 小時 30 分鐘,No,Airbus A330,1,CI 162,商務艙,18156,16700,18750.0,540872.04,91,86
2025-02-10,週一,下午5:10,下午班機,TPE,晚上8:30,晚間抵達,ICN,韓亞航空,1,直達航班。,Non-stop,2 小時 20 分鐘,No,Airbus A330,1,OZ 714,商務艙,18059,14098,16703.0,10389801.27,81,83
2025-02-10,週一,中午12:25,下午班機,TPE,下午3:50,下午抵達,ICN,大韓航空,2,直達航班。,Non-stop,2 小時 25 分鐘,No,Boeing 747,2,KE 186,商務艙,17954,16675,17519.0,1317332.68,91,85
2025-02-10,週一,晚上7:25,晚間班機,TPE,晚上10:55,晚間抵達,ICN,大韓航空,2,直達航班。,Non-stop,2 小時 30 分鐘,No,Airbus A330,1,KE 188,商務艙,18471,16675,18755.0,3451168.64,91,84
2025-02-10,週一,清晨7:05,早晨班機,TPE,上午10:30,上午抵達,ICN,長榮航空,1,直達航班。,Non-stop,2 小時 25 分鐘,No,Airbus A330,1,BR 170,商務艙,20049,17960,20176.5,270879.93,91,86
2025-02-10,週一,清晨7:55,早晨班機,TPE,上午11:20,上午抵達,ICN,中華航空,2,直達航班。,Non-stop,2 小時 25 分鐘,No,Airbus A330,1,CI 160,商務艙,18391,17249,18579.5,214944.76,91,86
2025-02-11,週二,下午1:40,下午班機,TPE,下午5:00,下午抵達,ICN,韓亞航空,1,直達航班。,Non-stop,2 小時 20 分鐘,No,Airbus A380,2,OZ 712,商務艙,14432,13103,14099.0,1874119.4,33,89
2025-02-11,週二,下午2:30,下午班機,TSA,下午6:00,晚間抵達,GMP,長榮航空,1,直達航班。,Non-stop,2 小時 30 分鐘,No,Airbus A321,0,BR 156,商務艙,21763,17967,22824.0,2247005.36,91,83
2025-02-11,週二,下午3:15,下午班機,TPE,下午6:45,晚間抵達,ICN,長榮航空,1,直達航班。,Non-stop,2 小時 30 分鐘,No,Boeing 787,1,BR 160,商務艙,20080,17967,20176.0,209864.14,91,90
2025-02-11,週二,下午3:45,下午班機,TPE,晚上7:15,晚間抵達,ICN,中華航空,2,直達航班。,Non-stop,2 小時 30 分鐘,No,Airbus A330,1,CI 162,商務艙,18179,16707,18665.5,480943.96,91,90
2025-02-11,週二,下午5:10,下午班機,TPE,晚上8:30,晚間抵達,ICN,韓亞航空,1,直達航班。,Non-stop,2 小時 20 分鐘,No,Airbus A330,1,OZ 714,商務艙,14517,13103,14099.0,2506920.31,33,90
2025-02-11,週二,中午12:25,下午班機,TPE,下午3:50,下午抵達,ICN,大韓航空,2,直達航班。,Non-stop,2 小時 25 分鐘,No,Boeing 787-10,1,KE 186,商務艙,17947,16679,17519.0,1108636.68,91,79
2025-02-11,週二,晚上7:25,晚間班機,TPE,晚上10:55,晚間抵達,ICN,大韓航空,2,直達航班。,Non-stop,2 小時 30 分鐘,No,Airbus A330,1,KE 188,商務艙,17868,16679,17520.0,1166829.17,91,89
2025-02-11,週二,清晨7:05,早晨班機,TPE,上午10:30,上午抵達,ICN,長榮航空,1,直達航班。,Non-stop,2 小時 25 分鐘,No,Airbus A321,0,BR 170,商務艙,20618,17967,20176.0,1975494.17,91,90
2025-02-11,週二,清晨7:55,早晨班機,TPE,上午11:20,上午抵達,ICN,中華航空,2,直達航班。,Non-stop,2 小時 25 分鐘,No,Airbus A330,1,CI 160,商務艙,18422,17256,18665.5,195925.35,91,90
2025-02-12,週三,下午1:40,下午班機,TPE,下午5:00,下午抵達,ICN,韓亞航空,1,直達航班。,Non-stop,2 小時 20 分鐘,No,Airbus A380,2,OZ 712,商務艙,14585,13103,14100.0,2314428.71,34,91
2025-02-12,週三,下午3:15,下午班機,TPE,下午6:45,晚間抵達,ICN,長榮航空,1,直達航班。,Non-stop,2 小時 30 分鐘,No,Boeing 787-10,1,BR 160,商務艙,20106,17967,20176.0,157706.25,91,91
2025-02-12,週三,下午3:45,下午班機,TSA,晚上7:15,晚間抵達,GMP,長榮航空,1,直達航班。,Non-stop,2 小時 30 分鐘,No,Airbus A321,0,BR 156,商務艙,20106,17967,20176.0,159438.03,91,90
2025-02-12,週三,下午3:45,下午班機,TPE,晚上7:15,晚間抵達,ICN,中華航空,2,直達航班。,Non-stop,2 小時 30 分鐘,No,Airbus A330,1,CI 162,商務艙,18195,16707,18660.0,456561.58,91,91
2025-02-12,週三,下午5:10,下午班機,TPE,晚上8:30,晚間抵達,ICN,韓亞航空,1,直達航班。,Non-stop,2 小時 20 分鐘,No,Airbus A330,1,OZ 714,商務艙,14796,13103,14100.0,2427799.31,34,91
2025-02-12,週三,中午12:25,下午班機,TPE,下午3:50,下午抵達,ICN,大韓航空,2,直達航班。,Non-stop,2 小時 25 分鐘,No,Boeing 787-10,1,KE 186,商務艙,17403,16679,17519.0,369746.86,91,91
2025-02-12,週三,晚上7:25,晚間班機,TPE,晚上10:55,晚間抵達,ICN,大韓航空,2,直達航班。,Non-stop,2 小時 30 分鐘,No,Airbus A330,1,KE 188,商務艙,17423,16679,17520.0,640877.05,91,91
2025-02-12,週三,清晨7:05,早晨班機,TPE,上午10:30,上午抵達,ICN,長榮航空,1,直達航班。,Non-stop,2 小時 25 分鐘,No,Airbus A330,1,BR 170,商務艙,20106,17967,20176.0,157706.25,91,91
2025-02-12,週三,清晨7:55,早晨班機,TPE,上午11:20,上午抵達,ICN,中華航空,2,直達航班。,Non-stop,2 小時 25 分鐘,No,Airbus A330,1,CI 160,商務艙,18436,17256,18660.0,179346.12,91,91
2025-02-13,週四,上午9:20,上午班機,TSA,中午12:45,下午抵達,GMP,中華航空,2,直達航班。,Non-stop,2 小時 25 分鐘,No,Boeing 737,0,CI 260,商務艙,19865,17808,20166.5,2696998.0,91,90
2025-02-13,週四,下午1:40,下午班機,TPE,下午5:00,下午抵達,ICN,韓亞航空,1,直達航班。,Non-stop,2 小時 20 分鐘,No,Airbus A380,2,OZ 712,商務艙,14437,13103,14099.0,1841554.38,35,91
2025-02-13,週四,下午3:15,下午班機,TPE,下午6:45,晚間抵達,ICN,長榮航空,1,直達航班。,Non-stop,2 小時 30 分鐘,No,Boeing 787-10,1,BR 160,商務艙,20131,17970,20176.0,106490.36,91,91
2025-02-13,週四,下午3:45,下午班機,TPE,晚上7:15,晚間抵達,ICN,中華航空,2,直達航班。,Non-stop,2 小時 30 分鐘,No,Airbus A330,1,CI 162,商務艙,18216,16710,18660.0,433890.26,91,91
2025-02-13,週四,下午5:10,下午班機,TPE,晚上8:30,晚間抵達,ICN,韓亞航空,1,直達航班。,Non-stop,2 小時 20 分鐘,No,Airbus A330,1,OZ 714,商務艙,14460,13103,14099.0,1826838.48,35,91
2025-02-13,週四,中午12:25,下午班機,TPE,下午3:50,下午抵達,ICN,大韓航空,2,直達航班。,Non-stop,2 小時 25 分鐘,No,Boeing 787-10,1,KE 186,商務艙,17263,16680,16686.0,716754.5,91,91
2025-02-13,週四,晚上7:25,晚間班機,TPE,晚上10:55,晚間抵達,ICN,大韓航空,2,直達航班。,Non-stop,2 小時 30 分鐘,No,Boeing 787,1,KE 188,商務艙,18928,16680,18754.0,3201488.64,91,81
2025-02-13,週四,清晨7:05,早晨班機,TPE,上午10:30,上午抵達,ICN,長榮航空,1,直達航班。,Non-stop,2 小時 25 分鐘,No,Airbus A330,1,BR 170,商務艙,20135,17970,20176.0,108769.81,91,91
2025-02-13,週四,清晨7:55,早晨班機,TPE,上午11:20,上午抵達,ICN,中華航空,2,直達航班。,Non-stop,2 小時 25 分鐘,No,Airbus A330,1,CI 160,商務艙,18451,17259,18660.0,164201.25,91,91
2025-02-14,週五,上午9:20,上午班機,TSA,中午12:50,下午抵達,GMP,長榮航空,1,直達航班。,Non-stop,2 小時 30 分鐘,No,Airbus A321,0,BR 156,商務艙,20157,17971,20177.0,54132.21,91,91
2025-02-14,週五,下午1:40,下午班機,TPE,下午5:00,下午抵達,ICN,韓亞航空,1,直達航班。,Non-stop,2 小時 20 分鐘,No,Airbus A380,2,OZ 712,商務艙,14421,13103,14099.0,1791436.56,36,91
2025-02-14,週五,下午3:15,下午班機,TPE,下午6:45,晚間抵達,ICN,長榮航空,1,直達航班。,Non-stop,2 小時 30 分鐘,No,Boeing 787,1,BR 160,商務艙,20161,17971,20177.0,57109.3,91,91
2025-02-14,週五,下午3:45,下午班機,TPE,晚上7:15,晚間抵達,ICN,中華航空,2,直達航班。,Non-stop,2 小時 30 分鐘,No,Airbus A330,1,CI 162,商務艙,18238,16711,18660.0,410390.41,91,91
2025-02-14,週五,下午5:10,下午班機,TPE,晚上8:30,晚間抵達,ICN,韓亞航空,1,直達航班。,Non-stop,2 小時 20 分鐘,No,Airbus A330,1,OZ 714,商務艙,14645,13103,14100.0,1606055.11,36,91
2025-02-14,週五,中午12:25,下午班機,TPE,下午3:50,下午抵達,ICN,大韓航空,2,直達航班。,Non-stop,2 小時 25 分鐘,No,Airbus A380,2,KE 186,商務艙,18528,16528,18752.0,2958441.05,7,88
2025-02-14,週五,晚上7:25,晚間班機,TPE,晚上10:55,晚間抵達,ICN,大韓航空,2,直達航班。,Non-stop,2 小時 30 分鐘,No,Boeing 777,1,KE 188,商務艙,18598,16680,18752.5,2651924.65,85,90
2025-02-14,週五,清晨7:05,早晨班機,TPE,上午10:30,上午抵達,ICN,長榮航空,1,直達航班。,Non-stop,2 小時 25 分鐘,No,Airbus A330,1,BR 170,商務艙,20157,17971,20177.0,54131.57,91,91
2025-02-14,週五,清晨7:55,早晨班機,TPE,上午11:20,上午抵達,ICN,中華航空,2,直達航班。,Non-stop,2 小時 25 分鐘,No,Airbus A330,1,CI 160,商務艙,18466,17260,18660.0,148656.3,91,91
2025-02-15,週六,上午9:20,上午班機,TSA,中午12:50,下午抵達,GMP,長榮航空,1,直達航班。,Non-stop,2 小時 30 分鐘,No,Airbus A321,0,BR 156,商務艙,20182,20164,20177.0,541.68,86,91
2025-02-15,週六,下午1:40,下午班機,TPE,下午5:00,下午抵達,ICN,韓亞航空,1,直達航班。,Non-stop,2 小時 20 分鐘,No,Airbus A380,2,OZ 712,商務艙,15268,13104,15146.0,1481286.15,45,91
2025-02-15,週六,下午3:15,下午班機,TPE,下午6:45,晚間抵達,ICN,長榮航空,1,直達航班。,Non-stop,2 小時 30 分鐘,No,Boeing 787-10,1,BR 160,商務艙,20182,20164,20177.0,541.6,86,91
2025-02-15,週六,下午3:45,下午班機,TPE,晚上7:15,晚間抵達,ICN,中華航空,2,直達航班。,Non-stop,2 小時 30 分鐘,No,Airbus A330,1,CI 162,商務艙,18259,16716,18660.0,386006.26,91,91
2025-02-15,週六,下午5:10,下午班機,TPE,晚上8:30,晚間抵達,ICN,韓亞航空,1,直達航班。,Non-stop,2 小時 20 分鐘,No,Airbus A330,1,OZ 714,商務艙,16681,13103,16701.0,9841912.56,37,86
2025-02-15,週六,中午12:25,下午班機,TPE,下午3:50,下午抵達,ICN,大韓航空,2,直達航班。,Non-stop,2 小時 25 分鐘,No,Boeing 787-10,1,KE 186,商務艙,18266,17515,18752.0,596035.96,86,62
2025-02-15,週六,晚上7:25,晚間班機,TPE,晚上10:55,晚間抵達,ICN,大韓航空,2,直達航班。,Non-stop,2 小時 30 分鐘,No,Boeing 777,1,KE 188,商務艙,18346,16611,17515.0,3320123.25,1,65
2025-02-15,週六,清晨7:05,早晨班機,TPE,上午10:30,上午抵達,ICN,長榮航空,1,直達航班。,Non-stop,2 小時 25 分鐘,No,Airbus A321,0,BR 170,商務艙,20233,20164,20177.0,123311.29,86,91
2025-02-15,週六,清晨7:55,早晨班機,TPE,上午11:20,上午抵達,ICN,中華航空,2,直達航班。,Non-stop,2 小時 25 分鐘,No,Airbus A330,1,CI 160,商務艙,18482,17265,18660.0,132663.82,91,91
2025-02-16,週日,上午9:20,上午班機,TSA,中午12:45,下午抵達,GMP,中華航空,2,直達航班。,Non-stop,2 小時 25 分鐘,No,Boeing 737,0,CI 260,商務艙,19591,17814,20167.0,574162.11,91,79
2025-02-16,週日,下午1:40,下午班機,TPE,下午5:00,下午抵達,ICN,韓亞航空,1,直達航班。,Non-stop,2 小時 20 分鐘,No,Airbus A380,2,OZ 712,商務艙,18577,14098,17606.0,6975454.24,87,88
2025-02-16,週日,下午3:15,下午班機,TPE,下午6:45,晚間抵達,ICN,長榮航空,1,直達航班。,Non-stop,2 小時 30 分鐘,No,Boeing 787,1,BR 160,商務艙,20209,20164,20178.0,60706.64,87,89
2025-02-16,週日,下午3:45,下午班機,TPE,晚上7:15,晚間抵達,ICN,中華航空,2,直達航班。,Non-stop,2 小時 30 分鐘,No,Airbus A330,1,CI 162,商務艙,18289,16716,18750.0,370567.15,91,89
2025-02-16,週日,下午5:10,下午班機,TPE,晚上8:30,晚間抵達,ICN,韓亞航空,1,直達航班。,Non-stop,2 小時 20 分鐘,No,Airbus A330,1,OZ 714,商務艙,19108,14098,19104.0,8105204.37,87,84
2025-02-16,週日,中午12:25,下午班機,TPE,下午3:50,下午抵達,ICN,大韓航空,2,直達航班。,Non-stop,2 小時 25 分鐘,No,Boeing 787-10,1,KE 186,商務艙,18405,16681,18581.0,1298530.8,89,89
2025-02-16,週日,清晨7:05,早晨班機,TPE,上午10:30,上午抵達,ICN,長榮航空,1,直達航班。,Non-stop,2 小時 25 分鐘,No,Airbus A330,1,BR 170,商務艙,20209,20164,20178.0,60706.64,87,89
2025-02-16,週日,清晨7:55,早晨班機,TPE,上午11:20,上午抵達,ICN,中華航空,2,直達航班。,Non-stop,2 小時 25 分鐘,No,Airbus A330,1,CI 160,商務艙,18523,17265,18660.0,151701.81,91,89
2025-02-17,週一,上午9:20,上午班機,TSA,中午12:45,下午抵達,GMP,中華航空,2,直達航班。,Non-stop,2 小時 25 分鐘,No,Boeing 737,0,CI 260,商務艙,21035,17814,20171.0,3802934.15,91,85
2025-02-17,週一,下午1:40,下午班機,TPE,下午5:00,下午抵達,ICN,韓亞航空,1,直達航班。,Non-stop,2 小時 20 分鐘,No,Airbus A380,2,OZ 712,商務艙,17959,14098,19103.0,8652736.91,88,89
2025-02-17,週一,下午3:15,下午班機,TPE,下午6:45,晚間抵達,ICN,長榮航空,1,直達航班。,Non-stop,2 小時 30 分鐘,No,Boeing 787,1,BR 160,商務艙,20210,20164,20178.0,65239.71,88,90
2025-02-17,週一,下午3:45,下午班機,TPE,晚上7:15,晚間抵達,ICN,中華航空,2,直達航班。,Non-stop,2 小時 30 分鐘,No,Airbus A330,1,CI 162,商務艙,18314,16716,18750.0,354245.35,91,90
2025-02-17,週一,下午5:10,下午班機,TPE,晚上8:30,晚間抵達,ICN,韓亞航空,1,直達航班。,Non-stop,2 小時 20 分鐘,No,Airbus A330,1,OZ 714,商務艙,15717,14098,15226.0,1910219.45,88,90
2025-02-17,週一,中午12:25,下午班機,TPE,下午3:50,下午抵達,ICN,大韓航空,2,直達航班。,Non-stop,2 小時 25 分鐘,No,Boeing 747,2,KE 186,商務艙,17920,16609,17519.5,1069839.33,2,90
2025-02-17,週一,晚上7:25,晚間班機,TPE,晚上10:55,晚間抵達,ICN,大韓航空,2,直達航班。,Non-stop,2 小時 30 分鐘,No,Boeing 777,1,KE 188,商務艙,18073,16680,17520.0,1604133.22,88,85
2025-02-17,週一,清晨7:05,早晨班機,TPE,上午10:30,上午抵達,ICN,長榮航空,1,直達航班。,Non-stop,2 小時 25 分鐘,No,Airbus A330,1,BR 170,商務艙,20184,20164,20178.0,677.37,88,90
2025-02-17,週一,清晨7:55,早晨班機,TPE,上午11:20,上午抵達,ICN,中華航空,2,直達航班。,Non-stop,2 小時 25 分鐘,No,Airbus A330,1,CI 160,商務艙,18518,17265,18660.0,111087.53,91,90
2025-02-18,週二,下午1:40,下午班機,TPE,下午5:00,下午抵達,ICN,韓亞航空,1,直達航班。,Non-stop,2 小時 20 分鐘,No,Airbus A380,2,OZ 712,商務艙,15234,13103,15144.0,3440941.94,40,90
2025-02-18,週二,下午2:30,下午班機,TSA,下午6:00,晚間抵達,GMP,長榮航空,1,直達航班。,Non-stop,2 小時 30 分鐘,No,Airbus A321,0,BR 156,商務艙,21768,20164,22826.0,2148786.88,89,85
2025-02-18,週二,下午3:15,下午班機,TPE,下午6:45,晚間抵達,ICN,長榮航空,1,直達航班。,Non-stop,2 小時 30 分鐘,No,Boeing 787,1,BR 160,商務艙,20697,20164,20178.0,2664568.86,89,90
2025-02-18,週二,下午3:45,下午班機,TPE,晚上7:15,晚間抵達,ICN,中華航空,2,直達航班。,Non-stop,2 小時 30 分鐘,No,Airbus A330,1,CI 162,商務艙,18332,17337,18705.0,308311.77,24,90
2025-02-18,週二,下午5:10,下午班機,TPE,晚上8:30,晚間抵達,ICN,韓亞航空,1,直達航班。,Non-stop,2 小時 20 分鐘,No,Airbus A330,1,OZ 714,商務艙,16765,13106,16700.0,817333.81,39,53
2025-02-18,週二,下午5:45,下午班機,TPE,晚上9:05,晚間抵達,ICN,韓亞航空,1,直達航班。,Non-stop,2 小時 20 分鐘,No,Airbus A330,1,OZ 714,商務艙,14773,13107,15145.0,1540081.77,38,37
2025-02-18,週二,中午12:25,下午班機,TPE,下午3:50,下午抵達,ICN,大韓航空,2,直達航班。,Non-stop,2 小時 25 分鐘,No,Boeing 787-10,1,KE 186,商務艙,17470,16680,17521.0,702859.49,89,90
2025-02-18,週二,晚上7:25,晚間班機,TPE,晚上10:55,晚間抵達,ICN,大韓航空,2,直達航班。,Non-stop,2 小時 30 分鐘,No,Boeing 777,1,KE 188,商務艙,17473,16609,17517.0,438009.96,3,87
2025-02-18,週二,清晨7:05,早晨班機,TPE,上午10:30,上午抵達,ICN,長榮航空,1,直達航班。,Non-stop,2 小時 25 分鐘,No,Airbus A321,0,BR 170,商務艙,21057,20164,20183.5,2334621.56,73,90
2025-02-18,週二,清晨7:55,早晨班機,TPE,上午11:20,上午抵達,ICN,中華航空,2,直達航班。,Non-stop,2 小時 25 分鐘,No,Airbus A330,1,CI 160,商務艙,18539,17909,18705.0,93078.64,24,90
2025-02-19,週三,下午1:40,下午班機,TPE,下午5:00,下午抵達,ICN,韓亞航空,1,直達航班。,Non-stop,2 小時 20 分鐘,No,Airbus A380,2,OZ 712,商務艙,14330,13103,14099.0,1540589.46,41,90
2025-02-19,週三,下午3:15,下午班機,TPE,下午6:45,晚間抵達,ICN,長榮航空,1,直達航班。,Non-stop,2 小時 30 分鐘,No,Boeing 787,1,BR 160,商務艙,20260,20164,20178.0,517305.66,90,90
2025-02-19,週三,下午3:45,下午班機,TSA,晚上7:15,晚間抵達,GMP,長榮航空,1,直達航班。,Non-stop,2 小時 30 分鐘,No,Airbus A321,0,BR 156,商務艙,20781,20164,20178.5,1681569.9,90,88
2025-02-19,週三,下午3:45,下午班機,TPE,晚上7:15,晚間抵達,ICN,中華航空,2,直達航班。,Non-stop,2 小時 30 分鐘,No,Airbus A330,1,CI 162,商務艙,18318,17337,18660.0,309159.26,25,90
2025-02-19,週三,下午5:10,下午班機,TPE,晚上8:30,晚間抵達,ICN,韓亞航空,1,直達航班。,Non-stop,2 小時 20 分鐘,No,Airbus A330,1,OZ 714,商務艙,14504,13103,14099.5,1885043.69,41,90
2025-02-19,週三,中午12:25,下午班機,TPE,下午3:50,下午抵達,ICN,大韓航空,2,直達航班。,Non-stop,2 小時 25 分鐘,No,Airbus A380,2,KE 186,商務艙,17268,16528,16683.5,932329.98,12,90
2025-02-19,週三,晚上7:25,晚間班機,TPE,晚上10:55,晚間抵達,ICN,大韓航空,2,直達航班。,Non-stop,2 小時 30 分鐘,No,Airbus A330,1,KE 188,商務艙,18083,16680,18580.5,649502.87,90,90
2025-02-19,週三,清晨7:05,早晨班機,TPE,上午10:30,上午抵達,ICN,長榮航空,1,直達航班。,Non-stop,2 小時 25 分鐘,No,Airbus A330,1,BR 170,商務艙,20185,20164,20178.0,742.3,90,90
2025-02-19,週三,清晨7:55,早晨班機,TPE,上午11:20,上午抵達,ICN,中華航空,2,直達航班。,Non-stop,2 小時 25 分鐘,No,Airbus A330,1,CI 160,商務艙,18525,17909,18660.0,82575.97,25,90
2025-02-20,週四,上午9:20,上午班機,TSA,中午12:45,下午抵達,GMP,中華航空,2,直達航班。,Non-stop,2 小時 25 分鐘,No,Boeing 737,0,CI 260,商務艙,19691,18481,20169.0,489030.66,26,87
2025-02-20,週四,下午1:40,下午班機,TPE,下午5:00,下午抵達,ICN,韓亞航空,1,直達航班。,Non-stop,2 小時 20 分鐘,No,Airbus A380,2,OZ 712,商務艙,14333,13103,14099.0,1557486.03,42,89
2025-02-20,週四,下午3:15,下午班機,TPE,下午6:45,晚間抵達,ICN,長榮航空,1,直達航班。,Non-stop,2 小時 30 分鐘,No,Boeing 787-10,1,BR 160,商務艙,20185,20164,20178.0,747.79,91,89
2025-02-20,週四,下午3:45,下午班機,TPE,晚上7:15,晚間抵達,ICN,中華航空,2,直達航班。,Non-stop,2 小時 30 分鐘,No,Airbus A330,1,CI 162,商務艙,18314,17337,18660.0,310512.74,26,89
2025-02-20,週四,下午5:10,下午班機,TPE,晚上8:30,晚間抵達,ICN,韓亞航空,1,直達航班。,Non-stop,2 小時 20 分鐘,No,Airbus A330,1,OZ 714,商務艙,14333,13103,14099.0,1557486.03,42,89
2025-02-20,週四,中午12:25,下午班機,TPE,下午3:50,下午抵達,ICN,大韓航空,2,直達航班。,Non-stop,2 小時 25 分鐘,No,Boeing 787-10,1,KE 186,商務艙,17485,16680,17521.0,676466.87,91,89
2025-02-20,週四,晚上7:25,晚間班機,TPE,晚上10:55,晚間抵達,ICN,大韓航空,2,直達航班。,Non-stop,2 小時 30 分鐘,No,Boeing 787,1,KE 188,商務艙,17808,16680,17521.0,2039499.51,91,80
2025-02-20,週四,清晨7:05,早晨班機,TPE,上午10:30,上午抵達,ICN,長榮航空,1,直達航班。,Non-stop,2 小時 25 分鐘,No,Airbus A330,1,BR 170,商務艙,20185,20164,20178.0,747.79,91,89
2025-02-20,週四,清晨7:55,早晨班機,TPE,上午11:20,上午抵達,ICN,中華航空,2,直達航班。,Non-stop,2 小時 25 分鐘,No,Airbus A330,1,CI 160,商務艙,18523,17909,18660.0,82923.12,26,89
2025-02-21,週五,上午9:20,上午班機,TSA,中午12:50,下午抵達,GMP,長榮航空,1,直達航班。,Non-stop,2 小時 30 分鐘,No,Airbus A321,0,BR 156,商務艙,20216,20164,20178.5,85274.8,76,88
2025-02-21,週五,下午1:40,下午班機,TPE,下午5:00,下午抵達,ICN,韓亞航空,1,直達航班。,Non-stop,2 小時 20 分鐘,No,Airbus A380,2,OZ 712,商務艙,14565,13103,14099.0,2790261.49,43,88
2025-02-21,週五,下午3:15,下午班機,TPE,下午6:45,晚間抵達,ICN,長榮航空,1,直達航班。,Non-stop,2 小時 30 分鐘,No,Boeing 787,1,BR 160,商務艙,21031,20164,20180.0,1647916.74,76,88
2025-02-21,週五,下午3:45,下午班機,TPE,晚上7:15,晚間抵達,ICN,中華航空,2,直達航班。,Non-stop,2 小時 30 分鐘,No,Airbus A330,1,CI 162,商務艙,18346,17337,18751.0,348694.75,27,88
2025-02-21,週五,下午5:10,下午班機,TPE,晚上8:30,晚間抵達,ICN,韓亞航空,1,直達航班。,Non-stop,2 小時 20 分鐘,No,Airbus A330,1,OZ 714,商務艙,15211,13104,15143.0,3168475.49,51,72
2025-02-21,週五,中午12:25,下午班機,TPE,下午3:50,下午抵達,ICN,大韓航空,2,直達航班。,Non-stop,2 小時 25 分鐘,No,Airbus A380,2,KE 186,商務艙,17315,16528,17436.5,507863.08,14,86
2025-02-21,週五,晚上7:25,晚間班機,TPE,晚上10:55,晚間抵達,ICN,大韓航空,2,直達航班。,Non-stop,2 小時 30 分鐘,No,Airbus A330,1,KE 188,商務艙,17721,16680,17521.0,1704718.85,77,82
2025-02-21,週五,清晨7:05,早晨班機,TPE,上午10:30,上午抵達,ICN,長榮航空,1,直達航班。,Non-stop,2 小時 25 分鐘,No,Airbus A330,1,BR 170,商務艙,20185,20164,20178.5,751.17,76,88
2025-02-21,週五,清晨7:55,早晨班機,TPE,上午11:20,上午抵達,ICN,中華航空,2,直達航班。,Non-stop,2 小時 25 分鐘,No,Airbus A330,1,CI 160,商務艙,18520,17909,18659.5,83275.29,27,88
2025-02-22,週六,上午9:20,上午班機,TSA,中午12:50,下午抵達,GMP,長榮航空,1,直達航班。,Non-stop,2 小時 30 分鐘,No,Airbus A321,0,BR 156,商務艙,20560,20164,20179.0,2569126.46,77,86
2025-02-22,週六,下午1:40,下午班機,TPE,下午5:00,下午抵達,ICN,韓亞航空,1,直達航班。,Non-stop,2 小時 20 分鐘,No,Airbus A380,2,OZ 712,商務艙,17213,14098,17604.5,6160158.17,78,86
2025-02-22,週六,下午3:15,下午班機,TPE,下午6:45,晚間抵達,ICN,長榮航空,1,直達航班。,Non-stop,2 小時 30 分鐘,No,Boeing 787-10,1,BR 160,商務艙,20196,20164,20179.0,6434.48,77,86
2025-02-22,週六,下午3:45,下午班機,TPE,晚上7:15,晚間抵達,ICN,中華航空,2,直達航班。,Non-stop,2 小時 30 分鐘,No,Airbus A330,1,CI 162,商務艙,18334,17337,18750.5,350548.06,28,86
2025-02-22,週六,下午5:10,下午班機,TPE,晚上8:30,晚間抵達,ICN,韓亞航空,1,直達航班。,Non-stop,2 小時 20 分鐘,No,Airbus A330,1,OZ 714,商務艙,17056,13104,16701.5,13004090.18,52,68
2025-02-22,週六,中午12:25,下午班機,TPE,下午3:50,下午抵達,ICN,大韓航空,2,直達航班。,Non-stop,2 小時 25 分鐘,No,Boeing 787-10,1,KE 186,商務艙,19154,17515,18755.0,3537653.36,78,71
2025-02-22,週六,晚上7:25,晚間班機,TPE,晚上10:55,晚間抵達,ICN,大韓航空,2,直達航班。,Non-stop,2 小時 30 分鐘,No,Boeing 787-10,1,KE 188,商務艙,19292,17435,18755.0,1637868.94,7,85
2025-02-22,週六,清晨7:05,早晨班機,TPE,上午10:30,上午抵達,ICN,長榮航空,1,直達航班。,Non-stop,2 小時 25 分鐘,No,Airbus A321,0,BR 170,商務艙,20755,20164,20179.0,1043853.1,77,86
2025-02-22,週六,清晨7:55,早晨班機,TPE,上午11:20,上午抵達,ICN,中華航空,2,直達航班。,Non-stop,2 小時 25 分鐘,No,Airbus A330,1,CI 160,商務艙,18537,17909,18660.0,112209.46,28,86
2025-02-23,週日,上午9:20,上午班機,TSA,中午12:45,下午抵達,GMP,中華航空,2,直達航班。,Non-stop,2 小時 25 分鐘,No,Boeing 737,0,CI 260,商務艙,19710,18481,20170.0,491078.5,29,79
2025-02-23,週日,下午1:40,下午班機,TPE,下午5:00,下午抵達,ICN,韓亞航空,1,直達航班。,Non-stop,2 小時 20 分鐘,No,Airbus A380,2,OZ 712,商務艙,16920,13104,16703.0,10244034.3,53,82
2025-02-23,週日,下午3:15,下午班機,TPE,下午6:45,晚間抵達,ICN,長榮航空,1,直達航班。,Non-stop,2 小時 30 分鐘,No,Boeing 787,1,BR 160,商務艙,20995,20164,20179.0,2832454.44,78,79
2025-02-23,週日,下午3:45,下午班機,TPE,晚上7:15,晚間抵達,ICN,中華航空,2,直達航班。,Non-stop,2 小時 30 分鐘,No,Airbus A330,1,CI 162,商務艙,18354,17337,18751.0,352578.05,29,84
2025-02-23,週日,下午5:10,下午班機,TPE,晚上8:30,晚間抵達,ICN,韓亞航空,1,直達航班。,Non-stop,2 小時 20 分鐘,No,Airbus A330,1,OZ 714,商務艙,19139,14100,17600.0,7912423.4,91,69
2025-02-23,週日,中午12:25,下午班機,TPE,下午3:50,下午抵達,ICN,大韓航空,2,直達航班。,Non-stop,2 小時 25 分鐘,No,Boeing 787-10,1,KE 186,商務艙,18743,16681,18755.5,2534347.44,88,66
2025-02-23,週日,晚上7:25,晚間班機,TPE,晚上10:55,晚間抵達,ICN,大韓航空,2,直達航班。,Non-stop,2 小時 30 分鐘,No,Airbus A330,1,KE 188,商務艙,19473,17515,18755.5,2529531.35,77,62
2025-02-23,週日,清晨7:05,早晨班機,TPE,上午10:30,上午抵達,ICN,長榮航空,1,直達航班。,Non-stop,2 小時 25 分鐘,No,Airbus A330,1,BR 170,商務艙,20214,20164,20179.0,65110.87,78,84
2025-02-23,週日,清晨7:55,早晨班機,TPE,上午11:20,上午抵達,ICN,中華航空,2,直達航班。,Non-stop,2 小時 25 分鐘,No,Airbus A330,1,CI 160,商務艙,18530,17909,18659.5,96062.75,29,84
2025-02-24,週一,上午9:20,上午班機,TSA,中午12:45,下午抵達,GMP,中華航空,2,直達航班。,Non-stop,2 小時 25 分鐘,No,Boeing 737,0,CI 260,商務艙,21198,18847,20183.5,4752618.49,74,80
2025-02-24,週一,下午1:40,下午班機,TPE,下午5:00,下午抵達,ICN,韓亞航空,1,直達航班。,Non-stop,2 小時 20 分鐘,No,Airbus A380,2,OZ 712,商務艙,17933,13104,17598.0,12767896.99,54,84
2025-02-24,週一,下午3:15,下午班機,TPE,下午6:45,晚間抵達,ICN,長榮航空,1,直達航班。,Non-stop,2 小時 30 分鐘,No,Boeing 787,1,BR 160,商務艙,20186,20164,20179.0,775.43,79,84
2025-02-24,週一,下午3:45,下午班機,TPE,晚上7:15,晚間抵達,ICN,中華航空,2,直達航班。,Non-stop,2 小時 30 分鐘,No,Airbus A330,1,CI 162,商務艙,18373,17337,18752.0,383688.21,30,84
2025-02-24,週一,下午5:10,下午班機,TPE,晚上8:30,晚間抵達,ICN,韓亞航空,1,直達航班。,Non-stop,2 小時 20 分鐘,No,Airbus A330,1,OZ 714,商務艙,17594,14098,16703.0,9298991.18,80,79
2025-02-24,週一,中午12:25,下午班機,TPE,下午3:50,下午抵達,ICN,大韓航空,2,直達航班。,Non-stop,2 小時 25 分鐘,No,Boeing 747,2,KE 186,商務艙,19048,16681,18756.0,3052815.42,89,76
2025-02-24,週一,晚上7:25,晚間班機,TPE,晚上10:55,晚間抵達,ICN,大韓航空,2,直達航班。,Non-stop,2 小時 30 分鐘,No,Boeing 737,0,KE 188,商務艙,18496,16680,18756.0,2519809.28,80,53
2025-02-24,週一,清晨7:05,早晨班機,TPE,上午10:30,上午抵達,ICN,長榮航空,1,直達航班。,Non-stop,2 小時 25 分鐘,No,Airbus A330,1,BR 170,商務艙,20186,20164,20179.0,775.43,79,84
2025-02-24,週一,清晨7:55,早晨班機,TPE,上午11:20,上午抵達,ICN,中華航空,2,直達航班。,Non-stop,2 小時 25 分鐘,No,Airbus A330,1,CI 160,商務艙,18533,17909,18659.0,107884.15,30,84
2025-02-25,週二,下午1:40,下午班機,TPE,下午5:00,下午抵達,ICN,韓亞航空,1,直達航班。,Non-stop,2 小時 20 分鐘,No,Airbus A380,2,OZ 712,商務艙,15028,13103,14101.0,3127733.43,47,84
2025-02-25,週二,下午2:30,下午班機,TSA,下午6:00,晚間抵達,GMP,長榮航空,1,直達航班。,Non-stop,2 小時 30 分鐘,No,Airbus A321,0,BR 156,商務艙,20463,20164,20179.0,704041.74,80,77
2025-02-25,週二,下午3:15,下午班機,TPE,下午6:45,晚間抵達,ICN,長榮航空,1,直達航班。,Non-stop,2 小時 30 分鐘,No,Boeing 787-10,1,BR 160,商務艙,20191,20164,20179.0,3690.36,80,84
2025-02-25,週二,下午3:45,下午班機,TPE,晚上7:15,晚間抵達,ICN,中華航空,2,直達航班。,Non-stop,2 小時 30 分鐘,No,Airbus A330,1,CI 162,商務艙,18299,17337,18659.5,329782.35,31,84
2025-02-25,週二,下午5:10,下午班機,TPE,晚上8:30,晚間抵達,ICN,韓亞航空,1,直達航班。,Non-stop,2 小時 20 分鐘,No,Airbus A330,1,OZ 714,商務艙,17509,14098,16706.0,6697023.27,81,84
2025-02-25,週二,中午12:25,下午班機,TPE,下午3:50,下午抵達,ICN,大韓航空,2,直達航班。,Non-stop,2 小時 25 分鐘,No,Airbus A330,1,KE 186,商務艙,18113,17515,17521.0,1235621.51,81,49
2025-02-25,週二,晚上7:25,晚間班機,TPE,晚上10:55,晚間抵達,ICN,大韓航空,2,直達航班。,Non-stop,2 小時 30 分鐘,No,Airbus A330,1,KE 188,商務艙,18720,16680,18756.0,1812585.61,81,77
2025-02-25,週二,清晨7:05,早晨班機,TPE,上午10:30,上午抵達,ICN,長榮航空,1,直達航班。,Non-stop,2 小時 25 分鐘,No,Airbus A321,0,BR 170,商務艙,20902,20164,20179.0,1942273.76,80,84
2025-02-25,週二,清晨7:55,早晨班機,TPE,上午11:20,上午抵達,ICN,中華航空,2,直達航班。,Non-stop,2 小時 25 分鐘,No,Airbus A330,1,CI 160,商務艙,18528,17909,18658.5,108117.41,31,84
2025-02-26,週三,下午1:40,下午班機,TPE,下午5:00,下午抵達,ICN,韓亞航空,1,直達航班。,Non-stop,2 小時 20 分鐘,No,Airbus A380,2,OZ 712,商務艙,15141,13103,15144.0,2690934.22,48,83
2025-02-26,週三,下午3:15,下午班機,TPE,下午6:45,晚間抵達,ICN,長榮航空,1,直達航班。,Non-stop,2 小時 30 分鐘,No,Boeing 787,1,BR 160,商務艙,20186,20164,20179.0,780.65,81,83
2025-02-26,週三,下午3:45,下午班機,TSA,晚上7:15,晚間抵達,GMP,長榮航空,1,直達航班。,Non-stop,2 小時 30 分鐘,No,Airbus A321,0,BR 156,商務艙,21425,20164,20263.5,1771315.07,81,64
2025-02-26,週三,下午3:45,下午班機,TPE,晚上7:15,晚間抵達,ICN,中華航空,2,直達航班。,Non-stop,2 小時 30 分鐘,No,Airbus A330,1,CI 162,商務艙,18284,17337,18658.0,320239.62,32,83
2025-02-26,週三,下午5:10,下午班機,TPE,晚上8:30,晚間抵達,ICN,韓亞航空,1,直達航班。,Non-stop,2 小時 20 分鐘,No,Airbus A330,1,OZ 714,商務艙,16103,13104,15957.0,3581409.98,56,83
2025-02-26,週三,中午12:25,下午班機,TPE,下午3:50,下午抵達,ICN,大韓航空,2,直達航班。,Non-stop,2 小時 25 分鐘,No,Boeing 777,1,KE 186,商務艙,18579,16681,18754.0,1857539.34,91,83
2025-02-26,週三,晚上7:25,晚間班機,TPE,晚上10:55,晚間抵達,ICN,大韓航空,2,直達航班。,Non-stop,2 小時 30 分鐘,No,Airbus A330,1,KE 188,商務艙,17988,16681,17523.0,1112301.83,91,83
2025-02-26,週三,清晨7:05,早晨班機,TPE,上午10:30,上午抵達,ICN,長榮航空,1,直達航班。,Non-stop,2 小時 25 分鐘,No,Airbus A330,1,BR 170,商務艙,20186,20164,20179.0,780.65,81,83
2025-02-26,週三,清晨7:55,早晨班機,TPE,上午11:20,上午抵達,ICN,中華航空,2,直達航班。,Non-stop,2 小時 25 分鐘,No,Airbus A330,1,CI 160,商務艙,18516,17909,18658.0,96988.59,32,83
2025-02-27,週四,下午1:40,下午班機,TPE,下午5:00,下午抵達,ICN,韓亞航空,1,直達航班。,Non-stop,2 小時 20 分鐘,No,Airbus A380,2,OZ 712,商務艙,16886,13104,16704.5,4061210.13,57,82
2025-02-27,週四,下午3:15,下午班機,TPE,下午6:45,晚間抵達,ICN,長榮航空,1,直達航班。,Non-stop,2 小時 30 分鐘,No,Boeing 787,1,BR 160,商務艙,22265,20174,21959.0,1993304.05,68,82
2025-02-27,週四,下午3:45,下午班機,TPE,晚上7:15,晚間抵達,ICN,中華航空,2,直達航班。,Non-stop,2 小時 30 分鐘,No,Airbus A330,1,CI 162,商務艙,18689,17684,18752.0,21384.74,68,82
2025-02-27,週四,下午5:10,下午班機,TPE,晚上8:30,晚間抵達,ICN,韓亞航空,1,直達航班。,Non-stop,2 小時 20 分鐘,No,Airbus A330,1,OZ 714,商務艙,15497,13103,15144.5,3729678.77,49,80
2025-02-27,週四,中午12:25,下午班機,TPE,下午3:50,下午抵達,ICN,大韓航空,2,直達航班。,Non-stop,2 小時 25 分鐘,No,Boeing 777,1,KE 186,商務艙,17953,16680,17521.0,2276247.62,83,82
2025-02-27,週四,晚上7:25,晚間班機,TPE,晚上10:55,晚間抵達,ICN,大韓航空,2,直達航班。,Non-stop,2 小時 30 分鐘,No,Boeing 787,1,KE 188,商務艙,18360,16680,18580.0,2014598.68,83,77
2025-02-27,週四,清晨7:05,早晨班機,TPE,上午10:30,上午抵達,ICN,長榮航空,1,直達航班。,Non-stop,2 小時 25 分鐘,No,Airbus A330,1,BR 170,商務艙,22467,20174,21964.0,1063156.62,68,82
2025-02-27,週四,清晨7:55,早晨班機,TPE,上午11:20,上午抵達,ICN,中華航空,2,直達航班。,Non-stop,2 小時 25 分鐘,No,Airbus A330,1,CI 160,商務艙,18984,18269,18755.0,1335455.72,68,82
2025-02-28,週五,上午9:20,上午班機,TSA,中午12:50,下午抵達,GMP,長榮航空,1,直達航班。,Non-stop,2 小時 30 分鐘,No,Airbus A321,0,BR 156,商務艙,24505,20169,24634.0,374781.58,76,69
2025-02-28,週五,下午1:40,下午班機,TPE,下午5:00,下午抵達,ICN,韓亞航空,1,直達航班。,Non-stop,2 小時 20 分鐘,No,Airbus A380,2,OZ 712,商務艙,15706,13103,15955.5,3280447.99,50,80
2025-02-28,週五,下午3:15,下午班機,TPE,下午6:45,晚間抵達,ICN,長榮航空,1,直達航班。,Non-stop,2 小時 30 分鐘,No,Boeing 787,1,BR 160,商務艙,21992,20169,21959.0,364623.1,76,81
2025-02-28,週五,下午3:45,下午班機,TPE,晚上7:15,晚間抵達,ICN,中華航空,2,直達航班。,Non-stop,2 小時 30 分鐘,No,Airbus A330,1,CI 162,商務艙,18662,17679,18752.0,46064.42,76,81
2025-02-28,週五,下午5:10,下午班機,TPE,晚上8:30,晚間抵達,ICN,韓亞航空,1,直達航班。,Non-stop,2 小時 20 分鐘,No,Airbus A330,1,OZ 714,商務艙,15106,13103,15145.0,3142098.83,36,80
2025-02-28,週五,中午12:25,下午班機,TPE,下午3:50,下午抵達,ICN,大韓航空,2,直達航班。,Non-stop,2 小時 25 分鐘,No,Boeing 787-10,1,KE 186,商務艙,17677,16680,17523.0,1153582.2,84,81
2025-02-28,週五,晚上7:25,晚間班機,TPE,晚上10:55,晚間抵達,ICN,大韓航空,2,直達航班。,Non-stop,2 小時 30 分鐘,No,Boeing 777,1,KE 188,商務艙,17313,16680,17357.0,677866.48,84,77
2025-02-28,週五,清晨7:05,早晨班機,TPE,上午10:30,上午抵達,ICN,長榮航空,1,直達航班。,Non-stop,2 小時 25 分鐘,No,Airbus A330,1,BR 170,商務艙,22342,20169,21963.0,1073242.69,76,81
2025-02-28,週五,清晨7:55,早晨班機,TPE,上午11:20,上午抵達,ICN,中華航空,2,直達航班。,Non-stop,2 小時 25 分鐘,No,Airbus A330,1,CI 160,商務艙,20290,18264,18757.0,5863981.09,76,81
2025-03-01,週六,上午9:20,上午班機,TSA,中午12:50,下午抵達,GMP,長榮航空,1,直達航班。,Non-stop,2 小時 30 分鐘,No,Airbus A321,0,BR 156,商務艙,21549,20164,20184.0,3622594.95,84,80
2025-03-01,週六,下午1:40,下午班機,TPE,下午5:00,下午抵達,ICN,韓亞航空,1,直達航班。,Non-stop,2 小時 20 分鐘,No,Airbus A380,2,OZ 712,商務艙,14802,13103,15143.0,1708872.07,51,80
2025-03-01,週六,下午3:15,下午班機,TPE,下午6:45,晚間抵達,ICN,長榮航空,1,直達航班。,Non-stop,2 小時 30 分鐘,No,Boeing 787-10,1,BR 160,商務艙,20187,20164,20179.0,795.37,84,80
2025-03-01,週六,下午3:45,下午班機,TPE,晚上7:15,晚間抵達,ICN,中華航空,2,直達航班。,Non-stop,2 小時 30 分鐘,No,Airbus A330,1,CI 162,商務艙,18395,17337,18907.0,450592.71,35,80
2025-03-01,週六,下午5:10,下午班機,TPE,晚上8:30,晚間抵達,ICN,韓亞航空,1,直達航班。,Non-stop,2 小時 20 分鐘,No,Airbus A330,1,OZ 714,商務艙,19031,16698,16706.0,6778890.16,85,80
2025-03-01,週六,中午12:25,下午班機,TPE,下午3:50,下午抵達,ICN,大韓航空,2,直達航班。,Non-stop,2 小時 25 分鐘,No,Boeing 787-10,1,KE 186,商務艙,19767,17515,18757.5,2960569.2,85,80
2025-03-01,週六,晚上7:25,晚間班機,TPE,晚上10:55,晚間抵達,ICN,大韓航空,2,直達航班。,Non-stop,2 小時 30 分鐘,No,Airbus A330,1,KE 188,商務艙,18643,17521,18754.0,301305.9,38,67
2025-03-01,週六,清晨7:05,早晨班機,TPE,上午10:30,上午抵達,ICN,長榮航空,1,直達航班。,Non-stop,2 小時 25 分鐘,No,Airbus A330,1,BR 170,商務艙,22740,22496,22511.0,968853.54,84,80
2025-03-01,週六,清晨7:55,早晨班機,TPE,上午11:20,上午抵達,ICN,中華航空,2,直達航班。,Non-stop,2 小時 25 分鐘,No,Airbus A330,1,CI 160,商務艙,19006,17909,19537.0,483743.54,35,80
2025-03-02,週日,上午9:20,上午班機,TSA,中午12:45,下午抵達,GMP,中華航空,2,直達航班。,Non-stop,2 小時 25 分鐘,No,Boeing 737,0,CI 260,商務艙,21840,18481,22818.0,2238134.07,33,67
2025-03-02,週日,下午1:40,下午班機,TPE,下午5:00,下午抵達,ICN,韓亞航空,1,直達航班。,Non-stop,2 小時 20 分鐘,No,Airbus A380,2,OZ 712,商務艙,17320,15145,16704.0,1544104.12,21,73
2025-03-02,週日,下午3:15,下午班機,TPE,下午6:45,晚間抵達,ICN,長榮航空,1,直達航班。,Non-stop,2 小時 30 分鐘,No,Boeing 787,1,BR 160,商務艙,20532,20164,20179.0,1582651.34,85,71
2025-03-02,週日,下午3:45,下午班機,TPE,晚上7:15,晚間抵達,ICN,中華航空,2,直達航班。,Non-stop,2 小時 30 分鐘,No,Airbus A330,1,CI 162,商務艙,18446,17337,18909.0,413327.82,33,73
2025-03-02,週日,下午5:10,下午班機,TPE,晚上8:30,晚間抵達,ICN,韓亞航空,1,直達航班。,Non-stop,2 小時 20 分鐘,No,Airbus A330,1,OZ 714,商務艙,18419,15958,17606.0,1663267.56,43,68
2025-03-02,週日,中午12:25,下午班機,TPE,下午3:50,下午抵達,ICN,大韓航空,2,直達航班。,Non-stop,2 小時 25 分鐘,No,Boeing 777,1,KE 186,商務艙,18543,16686,18578.5,1680148.58,39,72
2025-03-02,週日,清晨7:05,早晨班機,TPE,上午10:30,上午抵達,ICN,長榮航空,1,直達航班。,Non-stop,2 小時 25 分鐘,No,Airbus A330,1,BR 170,商務艙,20236,20164,20179.0,56080.84,85,73
2025-03-02,週日,清晨7:55,早晨班機,TPE,上午11:20,上午抵達,ICN,中華航空,2,直達航班。,Non-stop,2 小時 25 分鐘,No,Airbus A330,1,CI 160,商務艙,19050,17909,19539.0,443364.62,33,73
2025-03-03,週一,上午9:20,上午班機,TSA,中午12:45,下午抵達,GMP,中華航空,2,直達航班。,Non-stop,2 小時 25 分鐘,No,Boeing 737,0,CI 260,商務艙,22974,20183,22824.0,3268303.77,52,67
2025-03-03,週一,下午1:40,下午班機,TPE,下午5:00,下午抵達,ICN,韓亞航空,1,直達航班。,Non-stop,2 小時 20 分鐘,No,Airbus A380,2,OZ 712,商務艙,19258,15957,19104.0,6051209.06,41,59
2025-03-03,週一,下午3:15,下午班機,TPE,下午6:45,晚間抵達,ICN,長榮航空,1,直達航班。,Non-stop,2 小時 30 分鐘,No,Boeing 787-10,1,BR 160,商務艙,21740,20164,20179.0,6114795.18,86,57
2025-03-03,週一,下午3:45,下午班機,TPE,晚上7:15,晚間抵達,ICN,中華航空,2,直達航班。,Non-stop,2 小時 30 分鐘,No,Airbus A330,1,CI 162,商務艙,18309,17337,18903.0,426778.87,37,55
2025-03-03,週一,下午5:10,下午班機,TPE,晚上8:30,晚間抵達,ICN,韓亞航空,1,直達航班。,Non-stop,2 小時 20 分鐘,No,Airbus A330,1,OZ 714,商務艙,21503,17598,22103.0,2219699.06,85,55
2025-03-03,週一,中午12:25,下午班機,TPE,下午3:50,下午抵達,ICN,大韓航空,2,直達航班。,Non-stop,2 小時 25 分鐘,No,Boeing 787-10,1,KE 186,商務艙,20112,17515,18754.0,2646013.72,85,41
2025-03-03,週一,清晨7:05,早晨班機,TPE,上午10:30,上午抵達,ICN,長榮航空,1,直達航班。,Non-stop,2 小時 25 分鐘,No,Airbus A330,1,BR 170,商務艙,23560,20164,22511.0,5070744.13,85,67
2025-03-03,週一,清晨7:55,早晨班機,TPE,上午11:20,上午抵達,ICN,中華航空,2,直達航班。,Non-stop,2 小時 25 分鐘,No,Airbus A330,1,CI 160,商務艙,21838,18264,22385.0,1544797.74,79,68
2025-03-04,週二,下午1:40,下午班機,TPE,下午5:00,下午抵達,ICN,韓亞航空,1,直達航班。,Non-stop,2 小時 20 分鐘,No,Airbus A380,2,OZ 712,商務艙,15017,13103,14100.0,5370484.37,54,72
2025-03-04,週二,下午2:30,下午班機,TSA,下午6:00,晚間抵達,GMP,長榮航空,1,直達航班。,Non-stop,2 小時 30 分鐘,No,Airbus A321,0,BR 156,商務艙,20359,20164,20182.0,448865.72,87,63
2025-03-04,週二,下午3:15,下午班機,TPE,下午6:45,晚間抵達,ICN,長榮航空,1,直達航班。,Non-stop,2 小時 30 分鐘,No,Boeing 787,1,BR 160,商務艙,20212,20164,20179.0,14152.45,87,71
2025-03-04,週二,下午3:45,下午班機,TPE,晚上7:15,晚間抵達,ICN,中華航空,2,直達航班。,Non-stop,2 小時 30 分鐘,No,Airbus A330,1,CI 162,商務艙,18278,17337,18619.5,314796.45,37,72
2025-03-04,週二,下午5:10,下午班機,TPE,晚上8:30,晚間抵達,ICN,韓亞航空,1,直達航班。,Non-stop,2 小時 20 分鐘,No,Airbus A330,1,OZ 714,商務艙,18055,14098,16707.0,9249775.71,88,70
2025-03-04,週二,中午12:25,下午班機,TPE,下午3:50,下午抵達,ICN,大韓航空,2,直達航班。,Non-stop,2 小時 25 分鐘,No,Boeing 777,1,KE 186,商務艙,18694,16680,18755.0,1818890.94,88,71
2025-03-04,週二,晚上7:25,晚間班機,TPE,晚上10:55,晚間抵達,ICN,大韓航空,2,直達航班。,Non-stop,2 小時 30 分鐘,No,Airbus A330,1,KE 188,商務艙,19521,17515,18758.0,2542180.02,88,66
2025-03-04,週二,清晨7:05,早晨班機,TPE,上午10:30,上午抵達,ICN,長榮航空,1,直達航班。,Non-stop,2 小時 25 分鐘,No,Airbus A321,0,BR 170,商務艙,20444,20164,20181.0,985031.54,87,72
2025-03-04,週二,清晨7:55,早晨班機,TPE,上午11:20,上午抵達,ICN,中華航空,2,直達航班。,Non-stop,2 小時 25 分鐘,No,Airbus A330,1,CI 160,商務艙,18587,17909,18619.5,323962.99,37,72
2025-03-05,週三,下午1:40,下午班機,TPE,下午5:00,下午抵達,ICN,韓亞航空,1,直達航班。,Non-stop,2 小時 20 分鐘,No,Airbus A380,2,OZ 712,商務艙,14971,13103,15148.5,2613874.68,55,72
2025-03-05,週三,下午3:15,下午班機,TPE,下午6:45,晚間抵達,ICN,長榮航空,1,直達航班。,Non-stop,2 小時 30 分鐘,No,Boeing 787,1,BR 160,商務艙,20212,20164,20181.0,13948.05,88,72
2025-03-05,週三,下午3:45,下午班機,TSA,晚上7:15,晚間抵達,GMP,長榮航空,1,直達航班。,Non-stop,2 小時 30 分鐘,No,Airbus A321,0,BR 156,商務艙,20189,20164,20181.0,898.72,88,68
2025-03-05,週三,下午3:45,下午班機,TPE,晚上7:15,晚間抵達,ICN,中華航空,2,直達航班。,Non-stop,2 小時 30 分鐘,No,Airbus A330,1,CI 162,商務艙,18249,17337,18580.5,313238.87,37,72
2025-03-05,週三,下午5:10,下午班機,TPE,晚上8:30,晚間抵達,ICN,韓亞航空,1,直達航班。,Non-stop,2 小時 20 分鐘,No,Airbus A330,1,OZ 714,商務艙,14430,13103,14099.0,1846374.21,55,72
2025-03-05,週三,中午12:25,下午班機,TPE,下午3:50,下午抵達,ICN,大韓航空,2,直達航班。,Non-stop,2 小時 25 分鐘,No,Boeing 777,1,KE 186,商務艙,18159,16609,18659.5,537314.92,18,72
2025-03-05,週三,晚上7:25,晚間班機,TPE,晚上10:55,晚間抵達,ICN,大韓航空,2,直達航班。,Non-stop,2 小時 30 分鐘,No,Airbus A330,1,KE 188,商務艙,17029,16609,16687.5,808945.68,18,74
2025-03-05,週三,清晨7:05,早晨班機,TPE,上午10:30,上午抵達,ICN,長榮航空,1,直達航班。,Non-stop,2 小時 25 分鐘,No,Airbus A330,1,BR 170,商務艙,22636,20169,22511.0,1427300.49,79,72
2025-03-05,週三,清晨7:55,早晨班機,TPE,上午11:20,上午抵達,ICN,中華航空,2,直達航班。,Non-stop,2 小時 25 分鐘,No,Airbus A330,1,CI 160,商務艙,19134,17909,19548.0,639112.81,37,62
2025-03-06,週四,上午9:20,上午班機,TSA,中午12:45,下午抵達,GMP,中華航空,2,直達航班。,Non-stop,2 小時 25 分鐘,No,Boeing 737,0,CI 260,商務艙,19595,18481,20166.0,522483.19,40,74
2025-03-06,週四,下午1:40,下午班機,TPE,下午5:00,下午抵達,ICN,韓亞航空,1,直達航班。,Non-stop,2 小時 20 分鐘,No,Airbus A380,2,OZ 712,商務艙,14429,13103,14099.0,2140025.37,56,75
2025-03-06,週四,下午3:15,下午班機,TPE,下午6:45,晚間抵達,ICN,長榮航空,1,直達航班。,Non-stop,2 小時 30 分鐘,No,Boeing 787-10,1,BR 160,商務艙,20188,20164,20179.0,826.29,89,75
2025-03-06,週四,下午3:45,下午班機,TPE,晚上7:15,晚間抵達,ICN,中華航空,2,直達航班。,Non-stop,2 小時 30 分鐘,No,Airbus A330,1,CI 162,商務艙,18232,17337,18580.0,326181.33,40,75
2025-03-06,週四,下午5:10,下午班機,TPE,晚上8:30,晚間抵達,ICN,韓亞航空,1,直達航班。,Non-stop,2 小時 20 分鐘,No,Airbus A330,1,OZ 714,商務艙,14581,13103,14100.0,1845835.75,56,75
2025-03-06,週四,中午12:25,下午班機,TPE,下午3:50,下午抵達,ICN,大韓航空,2,直達航班。,Non-stop,2 小時 25 分鐘,No,Boeing 777,1,KE 186,商務艙,16830,16609,16686.0,120452.94,19,75
2025-03-06,週四,晚上7:25,晚間班機,TPE,晚上10:55,晚間抵達,ICN,大韓航空,2,直達航班。,Non-stop,2 小時 30 分鐘,No,Boeing 787,1,KE 188,商務艙,17505,16680,17521.0,1159515.78,90,75
2025-03-06,週四,清晨7:05,早晨班機,TPE,上午10:30,上午抵達,ICN,長榮航空,1,直達航班。,Non-stop,2 小時 25 分鐘,No,Airbus A330,1,BR 170,商務艙,20188,20164,20179.0,826.29,89,75
2025-03-06,週四,清晨7:55,早晨班機,TPE,上午11:20,上午抵達,ICN,中華航空,2,直達航班。,Non-stop,2 小時 25 分鐘,No,Airbus A330,1,CI 160,商務艙,18480,17909,18580.0,86836.51,40,75
2025-03-07,週五,上午9:20,上午班機,TSA,中午12:50,下午抵達,GMP,長榮航空,1,直達航班。,Non-stop,2 小時 30 分鐘,No,Airbus A321,0,BR 156,商務艙,20189,20164,20180.0,833.46,90,74
2025-03-07,週五,下午1:40,下午班機,TPE,下午5:00,下午抵達,ICN,韓亞航空,1,直達航班。,Non-stop,2 小時 20 分鐘,No,Airbus A380,2,OZ 712,商務艙,14380,13103,14098.5,1864068.76,57,74
2025-03-07,週五,下午3:15,下午班機,TPE,下午6:45,晚間抵達,ICN,長榮航空,1,直達航班。,Non-stop,2 小時 30 分鐘,No,Boeing 787,1,BR 160,商務艙,20189,20164,20180.0,833.46,90,74
2025-03-07,週五,下午3:45,下午班機,TPE,晚上7:15,晚間抵達,ICN,中華航空,2,直達航班。,Non-stop,2 小時 30 分鐘,No,Airbus A330,1,CI 162,商務艙,18225,17337,18579.5,326878.63,41,74
2025-03-07,週五,下午5:10,下午班機,TPE,晚上8:30,晚間抵達,ICN,韓亞航空,1,直達航班。,Non-stop,2 小時 20 分鐘,No,Airbus A330,1,OZ 714,商務艙,14380,13103,14098.5,1864068.76,57,74
2025-03-07,週五,中午12:25,下午班機,TPE,下午3:50,下午抵達,ICN,大韓航空,2,直達航班。,Non-stop,2 小時 25 分鐘,No,Boeing 777,1,KE 186,商務艙,16659,16528,16685.0,2868.98,28,74
2025-03-07,週五,晚上7:25,晚間班機,TPE,晚上10:55,晚間抵達,ICN,大韓航空,2,直達航班。,Non-stop,2 小時 30 分鐘,No,Airbus A330,1,KE 188,商務艙,16659,16528,16685.0,2868.98,28,74
2025-03-07,週五,清晨7:05,早晨班機,TPE,上午10:30,上午抵達,ICN,長榮航空,1,直達航班。,Non-stop,2 小時 25 分鐘,No,Airbus A330,1,BR 170,商務艙,20189,20164,20180.0,833.46,90,74
2025-03-07,週五,清晨7:55,早晨班機,TPE,上午11:20,上午抵達,ICN,中華航空,2,直達航班。,Non-stop,2 小時 25 分鐘,No,Airbus A330,1,CI 160,商務艙,18476,17909,18579.5,86990.4,41,74
2025-03-08,週六,上午9:20,上午班機,TSA,中午12:50,下午抵達,GMP,長榮航空,1,直達航班。,Non-stop,2 小時 30 分鐘,No,Airbus A321,0,BR 156,商務艙,20189,20164,20181.0,845.88,91,72
2025-03-08,週六,下午1:40,下午班機,TPE,下午5:00,下午抵達,ICN,韓亞航空,1,直達航班。,Non-stop,2 小時 20 分鐘,No,Airbus A380,2,OZ 712,商務艙,14397,13103,14098.5,1953447.86,58,72
2025-03-08,週六,下午3:15,下午班機,TPE,下午6:45,晚間抵達,ICN,長榮航空,1,直達航班。,Non-stop,2 小時 30 分鐘,No,Boeing 787,1,BR 160,商務艙,20189,20164,20181.0,845.88,91,72
2025-03-08,週六,下午3:45,下午班機,TPE,晚上7:15,晚間抵達,ICN,中華航空,2,直達航班。,Non-stop,2 小時 30 分鐘,No,Airbus A330,1,CI 162,商務艙,18210,17337,18578.5,328144.55,42,72
2025-03-08,週六,下午5:10,下午班機,TPE,晚上8:30,晚間抵達,ICN,韓亞航空,1,直達航班。,Non-stop,2 小時 20 分鐘,No,Airbus A330,1,OZ 714,商務艙,15399,13104,15147.0,1276949.92,66,72
2025-03-08,週六,中午12:25,下午班機,TPE,下午3:50,下午抵達,ICN,大韓航空,2,直達航班。,Non-stop,2 小時 25 分鐘,No,Boeing 777,1,KE 186,商務艙,16670,16528,16685.0,11278.16,29,72
2025-03-08,週六,晚上7:25,晚間班機,TPE,晚上10:55,晚間抵達,ICN,大韓航空,2,直達航班。,Non-stop,2 小時 30 分鐘,No,Boeing 787,1,KE 188,商務艙,17025,16680,16688.0,337335.13,91,72
2025-03-08,週六,清晨7:05,早晨班機,TPE,上午10:30,上午抵達,ICN,長榮航空,1,直達航班。,Non-stop,2 小時 25 分鐘,No,Airbus A321,0,BR 170,商務艙,20189,20164,20181.0,845.88,91,72
2025-03-08,週六,清晨7:55,早晨班機,TPE,上午11:20,上午抵達,ICN,中華航空,2,直達航班。,Non-stop,2 小時 25 分鐘,No,Airbus A330,1,CI 160,商務艙,18468,17909,18578.5,87282.82,42,72
2025-03-09,週日,上午9:20,上午班機,TSA,中午12:45,下午抵達,GMP,中華航空,2,直達航班。,Non-stop,2 小時 25 分鐘,No,Boeing 737,0,CI 260,商務艙,19559,18481,20171.5,548328.89,43,66
2025-03-09,週日,下午1:40,下午班機,TPE,下午5:00,下午抵達,ICN,韓亞航空,1,直達航班。,Non-stop,2 小時 20 分鐘,No,Airbus A380,2,OZ 712,商務艙,15074,13103,14100.0,4763813.34,59,70
2025-03-09,週日,下午3:15,下午班機,TPE,下午6:45,晚間抵達,ICN,長榮航空,1,直達航班。,Non-stop,2 小時 30 分鐘,No,Boeing 787,1,BR 160,商務艙,20189,20164,20181.0,860.14,91,70
2025-03-09,週日,下午3:45,下午班機,TPE,晚上7:15,晚間抵達,ICN,中華航空,2,直達航班。,Non-stop,2 小時 30 分鐘,No,Airbus A330,1,CI 162,商務艙,18197,17337,18577.5,331556.93,43,70
2025-03-09,週日,下午5:10,下午班機,TPE,晚上8:30,晚間抵達,ICN,韓亞航空,1,直達航班。,Non-stop,2 小時 20 分鐘,No,Airbus A330,1,OZ 714,商務艙,14662,13103,14099.0,2736876.62,59,70
2025-03-09,週日,中午12:25,下午班機,TPE,下午3:50,下午抵達,ICN,大韓航空,2,直達航班。,Non-stop,2 小時 25 分鐘,No,Boeing 777,1,KE 186,商務艙,17162,16529,16687.0,893891.04,36,70
2025-03-09,週日,晚上7:25,晚間班機,TPE,晚上10:55,晚間抵達,ICN,大韓航空,2,直達航班。,Non-stop,2 小時 30 分鐘,No,Airbus A330,1,KE 188,商務艙,18992,16680,18756.0,2020108.01,91,69
2025-03-09,週日,清晨7:05,早晨班機,TPE,上午10:30,上午抵達,ICN,長榮航空,1,直達航班。,Non-stop,2 小時 25 分鐘,No,Airbus A330,1,BR 170,商務艙,20284,20164,20181.0,640586.41,91,71
2025-03-09,週日,清晨7:55,早晨班機,TPE,上午11:20,上午抵達,ICN,中華航空,2,直達航班。,Non-stop,2 小時 25 分鐘,No,Airbus A330,1,CI 160,商務艙,18527,17909,18578.0,318025.45,43,71
2025-03-10,週一,上午9:20,上午班機,TSA,中午12:45,下午抵達,GMP,中華航空,2,直達航班。,Non-stop,2 小時 25 分鐘,No,Boeing 737,0,CI 260,商務艙,19721,18481,20167.0,1309643.59,44,69
2025-03-10,週一,下午1:40,下午班機,TPE,下午5:00,下午抵達,ICN,韓亞航空,1,直達航班。,Non-stop,2 小時 20 分鐘,No,Airbus A380,2,OZ 712,商務艙,14363,13103,14099.0,1916933.69,60,69
2025-03-10,週一,下午3:15,下午班機,TPE,下午6:45,晚間抵達,ICN,長榮航空,1,直達航班。,Non-stop,2 小時 30 分鐘,No,Boeing 787,1,BR 160,商務艙,20190,20164,20182.0,851.62,90,69
2025-03-10,週一,下午3:45,下午班機,TPE,晚上7:15,晚間抵達,ICN,中華航空,2,直達航班。,Non-stop,2 小時 30 分鐘,No,Airbus A330,1,CI 162,商務艙,18187,17337,18577.0,329175.54,44,69
2025-03-10,週一,下午5:10,下午班機,TPE,晚上8:30,晚間抵達,ICN,韓亞航空,1,直達航班。,Non-stop,2 小時 20 分鐘,No,Boeing 777,1,OZ 714,商務艙,17622,13103,16702.0,13382700.51,60,69
2025-03-10,週一,中午12:25,下午班機,TPE,下午3:50,下午抵達,ICN,大韓航空,2,直達航班。,Non-stop,2 小時 25 分鐘,No,Boeing 747,2,KE 186,商務艙,17249,16609,17520.0,145304.13,23,69
2025-03-10,週一,晚上7:25,晚間班機,TPE,晚上10:55,晚間抵達,ICN,大韓航空,2,直達航班。,Non-stop,2 小時 30 分鐘,No,Airbus A330,1,KE 188,商務艙,18169,16680,18581.0,460072.5,90,69
2025-03-10,週一,清晨7:05,早晨班機,TPE,上午10:30,上午抵達,ICN,長榮航空,1,直達航班。,Non-stop,2 小時 25 分鐘,No,Airbus A330,1,BR 170,商務艙,20190,20164,20182.0,851.62,90,69
2025-03-10,週一,清晨7:55,早晨班機,TPE,上午11:20,上午抵達,ICN,中華航空,2,直達航班。,Non-stop,2 小時 25 分鐘,No,Airbus A330,1,CI 160,商務艙,18456,17909,18577.0,87477.63,44,69
2025-03-11,週二,下午1:40,下午班機,TPE,下午5:00,下午抵達,ICN,韓亞航空,1,直達航班。,Non-stop,2 小時 20 分鐘,No,Airbus A380,2,OZ 712,商務艙,14676,13103,14099.0,3489449.9,61,65
2025-03-11,週二,下午3:15,下午班機,TPE,下午6:45,晚間抵達,ICN,長榮航空,1,直達航班。,Non-stop,2 小時 30 分鐘,No,Boeing 787,1,BR 160,商務艙,20226,20164,20182.5,82248.15,91,66
2025-03-11,週二,下午3:45,下午班機,TPE,晚上7:15,晚間抵達,ICN,中華航空,2,直達航班。,Non-stop,2 小時 30 分鐘,No,Airbus A330,1,CI 162,商務艙,18206,17337,18577.5,319865.27,44,66
2025-03-11,週二,下午5:10,下午班機,TPE,晚上8:30,晚間抵達,ICN,韓亞航空,1,直達航班。,Non-stop,2 小時 20 分鐘,No,Airbus A330,1,OZ 714,商務艙,14732,13103,14100.0,3467494.44,61,64
2025-03-11,週二,中午12:25,下午班機,TPE,下午3:50,下午抵達,ICN,大韓航空,2,直達航班。,Non-stop,2 小時 25 分鐘,No,Boeing 787-10,1,KE 186,商務艙,16931,16528,16686.0,959698.21,32,65
2025-03-11,週二,晚上7:25,晚間班機,TPE,晚上10:55,晚間抵達,ICN,大韓航空,2,直達航班。,Non-stop,2 小時 30 分鐘,No,Airbus A330,1,KE 188,商務艙,17559,16680,17435.0,1273789.92,90,64
2025-03-11,週二,清晨7:05,早晨班機,TPE,上午10:30,上午抵達,ICN,長榮航空,1,直達航班。,Non-stop,2 小時 25 分鐘,No,Airbus A321,0,BR 170,商務艙,20291,20164,20182.0,678601.84,91,67
2025-03-11,週二,清晨7:55,早晨班機,TPE,上午11:20,上午抵達,ICN,中華航空,2,直達航班。,Non-stop,2 小時 25 分鐘,No,Airbus A330,1,CI 160,商務艙,18538,17909,18578.0,324183.8,44,67
2025-03-12,週三,下午1:40,下午班機,TPE,下午5:00,下午抵達,ICN,韓亞航空,1,直達航班。,Non-stop,2 小時 20 分鐘,No,Airbus A380,2,OZ 712,商務艙,14405,13103,14099.0,1953804.86,62,66
2025-03-12,週三,下午3:15,下午班機,TPE,下午6:45,晚間抵達,ICN,長榮航空,1,直達航班。,Non-stop,2 小時 30 分鐘,No,Boeing 787,1,BR 160,商務艙,20191,20165,20182.0,880.1,91,66
2025-03-12,週三,下午3:45,下午班機,TSA,晚上7:15,晚間抵達,GMP,長榮航空,1,直達航班。,Non-stop,2 小時 30 分鐘,No,Airbus A321,0,BR 156,商務艙,20191,20165,20182.0,919.53,91,63
2025-03-12,週三,下午3:45,下午班機,TPE,晚上7:15,晚間抵達,ICN,中華航空,2,直達航班。,Non-stop,2 小時 30 分鐘,No,Airbus A330,1,CI 162,商務艙,18193,17337,18577.0,326660.72,46,67
2025-03-12,週三,下午5:10,下午班機,TPE,晚上8:30,晚間抵達,ICN,韓亞航空,1,直達航班。,Non-stop,2 小時 20 分鐘,No,Airbus A330,1,OZ 714,商務艙,14496,13103,14099.5,2259603.46,62,66
2025-03-12,週三,中午12:25,下午班機,TPE,下午3:50,下午抵達,ICN,大韓航空,2,直達航班。,Non-stop,2 小時 25 分鐘,No,Boeing 787-10,1,KE 186,商務艙,17458,16680,17520.5,585150.64,91,66
2025-03-12,週三,晚上7:25,晚間班機,TPE,晚上10:55,晚間抵達,ICN,大韓航空,2,直達航班。,Non-stop,2 小時 30 分鐘,No,Airbus A330,1,KE 188,商務艙,16907,16529,16686.0,818142.17,39,68
2025-03-12,週三,清晨7:05,早晨班機,TPE,上午10:30,上午抵達,ICN,長榮航空,1,直達航班。,Non-stop,2 小時 25 分鐘,No,Airbus A330,1,BR 170,商務艙,20226,20165,20182.0,82932.8,91,66
2025-03-12,週三,清晨7:55,早晨班機,TPE,上午11:20,上午抵達,ICN,中華航空,2,直達航班。,Non-stop,2 小時 25 分鐘,No,Airbus A330,1,CI 160,商務艙,18456,17909,18577.0,84177.33,46,66
2025-03-13,週四,上午9:20,上午班機,TSA,中午12:45,下午抵達,GMP,中華航空,2,直達航班。,Non-stop,2 小時 25 分鐘,No,Boeing 737,0,CI 260,商務艙,19733,18481,20176.5,1367622.43,47,64
2025-03-13,週四,下午1:40,下午班機,TPE,下午5:00,下午抵達,ICN,韓亞航空,1,直達航班。,Non-stop,2 小時 20 分鐘,No,Airbus A380,2,OZ 712,商務艙,14371,13103,14099.0,1972767.89,63,67
2025-03-13,週四,下午3:15,下午班機,TPE,下午6:45,晚間抵達,ICN,長榮航空,1,直達航班。,Non-stop,2 小時 30 分鐘,No,Boeing 787-10,1,BR 160,商務艙,20191,20167,20182.0,859.49,91,67
2025-03-13,週四,下午3:45,下午班機,TPE,晚上7:15,晚間抵達,ICN,中華航空,2,直達航班。,Non-stop,2 小時 30 分鐘,No,Airbus A330,1,CI 162,商務艙,18170,17337,18577.0,329274.27,47,67
2025-03-13,週四,下午5:10,下午班機,TPE,晚上8:30,晚間抵達,ICN,韓亞航空,1,直達航班。,Non-stop,2 小時 20 分鐘,No,Airbus A330,1,OZ 714,商務艙,14460,13103,14099.0,2279913.07,63,67
2025-03-13,週四,中午12:25,下午班機,TPE,下午3:50,下午抵達,ICN,大韓航空,2,直達航班。,Non-stop,2 小時 25 分鐘,No,Boeing 787-10,1,KE 186,商務艙,16670,16528,16685.0,14283.28,34,67
2025-03-13,週四,晚上7:25,晚間班機,TPE,晚上10:55,晚間抵達,ICN,大韓航空,2,直達航班。,Non-stop,2 小時 30 分鐘,No,Boeing 787,1,KE 188,商務艙,16682,16528,16685.0,25080.5,34,67
2025-03-13,週四,清晨7:05,早晨班機,TPE,上午10:30,上午抵達,ICN,長榮航空,1,直達航班。,Non-stop,2 小時 25 分鐘,No,Airbus A330,1,BR 170,商務艙,20273,20167,20183.0,164442.15,91,67
2025-03-13,週四,清晨7:55,早晨班機,TPE,上午11:20,上午抵達,ICN,中華航空,2,直達航班。,Non-stop,2 小時 25 分鐘,No,Airbus A330,1,CI 160,商務艙,18447,17909,18577.0,87443.31,47,67
2025-03-14,週五,上午9:20,上午班機,TSA,中午12:50,下午抵達,GMP,長榮航空,1,直達航班。,Non-stop,2 小時 30 分鐘,No,Airbus A321,0,BR 156,商務艙,20352,20167,20182.5,429264.68,91,66
2025-03-14,週五,下午1:40,下午班機,TPE,下午5:00,下午抵達,ICN,韓亞航空,1,直達航班。,Non-stop,2 小時 20 分鐘,No,Airbus A380,2,OZ 712,商務艙,14375,13103,14099.0,2001963.34,64,66
2025-03-14,週五,下午3:15,下午班機,TPE,下午6:45,晚間抵達,ICN,長榮航空,1,直達航班。,Non-stop,2 小時 30 分鐘,No,Boeing 787,1,BR 160,商務艙,20191,20167,20182.5,863.96,91,66
2025-03-14,週五,下午3:45,下午班機,TPE,晚上7:15,晚間抵達,ICN,中華航空,2,直達航班。,Non-stop,2 小時 30 分鐘,No,Airbus A330,1,CI 162,商務艙,18177,17337,18577.0,330546.92,48,66
2025-03-14,週五,下午5:10,下午班機,TPE,晚上8:30,晚間抵達,ICN,韓亞航空,1,直達航班。,Non-stop,2 小時 20 分鐘,No,Airbus A330,1,OZ 714,商務艙,14375,13103,14099.0,2001963.34,64,66
2025-03-14,週五,中午12:25,下午班機,TPE,下午3:50,下午抵達,ICN,大韓航空,2,直達航班。,Non-stop,2 小時 25 分鐘,No,Boeing 787-10,1,KE 186,商務艙,16657,16528,16685.0,3159.19,35,66
2025-03-14,週五,晚上7:25,晚間班機,TPE,晚上10:55,晚間抵達,ICN,大韓航空,2,直達航班。,Non-stop,2 小時 30 分鐘,No,Airbus A330,1,KE 188,商務艙,16669,16528,16685.0,14552.36,35,66
2025-03-14,週五,清晨7:05,早晨班機,TPE,上午10:30,上午抵達,ICN,長榮航空,1,直達航班。,Non-stop,2 小時 25 分鐘,No,Airbus A330,1,BR 170,商務艙,20227,20167,20182.5,82811.2,91,66
2025-03-14,週五,清晨7:55,早晨班機,TPE,上午11:20,上午抵達,ICN,中華航空,2,直達航班。,Non-stop,2 小時 25 分鐘,No,Airbus A330,1,CI 160,商務艙,18450,17909,18577.0,88251.32,48,66
2025-03-15,週六,上午9:20,上午班機,TSA,中午12:50,下午抵達,GMP,長榮航空,1,直達航班。,Non-stop,2 小時 30 分鐘,No,Airbus A321,0,BR 156,商務艙,20518,20167,20183.0,790402.41,87,65
2025-03-15,週六,下午1:40,下午班機,TPE,下午5:00,下午抵達,ICN,韓亞航空,1,直達航班。,Non-stop,2 小時 20 分鐘,No,Airbus A380,2,OZ 712,商務艙,14379,13103,14099.0,2032035.05,65,65
2025-03-15,週六,下午3:15,下午班機,TPE,下午6:45,晚間抵達,ICN,長榮航空,1,直達航班。,Non-stop,2 小時 30 分鐘,No,Airbus A330,1,BR 160,商務艙,20192,20167,20183.0,868.11,87,65
2025-03-15,週六,下午3:45,下午班機,TPE,晚上7:15,晚間抵達,ICN,中華航空,2,直達航班。,Non-stop,2 小時 30 分鐘,No,Airbus A330,1,CI 162,商務艙,18185,17337,18577.0,331740.8,49,65
2025-03-15,週六,下午5:10,下午班機,TPE,晚上8:30,晚間抵達,ICN,韓亞航空,1,直達航班。,Non-stop,2 小時 20 分鐘,No,Airbus A330,1,OZ 714,商務艙,16122,13103,14100.0,11716635.0,65,65
2025-03-15,週六,中午12:25,下午班機,TPE,下午3:50,下午抵達,ICN,大韓航空,2,直達航班。,Non-stop,2 小時 25 分鐘,No,Boeing 787-10,1,KE 186,商務艙,16974,16681,16689.0,209633.05,87,65
2025-03-15,週六,晚上7:25,晚間班機,TPE,晚上10:55,晚間抵達,ICN,大韓航空,2,直達航班。,Non-stop,2 小時 30 分鐘,No,Boeing 787,1,KE 188,商務艙,17754,17355,17522.0,250448.66,42,65
2025-03-15,週六,清晨7:05,早晨班機,TPE,上午10:30,上午抵達,ICN,長榮航空,1,直達航班。,Non-stop,2 小時 25 分鐘,No,Airbus A321,0,BR 170,商務艙,22137,20167,22513.0,4078369.12,87,65
2025-03-15,週六,清晨7:55,早晨班機,TPE,上午11:20,上午抵達,ICN,中華航空,2,直達航班。,Non-stop,2 小時 25 分鐘,No,Airbus A330,1,CI 160,商務艙,18453,17909,18577.0,89067.78,49,65
2025-03-16,週日,上午9:20,上午班機,TSA,中午12:45,下午抵達,GMP,中華航空,2,直達航班。,Non-stop,2 小時 25 分鐘,No,Boeing 737,0,CI 260,商務艙,19681,18481,20181.5,1371651.02,50,58
2025-03-16,週日,下午1:40,下午班機,TPE,下午5:00,下午抵達,ICN,韓亞航空,1,直達航班。,Non-stop,2 小時 20 分鐘,No,Airbus A380,2,OZ 712,商務艙,14584,13103,14100.0,2785672.13,66,59
2025-03-16,週日,下午3:15,下午班機,TPE,下午6:45,晚間抵達,ICN,長榮航空,1,直達航班。,Non-stop,2 小時 30 分鐘,No,Boeing 787,1,BR 160,商務艙,20193,20167,20183.0,917.59,88,60
2025-03-16,週日,下午3:45,下午班機,TPE,晚上7:15,晚間抵達,ICN,中華航空,2,直達航班。,Non-stop,2 小時 30 分鐘,No,Airbus A330,1,CI 162,商務艙,18199,17337,18577.5,331296.0,50,60
2025-03-16,週日,下午5:10,下午班機,TPE,晚上8:30,晚間抵達,ICN,韓亞航空,1,直達航班。,Non-stop,2 小時 20 分鐘,No,Airbus A330,1,OZ 714,商務艙,15289,13103,15146.0,3118571.03,66,60
2025-03-16,週日,中午12:25,下午班機,TPE,下午3:50,下午抵達,ICN,大韓航空,2,直達航班。,Non-stop,2 小時 25 分鐘,No,Boeing 787-10,1,KE 186,商務艙,17756,16681,17523.5,1227565.97,88,60
2025-03-16,週日,晚上7:25,晚間班機,TPE,晚上10:55,晚間抵達,ICN,大韓航空,2,直達航班。,Non-stop,2 小時 30 分鐘,No,Airbus A330,1,KE 188,商務艙,18982,18577,18756.0,791424.49,37,59
2025-03-16,週日,清晨7:05,早晨班機,TPE,上午10:30,上午抵達,ICN,長榮航空,1,直達航班。,Non-stop,2 小時 25 分鐘,No,Airbus A330,1,BR 170,商務艙,20193,20167,20183.0,917.59,88,60
2025-03-16,週日,清晨7:55,早晨班機,TPE,上午11:20,上午抵達,ICN,中華航空,2,直達航班。,Non-stop,2 小時 25 分鐘,No,Airbus A330,1,CI 160,商務艙,18471,17909,18577.5,105433.39,50,60
2025-03-17,週一,上午9:20,上午班機,TSA,中午12:45,下午抵達,GMP,中華航空,2,直達航班。,Non-stop,2 小時 25 分鐘,No,Boeing 737,0,CI 260,商務艙,19596,18481,20180.0,549224.89,51,58
2025-03-17,週一,上午9:30,上午班機,TPE,下午1:00,下午抵達,ICN,長榮航空,1,直達航班。,Non-stop,2 小時 30 分鐘,No,Boeing 787,1,BR 154,商務艙,20194,20167,20183.0,931.43,89,57
2025-03-17,週一,下午1:40,下午班機,TPE,下午5:00,下午抵達,ICN,韓亞航空,1,直達航班。,Non-stop,2 小時 20 分鐘,No,Airbus A380,2,OZ 712,商務艙,14683,13103,14099.0,3661726.64,67,61
2025-03-17,週一,下午3:15,下午班機,TPE,下午6:45,晚間抵達,ICN,長榮航空,1,直達航班。,Non-stop,2 小時 30 分鐘,No,Boeing 787,1,BR 160,商務艙,20783,20167,20183.0,3606137.13,89,61
2025-03-17,週一,下午3:45,下午班機,TPE,晚上7:15,晚間抵達,ICN,中華航空,2,直達航班。,Non-stop,2 小時 30 分鐘,No,Airbus A330,1,CI 162,商務艙,18206,17337,18578.0,327625.5,51,61
2025-03-17,週一,下午5:10,下午班機,TPE,晚上8:30,晚間抵達,ICN,韓亞航空,1,直達航班。,Non-stop,2 小時 20 分鐘,No,Airbus A330,1,OZ 714,商務艙,16236,13107,16702.0,901810.18,55,61
2025-03-17,週一,中午12:25,下午班機,TPE,下午3:50,下午抵達,ICN,大韓航空,2,直達航班。,Non-stop,2 小時 25 分鐘,No,Boeing 787-10,1,KE 186,商務艙,17154,16609,16689.0,1281257.12,30,61
2025-03-17,週一,晚上7:25,晚間班機,TPE,晚上10:55,晚間抵達,ICN,大韓航空,2,直達航班。,Non-stop,2 小時 30 分鐘,No,Airbus A330,1,KE 188,商務艙,17611,16611,17521.0,700897.4,31,60
2025-03-17,週一,清晨7:05,早晨班機,TPE,上午10:30,上午抵達,ICN,長榮航空,1,直達航班。,Non-stop,2 小時 25 分鐘,No,Airbus A330,1,BR 170,商務艙,20193,20167,20183.0,906.95,89,61
2025-03-17,週一,清晨7:55,早晨班機,TPE,上午11:20,上午抵達,ICN,中華航空,2,直達航班。,Non-stop,2 小時 25 分鐘,No,Airbus A330,1,CI 160,商務艙,18463,17909,18578.0,87361.07,51,61
2025-03-18,週二,下午1:40,下午班機,TPE,下午5:00,下午抵達,ICN,韓亞航空,1,直達航班。,Non-stop,2 小時 20 分鐘,No,Airbus A380,2,OZ 712,商務艙,14436,13103,14099.0,2142035.77,68,60
2025-03-18,週二,下午2:30,下午班機,TSA,下午6:00,晚間抵達,GMP,長榮航空,1,直達航班。,Non-stop,2 小時 30 分鐘,No,Airbus A321,0,BR 156,商務艙,20193,20167,20183.0,907.22,90,60
2025-03-18,週二,下午3:15,下午班機,TPE,下午6:45,晚間抵達,ICN,長榮航空,1,直達航班。,Non-stop,2 小時 30 分鐘,No,Airbus A330,1,BR 160,商務艙,20193,20167,20183.0,909.75,90,60
2025-03-18,週二,下午3:45,下午班機,TPE,晚上7:15,晚間抵達,ICN,中華航空,2,直達航班。,Non-stop,2 小時 30 分鐘,No,Airbus A330,1,CI 162,商務艙,18238,17337,18579.5,319786.42,52,60
2025-03-18,週二,下午5:10,下午班機,TPE,晚上8:30,晚間抵達,ICN,韓亞航空,1,直達航班。,Non-stop,2 小時 20 分鐘,No,Airbus A330,1,OZ 714,商務艙,14470,13103,14099.5,2119304.17,68,60
2025-03-18,週二,中午12:25,下午班機,TPE,下午3:50,下午抵達,ICN,大韓航空,2,直達航班。,Non-stop,2 小時 25 分鐘,No,Boeing 787-10,1,KE 186,商務艙,17868,16681,17521.0,580581.1,90,60
2025-03-18,週二,晚上7:25,晚間班機,TPE,晚上10:55,晚間抵達,ICN,大韓航空,2,直達航班。,Non-stop,2 小時 30 分鐘,No,Airbus A330,1,KE 188,商務艙,16930,16609,16689.0,126468.98,31,60
2025-03-18,週二,清晨7:05,早晨班機,TPE,上午10:30,上午抵達,ICN,長榮航空,1,直達航班。,Non-stop,2 小時 25 分鐘,No,Airbus A330,1,BR 170,商務艙,20193,20167,20183.0,909.75,90,60
2025-03-18,週二,清晨7:55,早晨班機,TPE,上午11:20,上午抵達,ICN,中華航空,2,直達航班。,Non-stop,2 小時 25 分鐘,No,Airbus A330,1,CI 160,商務艙,18481,17909,18579.5,84136.84,52,60
2025-03-19,週三,上午9:30,上午班機,TPE,下午1:00,下午抵達,ICN,長榮航空,1,直達航班。,Non-stop,2 小時 30 分鐘,No,Airbus A330,1,BR 154,商務艙,20194,20167,20183.0,907.04,91,59
2025-03-19,週三,下午1:40,下午班機,TPE,下午5:00,下午抵達,ICN,韓亞航空,1,直達航班。,Non-stop,2 小時 20 分鐘,No,Airbus A380,2,OZ 712,商務艙,14419,13103,13604.5,2169725.88,69,60
2025-03-19,週三,下午3:15,下午班機,TPE,下午6:45,晚間抵達,ICN,長榮航空,1,直達航班。,Non-stop,2 小時 30 分鐘,No,Boeing 787-10,1,BR 160,商務艙,20193,20167,20183.0,899.57,91,60
2025-03-19,週三,下午3:45,下午班機,TSA,晚上7:15,晚間抵達,GMP,長榮航空,1,直達航班。,Non-stop,2 小時 30 分鐘,No,Airbus A321,0,BR 156,商務艙,20194,20167,20183.0,904.59,91,59
2025-03-19,週三,下午3:45,下午班機,TPE,晚上7:15,晚間抵達,ICN,中華航空,2,直達航班。,Non-stop,2 小時 30 分鐘,No,Airbus A330,1,CI 162,商務艙,18209,17337,18578.5,336392.88,53,60
2025-03-19,週三,下午5:10,下午班機,TPE,晚上8:30,晚間抵達,ICN,韓亞航空,1,直達航班。,Non-stop,2 小時 20 分鐘,No,Airbus A330,1,OZ 714,商務艙,15149,13103,15226.0,2479935.03,54,60
2025-03-19,週三,中午12:25,下午班機,TPE,下午3:50,下午抵達,ICN,大韓航空,2,直達航班。,Non-stop,2 小時 25 分鐘,No,Boeing 787-10,1,KE 186,商務艙,16654,16528,16686.0,3406.95,40,60
2025-03-19,週三,晚上7:25,晚間班機,TPE,晚上10:55,晚間抵達,ICN,大韓航空,2,直達航班。,Non-stop,2 小時 30 分鐘,No,Airbus A330,1,KE 188,商務艙,16668,16528,16686.0,13541.55,40,60
2025-03-19,週三,清晨7:05,早晨班機,TPE,上午10:30,上午抵達,ICN,長榮航空,1,直達航班。,Non-stop,2 小時 25 分鐘,No,Airbus A330,1,BR 170,商務艙,20193,20167,20183.0,899.57,91,60
2025-03-19,週三,清晨7:55,早晨班機,TPE,上午11:20,上午抵達,ICN,中華航空,2,直達航班。,Non-stop,2 小時 25 分鐘,No,Airbus A330,1,CI 160,商務艙,18461,17909,18578.5,92587.0,53,60
2025-03-20,週四,上午9:20,上午班機,TSA,中午12:45,下午抵達,GMP,中華航空,2,直達航班。,Non-stop,2 小時 25 分鐘,No,Boeing 737,0,CI 260,商務艙,20336,18481,20184.0,2756745.15,53,57
2025-03-20,週四,下午1:40,下午班機,TPE,下午5:00,下午抵達,ICN,韓亞航空,1,直達航班。,Non-stop,2 小時 20 分鐘,No,Airbus A380,2,OZ 712,商務艙,14403,13103,13110.0,2197069.74,70,60
2025-03-20,週四,下午3:15,下午班機,TPE,下午6:45,晚間抵達,ICN,長榮航空,1,直達航班。,Non-stop,2 小時 30 分鐘,No,Airbus A330,1,BR 160,商務艙,20194,20167,20183.0,892.86,91,60
2025-03-20,週四,下午3:45,下午班機,TPE,晚上7:15,晚間抵達,ICN,中華航空,2,直達航班。,Non-stop,2 小時 30 分鐘,No,Airbus A330,1,CI 162,商務艙,18227,17337,18579.5,336312.49,54,60
2025-03-20,週四,下午5:10,下午班機,TPE,晚上8:30,晚間抵達,ICN,韓亞航空,1,直達航班。,Non-stop,2 小時 20 分鐘,No,Airbus A330,1,OZ 714,商務艙,15089,13103,15226.0,2506535.28,56,60
2025-03-20,週四,中午12:25,下午班機,TPE,下午3:50,下午抵達,ICN,大韓航空,2,直達航班。,Non-stop,2 小時 25 分鐘,No,Boeing 787-10,1,KE 186,商務艙,16751,16529,16686.0,57145.19,47,60
2025-03-20,週四,晚上7:25,晚間班機,TPE,晚上10:55,晚間抵達,ICN,大韓航空,2,直達航班。,Non-stop,2 小時 30 分鐘,No,Boeing 787,1,KE 188,商務艙,16654,16528,16686.0,3410.86,41,60
2025-03-20,週四,清晨7:05,早晨班機,TPE,上午10:30,上午抵達,ICN,長榮航空,1,直達航班。,Non-stop,2 小時 25 分鐘,No,Airbus A330,1,BR 170,商務艙,20194,20167,20183.0,892.86,91,60
2025-03-20,週四,清晨7:55,早晨班機,TPE,上午11:20,上午抵達,ICN,中華航空,2,直達航班。,Non-stop,2 小時 25 分鐘,No,Airbus A330,1,CI 160,商務艙,18469,17909,18579.5,93316.05,54,60
2025-03-21,週五,上午9:30,上午班機,TPE,下午1:00,下午抵達,ICN,長榮航空,1,直達航班。,Non-stop,2 小時 30 分鐘,No,Airbus A330,1,BR 154,商務艙,20194,20169,20183.0,904.45,91,58
2025-03-21,週五,下午1:40,下午班機,TPE,下午5:00,下午抵達,ICN,韓亞航空,1,直達航班。,Non-stop,2 小時 20 分鐘,No,Airbus A380,2,OZ 712,商務艙,14408,13103,13110.0,2233334.3,71,59
2025-03-21,週五,下午3:15,下午班機,TPE,下午6:45,晚間抵達,ICN,長榮航空,1,直達航班。,Non-stop,2 小時 30 分鐘,No,Boeing 787,1,BR 160,商務艙,20194,20169,20183.0,895.88,91,59
2025-03-21,週五,下午3:45,下午班機,TPE,晚上7:15,晚間抵達,ICN,中華航空,2,直達航班。,Non-stop,2 小時 30 分鐘,No,Airbus A330,1,CI 162,商務艙,18218,17337,18579.0,337300.04,55,59
2025-03-21,週五,下午5:10,下午班機,TPE,晚上8:30,晚間抵達,ICN,韓亞航空,1,直達航班。,Non-stop,2 小時 20 分鐘,No,Airbus A330,1,OZ 714,商務艙,15627,13103,16701.0,1782423.66,57,59
2025-03-21,週五,中午12:25,下午班機,TPE,下午3:50,下午抵達,ICN,大韓航空,2,直達航班。,Non-stop,2 小時 25 分鐘,No,Boeing 787-10,1,KE 186,商務艙,16780,16529,16687.0,63612.21,48,59
2025-03-21,週五,晚上7:25,晚間班機,TPE,晚上10:55,晚間抵達,ICN,大韓航空,2,直達航班。,Non-stop,2 小時 30 分鐘,No,Airbus A330,1,KE 188,商務艙,16654,16528,16686.0,3457.11,42,59
2025-03-21,週五,清晨7:05,早晨班機,TPE,上午10:30,上午抵達,ICN,長榮航空,1,直達航班。,Non-stop,2 小時 25 分鐘,No,Airbus A330,1,BR 170,商務艙,20194,20169,20183.0,895.88,91,59
2025-03-21,週五,清晨7:55,早晨班機,TPE,上午11:20,上午抵達,ICN,中華航空,2,直達航班。,Non-stop,2 小時 25 分鐘,No,Airbus A330,1,CI 160,商務艙,18464,17909,18579.0,93530.44,55,59
