出發日期,星期,出發時間,出發時段,出發機場代號,抵達時間,抵達時段,抵達機場代號,航空公司,航空聯盟,停靠站數量,停留時間,飛行時間,是否過夜,機型,機型分類,航班代碼,艙等,平均價格,最低價格,中位數價格,價格變異,最低價格剩餘天數,筆數
2025-01-20,星期一,上午9:35,上午班機,TPE,下午2:30,下午抵達,SIN,長榮航空,1,直達航班。,Non-stop,4 小時 55 分鐘,No,Boeing 777,1,BR 215,經濟艙,9186,6251,8460.5,7033065.22,79,90
2025-01-20,星期一,下午2:10,下午班機,TPE,下午6:55,晚間抵達,SIN,新加坡航空,1,直達航班。,Non-stop,4 小時 45 分鐘,No,Boeing 787,1,SQ 877,經濟艙,12140,9109,10005.0,35643631.68,75,73
2025-01-20,星期一,下午4:10,下午班機,TPE,晚上8:55,晚間抵達,SIN,酷航,4,直達航班。,Non-stop,4 小時 45 分鐘,No,Boeing 787,1,TR 899,經濟艙,7350,4398,6438.0,5002169.84,28,90
2025-01-20,星期一,下午5:35,下午班機,TPE,晚上10:20,晚間抵達,SIN,新加坡航空,1,直達航班。,Non-stop,4 小時 45 分鐘,No,Boeing 787,1,SQ 879,經濟艙,11242,9109,10008.0,6553417.71,75,78
2025-01-20,星期一,清晨7:25,早晨班機,TPE,中午12:05,下午抵達,SIN,長榮航空,1,直達航班。,Non-stop,4 小時 40 分鐘,No,Boeing 777,1,BR 225,經濟艙,9065,5647,7623.0,8292246.15,76,91
2025-01-21,星期二,上午8:20,早晨班機,TPE,下午1:05,下午抵達,SIN,中華航空,2,直達航班。,Non-stop,4 小時 45 分鐘,No,Airbus A350,1,CI 753,經濟艙,15986,5581,15202.0,31977143.87,90,89
2025-01-21,星期二,上午8:45,早晨班機,TPE,下午1:25,下午抵達,SIN,星宇航空,0,直達航班。,Non-stop,4 小時 40 分鐘,No,,-1,JX 771,經濟艙,14419,5165,15199.0,4734587.53,90,82
2025-01-21,星期二,上午9:35,上午班機,TPE,下午2:30,下午抵達,SIN,長榮航空,1,直達航班。,Non-stop,4 小時 55 分鐘,No,Boeing 777,0,BR 215,經濟艙,15496,10280,13284.0,31187143.36,80,79
2025-01-21,星期二,下午2:10,下午班機,TPE,下午6:55,晚間抵達,SIN,新加坡航空,1,直達航班。,Non-stop,4 小時 45 分鐘,No,Boeing 787,1,SQ 877,經濟艙,13680,9998,15606.5,5378489.92,91,40
2025-01-21,星期二,下午5:35,下午班機,TPE,晚上10:20,晚間抵達,SIN,新加坡航空,1,直達航班。,Non-stop,4 小時 45 分鐘,No,Boeing 787,1,SQ 879,經濟艙,11908,9109,10991.5,7610601.86,76,62
2025-01-21,星期二,清晨7:25,早晨班機,TPE,中午12:05,下午抵達,SIN,長榮航空,1,直達航班。,Non-stop,4 小時 40 分鐘,No,Boeing 777,-1,BR 225,經濟艙,13119,5651,12656.0,19775686.38,90,81
2025-01-22,星期三,上午8:20,早晨班機,TPE,下午1:05,下午抵達,SIN,中華航空,2,直達航班。,Non-stop,4 小時 45 分鐘,No,Airbus A350,1,CI 753,經濟艙,15884,5583,15183.0,34760429.92,88,79
2025-01-22,星期三,上午8:45,早晨班機,TPE,下午1:25,下午抵達,SIN,星宇航空,0,直達航班。,Non-stop,4 小時 40 分鐘,No,Airbus A321neo,0,JX 771,經濟艙,14790,5166,15203.0,3795065.1,88,68
2025-01-22,星期三,上午9:35,上午班機,TPE,下午2:30,下午抵達,SIN,長榮航空,1,直達航班。,Non-stop,4 小時 55 分鐘,No,Boeing 777,-1,BR 215,經濟艙,14083,6257,13487.0,8019047.75,88,57
2025-01-22,星期三,下午4:10,下午班機,TPE,晚上8:55,晚間抵達,SIN,酷航,4,直達航班。,Non-stop,4 小時 45 分鐘,No,Boeing 787,0,TR 899,經濟艙,9249,4398,9588.0,5667953.01,88,86
2025-01-22,星期三,下午5:35,下午班機,TPE,晚上10:20,晚間抵達,SIN,新加坡航空,1,直達航班。,Non-stop,4 小時 45 分鐘,No,Boeing 787,0,SQ 879,經濟艙,17156,8030,15610.0,44177160.28,88,40
2025-01-22,星期三,凌晨12:20,凌晨班機,TPE,清晨5:05,凌晨抵達,SIN,酷航,4,直達航班。,Non-stop,4 小時 45 分鐘,No,Airbus A321neo,0,TR 875,經濟艙,8089,3798,8288.0,1970698.78,88,91
2025-01-22,星期三,凌晨1:30,凌晨班機,TPE,清晨6:15,早晨抵達,SIN,酷航,4,直達航班。,Non-stop,4 小時 45 分鐘,No,Boeing 787,1,TR 897,經濟艙,8395,3798,8288.0,2274591.14,85,89
2025-01-22,星期三,晚上7:55,晚間班機,TPE,"凌晨12:40 (星期四, 1月 23)",凌晨抵達,SIN,中華航空,2,直達航班。,Non-stop,4 小時 45 分鐘,No,Airbus A330,1,CI 755,經濟艙,12722,5181,13333.0,28276732.53,88,80
2025-01-22,星期三,清晨7:25,早晨班機,TPE,中午12:05,下午抵達,SIN,長榮航空,1,直達航班。,Non-stop,4 小時 40 分鐘,No,Boeing 777,1,BR 225,經濟艙,13302,5653,12801.0,6216658.49,88,63
2025-01-23,星期四,上午8:20,早晨班機,TPE,下午1:05,下午抵達,SIN,中華航空,2,直達航班。,Non-stop,4 小時 45 分鐘,No,Airbus A350,0,CI 753,經濟艙,21999,5583,27483.0,51398298.52,86,67
2025-01-23,星期四,上午8:45,早晨班機,TPE,下午1:25,下午抵達,SIN,星宇航空,0,直達航班。,Non-stop,4 小時 40 分鐘,No,Airbus A321neo,0,JX 771,經濟艙,21307,5166,18478.0,71424824.28,86,72
2025-01-23,星期四,上午9:35,上午班機,TPE,下午2:30,下午抵達,SIN,長榮航空,1,直達航班。,Non-stop,4 小時 55 分鐘,No,Boeing 777,1,BR 215,經濟艙,20007,13458,17327.0,43504345.74,78,48
2025-01-23,星期四,下午4:10,下午班機,TPE,晚上8:55,晚間抵達,SIN,酷航,4,直達航班。,Non-stop,4 小時 45 分鐘,No,Boeing 787,1,TR 899,經濟艙,11167,4998,11288.0,9554187.73,86,77
2025-01-23,星期四,凌晨12:20,凌晨班機,TPE,凌晨4:55,凌晨抵達,SIN,酷航,4,直達航班。,Non-stop,4 小時 35 分鐘,No,Airbus A321neo,0,TR 875,經濟艙,10322,4398,11288.0,3457759.04,86,88
2025-01-23,星期四,凌晨1:30,凌晨班機,TPE,清晨6:15,早晨抵達,SIN,酷航,4,直達航班。,Non-stop,4 小時 45 分鐘,No,Boeing 787,1,TR 897,經濟艙,10320,3798,11288.0,3360004.27,86,88
2025-01-23,星期四,晚上10:20,晚間班機,TPE,"凌晨3:05 (星期五, 1月 24)",凌晨抵達,SIN,酷航,4,直達航班。,Non-stop,4 小時 45 分鐘,No,Airbus A321neo,0,TR 893,經濟艙,10469,4398,11288.0,6271391.51,86,81
2025-01-23,星期四,晚上7:55,晚間班機,TPE,"凌晨12:40 (星期五, 1月 24)",凌晨抵達,SIN,中華航空,2,直達航班。,Non-stop,4 小時 45 分鐘,No,Airbus A330,0,CI 755,經濟艙,19802,6182,18918.0,57615760.59,86,69
2025-01-23,星期四,清晨7:25,早晨班機,TPE,中午12:05,下午抵達,SIN,長榮航空,1,直達航班。,Non-stop,4 小時 40 分鐘,No,Boeing 777,0,BR 225,經濟艙,17334,5653,15471.5,32044704.42,86,56
2025-01-24,星期五,上午8:20,早晨班機,TPE,下午1:05,下午抵達,SIN,中華航空,2,直達航班。,Non-stop,4 小時 45 分鐘,No,Airbus A350,1,CI 753,經濟艙,23070,5583,18609.0,92029475.34,91,47
2025-01-24,星期五,上午8:45,早晨班機,TPE,下午1:25,下午抵達,SIN,星宇航空,0,直達航班。,Non-stop,4 小時 40 分鐘,No,Airbus A321neo,0,JX 771,經濟艙,23604,5166,18552.5,78599883.81,87,40
2025-01-24,星期五,下午4:10,下午班機,TPE,晚上8:55,晚間抵達,SIN,酷航,4,直達航班。,Non-stop,4 小時 45 分鐘,No,Boeing 787,1,TR 899,經濟艙,13558,4998,14288.0,6016524.04,91,55
2025-01-24,星期五,晚上7:55,晚間班機,TPE,"凌晨12:40 (星期六, 1月 25)",凌晨抵達,SIN,中華航空,2,直達航班。,Non-stop,4 小時 45 分鐘,No,Airbus A330,1,CI 755,經濟艙,20339,5181,18605.0,88555755.4,91,54
2025-01-25,星期六,上午8:45,早晨班機,TPE,下午1:25,下午抵達,SIN,星宇航空,0,直達航班。,Non-stop,4 小時 40 分鐘,No,Boeing 787,1,JX 771,經濟艙,19261,5166,20434.0,10444474.09,91,38
2025-01-25,星期六,上午9:35,上午班機,TPE,下午2:30,下午抵達,SIN,長榮航空,1,直達航班。,Non-stop,4 小時 55 分鐘,No,Boeing 777,-1,BR 215,經濟艙,26694,6257,33304.0,78364343.64,91,42
2025-01-25,星期六,下午4:10,下午班機,TPE,晚上8:55,晚間抵達,SIN,酷航,4,直達航班。,Non-stop,4 小時 45 分鐘,No,Boeing 787,1,TR 899,經濟艙,13426,4398,14288.0,3677114.25,91,71
2025-01-25,星期六,凌晨12:20,凌晨班機,TPE,凌晨4:55,凌晨抵達,SIN,酷航,4,直達航班。,Non-stop,4 小時 35 分鐘,No,Airbus A321neo,0,TR 875,經濟艙,13939,3798,14288.0,3162024.65,91,67
2025-01-25,星期六,凌晨1:30,凌晨班機,TPE,清晨6:15,早晨抵達,SIN,酷航,4,直達航班。,Non-stop,4 小時 45 分鐘,No,Airbus A321neo,0,TR 897,經濟艙,14288,14288,14288.0,0.0,90,63
2025-01-25,星期六,晚上10:20,晚間班機,TPE,"凌晨3:05 (星期日, 1月 26)",凌晨抵達,SIN,酷航,4,直達航班。,Non-stop,4 小時 45 分鐘,No,Boeing 787,1,TR 893,經濟艙,12866,4998,14288.0,4591084.33,89,72
2025-01-25,星期六,晚上7:55,晚間班機,TPE,"凌晨12:40 (星期日, 1月 26)",凌晨抵達,SIN,中華航空,2,直達航班。,Non-stop,4 小時 45 分鐘,No,Airbus A330,0,CI 755,經濟艙,16188,5181,18716.0,16772338.9,91,72
2025-01-26,星期日,上午8:20,早晨班機,TPE,下午1:05,下午抵達,SIN,中華航空,2,直達航班。,Non-stop,4 小時 45 分鐘,No,Airbus A350,1,CI 753,經濟艙,20680,5583,19038.0,30641744.91,89,57
2025-01-26,星期日,上午8:45,早晨班機,TPE,下午1:25,下午抵達,SIN,星宇航空,0,直達航班。,Non-stop,4 小時 40 分鐘,No,Airbus A321neo,0,JX 771,經濟艙,18585,5166,20184.5,16330953.54,89,80
2025-01-26,星期日,上午9:35,上午班機,TPE,下午2:30,下午抵達,SIN,長榮航空,1,直達航班。,Non-stop,4 小時 55 分鐘,No,Boeing 777,1,BR 215,經濟艙,18116,6915,18711.0,3797502.42,91,58
2025-01-26,星期日,下午4:10,下午班機,TPE,晚上8:55,晚間抵達,SIN,酷航,4,直達航班。,Non-stop,4 小時 45 分鐘,No,Boeing 787,1,TR 899,經濟艙,10356,4998,9588.0,4414051.0,91,86
2025-01-26,星期日,晚上10:20,晚間班機,TPE,"凌晨3:05 (星期一, 1月 27)",凌晨抵達,SIN,酷航,4,直達航班。,Non-stop,4 小時 45 分鐘,No,Boeing 787,1,TR 893,經濟艙,8293,4398,8288.0,3641602.98,89,91
2025-01-26,星期日,晚上7:55,晚間班機,TPE,"凌晨12:40 (星期一, 1月 27)",凌晨抵達,SIN,中華航空,2,直達航班。,Non-stop,4 小時 45 分鐘,No,Airbus A330,1,CI 755,經濟艙,12927,5181,12408.0,13914897.59,91,91
2025-01-26,星期日,清晨7:25,早晨班機,TPE,中午12:05,下午抵達,SIN,長榮航空,1,直達航班。,Non-stop,4 小時 40 分鐘,No,Boeing 777,1,BR 225,經濟艙,18795,5653,18710.0,20674351.55,89,61
2025-01-27,星期一,上午8:20,早晨班機,TPE,下午1:05,下午抵達,SIN,中華航空,2,直達航班。,Non-stop,4 小時 45 分鐘,No,Airbus A350,1,CI 753,經濟艙,15561,5583,16324.0,11290077.3,90,91
2025-01-27,星期一,上午8:45,早晨班機,TPE,下午1:25,下午抵達,SIN,星宇航空,0,直達航班。,Non-stop,4 小時 40 分鐘,No,Airbus A321neo,0,JX 771,經濟艙,14322,5166,14200.0,4083225.39,90,91
2025-01-27,星期一,上午9:35,上午班機,TPE,下午2:30,下午抵達,SIN,長榮航空,1,直達航班。,Non-stop,4 小時 55 分鐘,No,Boeing 777,1,BR 215,經濟艙,15972,6915,15978.0,4809492.15,91,83
2025-01-27,星期一,下午2:10,下午班機,TPE,下午6:55,晚間抵達,SIN,新加坡航空,1,直達航班。,Non-stop,4 小時 45 分鐘,No,Boeing 787,1,SQ 877,經濟艙,15339,9113,15329.0,4106726.43,91,36
2025-01-27,星期一,下午4:10,下午班機,TPE,晚上8:55,晚間抵達,SIN,酷航,4,直達航班。,Non-stop,4 小時 45 分鐘,No,Boeing 787,1,TR 899,經濟艙,7272,4998,7288.0,516480.32,91,91
2025-01-27,星期一,下午5:35,下午班機,TPE,晚上10:20,晚間抵達,SIN,新加坡航空,1,直達航班。,Non-stop,4 小時 45 分鐘,No,Boeing 787,1,SQ 879,經濟艙,19153,9113,17287.0,67116358.27,91,80
2025-01-27,星期一,凌晨12:20,凌晨班機,TPE,清晨5:05,凌晨抵達,SIN,酷航,4,直達航班。,Non-stop,4 小時 45 分鐘,No,Airbus A321neo,0,TR 875,經濟艙,7150,4398,7288.0,916974.48,91,91
2025-01-27,星期一,凌晨1:30,凌晨班機,TPE,清晨6:15,早晨抵達,SIN,酷航,4,直達航班。,Non-stop,4 小時 45 分鐘,No,Boeing 787,1,TR 897,經濟艙,7189,3798,7288.0,1534730.79,90,90
2025-01-27,星期一,晚上7:55,晚間班機,TPE,"凌晨12:40 (星期二, 1月 28)",凌晨抵達,SIN,中華航空,2,直達航班。,Non-stop,4 小時 45 分鐘,No,Airbus A330,1,CI 755,經濟艙,9339,5181,8921.0,2553699.68,91,91
2025-01-27,星期一,清晨7:25,早晨班機,TPE,中午12:05,下午抵達,SIN,長榮航空,1,直達航班。,Non-stop,4 小時 40 分鐘,No,Boeing 777,1,BR 225,經濟艙,14586,5653,15774.0,7579035.51,90,91
2025-01-28,星期二,上午8:20,早晨班機,TPE,下午1:05,下午抵達,SIN,中華航空,2,直達航班。,Non-stop,4 小時 45 分鐘,No,Airbus A350,1,CI 753,經濟艙,12222,5583,11547.0,2311459.62,91,91
2025-01-28,星期二,上午8:45,早晨班機,TPE,下午1:25,下午抵達,SIN,星宇航空,0,直達航班。,Non-stop,4 小時 40 分鐘,No,Airbus A321neo,0,JX 771,經濟艙,11197,5166,10326.0,4345869.78,91,91
2025-01-28,星期二,上午9:35,上午班機,TPE,下午2:30,下午抵達,SIN,長榮航空,1,直達航班。,Non-stop,4 小時 55 分鐘,No,Boeing 777,1,BR 215,經濟艙,10707,8968,10654.0,914591.97,5,91
2025-01-28,星期二,下午2:10,下午班機,TPE,下午6:55,晚間抵達,SIN,新加坡航空,1,直達航班。,Non-stop,4 小時 45 分鐘,No,Boeing 787,1,SQ 877,經濟艙,10664,10585,10599.0,283236.03,83,91
2025-01-28,星期二,下午4:10,下午班機,TPE,晚上8:55,晚間抵達,SIN,酷航,4,直達航班。,Non-stop,4 小時 45 分鐘,No,Boeing 787,1,TR 899,經濟艙,5786,4398,5698.0,697896.7,40,91
2025-01-28,星期二,下午5:35,下午班機,TPE,晚上10:20,晚間抵達,SIN,新加坡航空,1,直達航班。,Non-stop,4 小時 45 分鐘,No,Boeing 787,1,SQ 879,經濟艙,10654,10585,10599.0,275633.46,83,91
2025-01-28,星期二,凌晨12:20,凌晨班機,TPE,清晨5:05,凌晨抵達,SIN,酷航,4,直達航班。,Non-stop,4 小時 45 分鐘,No,Airbus A321neo,0,TR 875,經濟艙,5911,3798,5698.0,1452095.7,90,91
2025-01-28,星期二,凌晨1:30,凌晨班機,TPE,清晨6:15,早晨抵達,SIN,酷航,4,直達航班。,Non-stop,4 小時 45 分鐘,No,Boeing 787,1,TR 897,經濟艙,5685,3798,5698.0,221664.59,91,91
2025-01-28,星期二,晚上10:20,晚間班機,TPE,"凌晨3:05 (星期三, 1月 29)",凌晨抵達,SIN,酷航,4,直達航班。,Non-stop,4 小時 45 分鐘,No,Boeing 787,1,TR 893,經濟艙,4542,3298,4398.0,426257.0,90,91
2025-01-28,星期二,晚上7:55,晚間班機,TPE,"凌晨12:40 (星期三, 1月 29)",凌晨抵達,SIN,中華航空,2,直達航班。,Non-stop,4 小時 45 分鐘,No,Airbus A330,1,CI 755,經濟艙,7818,6182,7879.0,36792.65,91,91
2025-01-28,星期二,清晨7:25,早晨班機,TPE,中午12:05,下午抵達,SIN,長榮航空,1,直達航班。,Non-stop,4 小時 40 分鐘,No,Boeing 777,1,BR 225,經濟艙,10807,5653,10680.0,912082.58,91,91
2025-01-29,星期三,上午8:20,早晨班機,TPE,下午1:05,下午抵達,SIN,中華航空,2,直達航班。,Non-stop,4 小時 45 分鐘,No,Airbus A350,1,CI 753,經濟艙,19082,18411,18998.0,2174265.54,53,91
2025-01-29,星期三,上午8:45,早晨班機,TPE,下午1:25,下午抵達,SIN,星宇航空,0,直達航班。,Non-stop,4 小時 40 分鐘,No,Airbus A321neo,0,JX 771,經濟艙,17437,12277,17858.0,7986561.21,6,91
2025-01-29,星期三,上午9:35,上午班機,TPE,下午2:30,下午抵達,SIN,長榮航空,1,直達航班。,Non-stop,4 小時 55 分鐘,No,Boeing 777,1,BR 215,經濟艙,17438,12849,18429.0,1925054.02,1,91
2025-01-29,星期三,下午2:10,下午班機,TPE,下午6:55,晚間抵達,SIN,新加坡航空,1,直達航班。,Non-stop,4 小時 45 分鐘,No,Boeing 787,1,SQ 877,經濟艙,13925,10602,13448.0,7336828.23,6,91
2025-01-29,星期三,下午4:10,下午班機,TPE,晚上8:55,晚間抵達,SIN,酷航,4,直達航班。,Non-stop,4 小時 45 分鐘,No,Boeing 787,1,TR 899,經濟艙,5828,4998,5698.0,293141.0,91,91
2025-01-29,星期三,下午5:35,下午班機,TPE,晚上10:20,晚間抵達,SIN,新加坡航空,1,直達航班。,Non-stop,4 小時 45 分鐘,No,Boeing 787,1,SQ 879,經濟艙,10776,10585,10603.0,125323.64,84,91
2025-01-29,星期三,凌晨12:20,凌晨班機,TPE,清晨5:05,凌晨抵達,SIN,酷航,4,直達航班。,Non-stop,4 小時 45 分鐘,No,Airbus A321neo,0,TR 875,經濟艙,5477,4398,5698.0,372063.49,41,91
2025-01-29,星期三,凌晨1:30,凌晨班機,TPE,清晨6:15,早晨抵達,SIN,酷航,4,直達航班。,Non-stop,4 小時 45 分鐘,No,Boeing 787,1,TR 897,經濟艙,5661,4398,5698.0,1238231.23,88,91
2025-01-29,星期三,晚上7:55,晚間班機,TPE,"凌晨12:40 (星期四, 1月 30)",凌晨抵達,SIN,中華航空,2,直達航班。,Non-stop,4 小時 45 分鐘,No,Airbus A330,1,CI 755,經濟艙,7961,7669,7882.0,105302.1,53,91
2025-01-29,星期三,清晨7:25,早晨班機,TPE,中午12:05,下午抵達,SIN,長榮航空,1,直達航班。,Non-stop,4 小時 40 分鐘,No,Boeing 777,1,BR 225,經濟艙,16993,12487,18429.0,4494920.98,6,91
2025-01-30,星期四,上午8:20,早晨班機,TPE,下午1:05,下午抵達,SIN,中華航空,2,直達航班。,Non-stop,4 小時 45 分鐘,No,Airbus A350,1,CI 753,經濟艙,12022,10590,11547.0,746134.8,85,91
2025-01-30,星期四,上午8:45,早晨班機,TPE,下午1:25,下午抵達,SIN,星宇航空,0,直達航班。,Non-stop,4 小時 40 分鐘,No,Airbus A321neo,0,JX 771,經濟艙,10236,8395,10324.0,1400292.14,36,91
2025-01-30,星期四,上午9:35,上午班機,TPE,下午2:30,下午抵達,SIN,長榮航空,1,直達航班。,Non-stop,4 小時 55 分鐘,No,Boeing 777,1,BR 215,經濟艙,13927,11129,13559.0,1722591.45,7,91
2025-01-30,星期四,下午2:10,下午班機,TPE,下午6:55,晚間抵達,SIN,新加坡航空,1,直達航班。,Non-stop,4 小時 45 分鐘,No,Boeing 787,1,SQ 877,經濟艙,10599,10585,10599.0,31.44,85,91
2025-01-30,星期四,下午4:10,下午班機,TPE,晚上8:55,晚間抵達,SIN,酷航,4,直達航班。,Non-stop,4 小時 45 分鐘,No,Boeing 787,1,TR 899,經濟艙,6036,4398,5698.0,1452601.32,91,91
2025-01-30,星期四,下午5:35,下午班機,TPE,晚上10:20,晚間抵達,SIN,新加坡航空,1,直達航班。,Non-stop,4 小時 45 分鐘,No,Boeing 787,1,SQ 879,經濟艙,10628,10585,10599.0,25519.0,85,91
2025-01-30,星期四,凌晨1:30,凌晨班機,TPE,清晨6:15,早晨抵達,SIN,酷航,4,直達航班。,Non-stop,4 小時 45 分鐘,No,Boeing 787,1,TR 897,經濟艙,5455,4998,5698.0,206926.3,89,91
2025-01-30,星期四,晚上10:20,晚間班機,TPE,"凌晨3:05 (星期五, 1月 31)",凌晨抵達,SIN,酷航,4,直達航班。,Non-stop,4 小時 45 分鐘,No,Boeing 787,1,TR 893,經濟艙,4575,3298,4398.0,341572.65,86,91
2025-01-30,星期四,晚上7:55,晚間班機,TPE,"凌晨12:40 (星期五, 1月 31)",凌晨抵達,SIN,中華航空,2,直達航班。,Non-stop,4 小時 45 分鐘,No,Airbus A330,1,CI 755,經濟艙,7228,6893,7079.0,161729.94,54,91
2025-01-30,星期四,清晨7:25,早晨班機,TPE,中午12:05,下午抵達,SIN,長榮航空,1,直達航班。,Non-stop,4 小時 40 分鐘,No,Boeing 777,1,BR 225,經濟艙,11103,9587,11215.0,1160253.71,52,91
2025-01-31,星期五,上午8:20,早晨班機,TPE,下午1:05,下午抵達,SIN,中華航空,2,直達航班。,Non-stop,4 小時 45 分鐘,No,Airbus A350,1,CI 753,經濟艙,12662,9351,13210.0,1519319.61,86,91
2025-01-31,星期五,上午8:45,早晨班機,TPE,下午1:25,下午抵達,SIN,星宇航空,0,直達航班。,Non-stop,4 小時 40 分鐘,No,Airbus A321neo,0,JX 771,經濟艙,11226,8795,11323.0,938106.37,86,91
2025-01-31,星期五,上午9:35,上午班機,TPE,下午2:30,下午抵達,SIN,長榮航空,1,直達航班。,Non-stop,4 小時 55 分鐘,No,Boeing 777,1,BR 215,經濟艙,11168,6906,11111.0,2368434.23,86,91
2025-01-31,星期五,下午2:10,下午班機,TPE,下午6:55,晚間抵達,SIN,新加坡航空,1,直達航班。,Non-stop,4 小時 45 分鐘,No,Boeing 787,1,SQ 877,經濟艙,9454,9109,9126.0,187399.61,86,91
2025-01-31,星期五,下午4:10,下午班機,TPE,晚上8:55,晚間抵達,SIN,酷航,4,直達航班。,Non-stop,4 小時 45 分鐘,No,Boeing 787,1,TR 899,經濟艙,5497,4398,4998.0,853486.79,90,91
2025-01-31,星期五,下午5:35,下午班機,TPE,晚上10:20,晚間抵達,SIN,新加坡航空,1,直達航班。,Non-stop,4 小時 45 分鐘,No,Boeing 787,1,SQ 879,經濟艙,9211,9109,9123.0,71298.42,86,91
2025-01-31,星期五,凌晨12:20,凌晨班機,TPE,清晨5:05,凌晨抵達,SIN,酷航,4,直達航班。,Non-stop,4 小時 45 分鐘,No,Airbus A321neo,0,TR 875,經濟艙,5109,3298,4998.0,523914.14,87,91
2025-01-31,星期五,晚上7:55,晚間班機,TPE,"凌晨12:40 (星期六, 2月 1)",凌晨抵達,SIN,中華航空,2,直達航班。,Non-stop,4 小時 45 分鐘,No,Airbus A330,1,CI 755,經濟艙,7496,5174,7041.0,2801560.14,85,91
2025-01-31,星期五,清晨7:25,早晨班機,TPE,中午12:05,下午抵達,SIN,長榮航空,1,直達航班。,Non-stop,4 小時 40 分鐘,No,Boeing 777,1,BR 225,經濟艙,11094,6802,10409.0,2699391.42,52,91
2025-02-01,星期六,上午8:20,早晨班機,TPE,下午1:05,下午抵達,SIN,中華航空,2,直達航班。,Non-stop,4 小時 45 分鐘,No,Airbus A350,1,CI 753,經濟艙,11624,6816,11062.0,6224932.34,91,91
2025-02-01,星期六,上午8:45,早晨班機,TPE,下午1:25,下午抵達,SIN,星宇航空,0,直達航班。,Non-stop,4 小時 40 分鐘,No,Airbus A321neo,0,JX 771,經濟艙,11742,8795,11324.0,3630331.5,87,91
2025-02-01,星期六,上午9:35,上午班機,TPE,下午2:30,下午抵達,SIN,長榮航空,1,直達航班。,Non-stop,4 小時 55 分鐘,No,Boeing 777,1,BR 215,經濟艙,15251,6919,13284.0,62804992.58,84,91
2025-02-01,星期六,下午2:10,下午班機,TPE,下午6:55,晚間抵達,SIN,新加坡航空,1,直達航班。,Non-stop,4 小時 45 分鐘,No,Boeing 787,1,SQ 877,經濟艙,14348,9109,15811.0,24788678.18,87,80
2025-02-01,星期六,下午4:10,下午班機,TPE,晚上8:55,晚間抵達,SIN,酷航,4,直達航班。,Non-stop,4 小時 45 分鐘,No,Boeing 787,1,TR 899,經濟艙,6903,6438,6438.0,386583.03,81,91
2025-02-01,星期六,下午5:35,下午班機,TPE,晚上10:20,晚間抵達,SIN,新加坡航空,1,直達航班。,Non-stop,4 小時 45 分鐘,No,Boeing 787,1,SQ 879,經濟艙,12892,8533,12961.0,7457742.48,39,82
2025-02-01,星期六,凌晨12:20,凌晨班機,TPE,凌晨4:55,凌晨抵達,SIN,酷航,4,直達航班。,Non-stop,4 小時 35 分鐘,No,Airbus A321neo,0,TR 875,經濟艙,5179,4398,4998.0,112560.55,52,90
2025-02-01,星期六,凌晨1:30,凌晨班機,TPE,清晨6:15,早晨抵達,SIN,酷航,4,直達航班。,Non-stop,4 小時 45 分鐘,No,Boeing 787,1,TR 897,經濟艙,4899,3798,4998.0,186403.25,90,90
2025-02-01,星期六,晚上10:20,晚間班機,TPE,"凌晨3:05 (星期日, 2月 2)",凌晨抵達,SIN,酷航,4,直達航班。,Non-stop,4 小時 45 分鐘,No,Boeing 787,1,TR 893,經濟艙,5747,4398,5698.0,183056.83,4,91
2025-02-01,星期六,晚上7:55,晚間班機,TPE,"凌晨12:40 (星期日, 2月 2)",凌晨抵達,SIN,中華航空,2,直達航班。,Non-stop,4 小時 45 分鐘,No,Airbus A330,1,CI 755,經濟艙,12076,6596,12446.0,8506135.31,87,91
2025-02-01,星期六,清晨7:25,早晨班機,TPE,中午12:05,下午抵達,SIN,長榮航空,1,直達航班。,Non-stop,4 小時 40 分鐘,No,Boeing 777,1,BR 225,經濟艙,11610,6251,10237.5,19907123.3,88,90
2025-02-02,星期日,上午8:20,早晨班機,TPE,下午1:05,下午抵達,SIN,中華航空,2,直達航班。,Non-stop,4 小時 45 分鐘,No,Airbus A350,1,CI 753,經濟艙,13210,9351,13237.5,5500358.22,88,88
2025-02-02,星期日,上午8:45,早晨班機,TPE,下午1:25,下午抵達,SIN,星宇航空,0,直達航班。,Non-stop,4 小時 40 分鐘,No,Airbus A321neo,0,JX 771,經濟艙,13432,9172,15097.0,5212169.51,88,85
2025-02-02,星期日,上午9:35,上午班機,TPE,下午2:30,下午抵達,SIN,長榮航空,1,直達航班。,Non-stop,4 小時 55 分鐘,No,Boeing 777,1,BR 215,經濟艙,16386,9404,15283.0,28026939.93,88,82
2025-02-02,星期日,下午2:10,下午班機,TPE,下午6:55,晚間抵達,SIN,新加坡航空,1,直達航班。,Non-stop,4 小時 45 分鐘,No,Boeing 787,1,SQ 877,經濟艙,25885,13852,31950.0,63145820.25,2,37
2025-02-02,星期日,下午4:10,下午班機,TPE,晚上8:55,晚間抵達,SIN,酷航,4,直達航班。,Non-stop,4 小時 45 分鐘,No,Boeing 787,1,TR 899,經濟艙,9478,6438,8288.0,8178817.03,82,89
2025-02-02,星期日,下午5:35,下午班機,TPE,晚上10:20,晚間抵達,SIN,新加坡航空,1,直達航班。,Non-stop,4 小時 45 分鐘,No,Boeing 787,1,SQ 879,經濟艙,21971,10881,15817.0,69603471.15,91,67
2025-02-02,星期日,凌晨12:20,凌晨班機,TPE,清晨5:05,凌晨抵達,SIN,酷航,4,直達航班。,Non-stop,4 小時 45 分鐘,No,Airbus A321neo,0,TR 875,經濟艙,6134,4998,6438.0,463671.43,91,91
2025-02-02,星期日,凌晨1:30,凌晨班機,TPE,清晨6:15,早晨抵達,SIN,酷航,4,直達航班。,Non-stop,4 小時 45 分鐘,No,Boeing 787,1,TR 897,經濟艙,6315,4398,6438.0,1203393.46,91,91
2025-02-02,星期日,晚上10:20,晚間班機,TPE,"凌晨3:05 (星期一, 2月 3)",凌晨抵達,SIN,酷航,4,直達航班。,Non-stop,4 小時 45 分鐘,No,Boeing 787,1,TR 893,經濟艙,5934,4998,5698.0,281263.05,89,91
2025-02-02,星期日,晚上7:55,晚間班機,TPE,"凌晨12:40 (星期一, 2月 3)",凌晨抵達,SIN,中華航空,2,直達航班。,Non-stop,4 小時 45 分鐘,No,Airbus A330,1,CI 755,經濟艙,12766,9351,12921.0,4384477.89,88,91
2025-02-02,星期日,清晨7:25,早晨班機,TPE,中午12:05,下午抵達,SIN,長榮航空,1,直達航班。,Non-stop,4 小時 40 分鐘,No,Boeing 777,1,BR 225,經濟艙,13671,7518,13314.0,32757964.7,46,81
2025-02-03,星期一,上午8:20,早晨班機,TPE,下午1:05,下午抵達,SIN,中華航空,2,直達航班。,Non-stop,4 小時 45 分鐘,No,Airbus A350,1,CI 753,經濟艙,12294,5576,15042.0,17077174.4,88,91
2025-02-03,星期一,上午8:45,早晨班機,TPE,下午1:25,下午抵達,SIN,星宇航空,0,直達航班。,Non-stop,4 小時 40 分鐘,No,Airbus A321neo,0,JX 771,經濟艙,11773,7537,10950.0,9114823.42,89,89
2025-02-03,星期一,上午9:35,上午班機,TPE,下午2:30,下午抵達,SIN,長榮航空,1,直達航班。,Non-stop,4 小時 55 分鐘,No,Boeing 777,1,BR 215,經濟艙,12697,6251,13279.0,3632818.52,91,91
2025-02-03,星期一,下午2:10,下午班機,TPE,下午6:55,晚間抵達,SIN,新加坡航空,1,直達航班。,Non-stop,4 小時 45 分鐘,No,Boeing 787,1,SQ 877,經濟艙,13124,8420,13852.0,8647631.01,89,75
2025-02-03,星期一,下午4:10,下午班機,TPE,晚上8:55,晚間抵達,SIN,酷航,4,直達航班。,Non-stop,4 小時 45 分鐘,No,Boeing 787,1,TR 899,經濟艙,6020,3298,6438.0,537657.93,7,90
2025-02-03,星期一,下午5:35,下午班機,TPE,晚上10:20,晚間抵達,SIN,新加坡航空,1,直達航班。,Non-stop,4 小時 45 分鐘,No,Boeing 787,1,SQ 879,經濟艙,11957,8420,10991.5,21324075.11,89,88
2025-02-03,星期一,凌晨1:30,凌晨班機,TPE,清晨6:15,早晨抵達,SIN,酷航,4,直達航班。,Non-stop,4 小時 45 分鐘,No,Boeing 787,1,TR 897,經濟艙,5288,3298,4998.0,485941.0,54,91
2025-02-03,星期一,晚上7:55,晚間班機,TPE,"凌晨12:40 (星期二, 2月 4)",凌晨抵達,SIN,中華航空,2,直達航班。,Non-stop,4 小時 45 分鐘,No,Airbus A330,1,CI 755,經濟艙,8598,5173,9289.0,6002645.23,89,91
2025-02-03,星期一,清晨7:25,早晨班機,TPE,中午12:05,下午抵達,SIN,長榮航空,1,直達航班。,Non-stop,4 小時 40 分鐘,No,Boeing 777,1,BR 225,經濟艙,10100,5645,9432.0,6146151.69,89,91
2025-02-04,星期二,上午8:20,早晨班機,TPE,下午1:05,下午抵達,SIN,中華航空,2,直達航班。,Non-stop,4 小時 45 分鐘,No,Airbus A350,1,CI 753,經濟艙,8844,5575,7277.0,15289900.2,90,91
2025-02-04,星期二,上午8:45,早晨班機,TPE,下午1:25,下午抵達,SIN,星宇航空,0,直達航班。,Non-stop,4 小時 40 分鐘,No,Airbus A321neo,0,JX 771,經濟艙,7594,5536,7135.0,2362566.03,90,91
2025-02-04,星期二,上午9:35,上午班機,TPE,下午2:30,下午抵達,SIN,長榮航空,1,直達航班。,Non-stop,4 小時 55 分鐘,No,Boeing 777,1,BR 215,經濟艙,8201,6249,6875.0,3630608.21,90,91
2025-02-04,星期二,下午2:10,下午班機,TPE,下午6:55,晚間抵達,SIN,新加坡航空,1,直達航班。,Non-stop,4 小時 45 分鐘,No,Boeing 787,1,SQ 877,經濟艙,8763,8026,8535.0,411478.47,90,91
2025-02-04,星期二,下午4:10,下午班機,TPE,晚上8:55,晚間抵達,SIN,酷航,4,直達航班。,Non-stop,4 小時 45 分鐘,No,Boeing 787,1,TR 899,經濟艙,4267,3298,4398.0,357487.18,31,91
2025-02-04,星期二,下午5:35,下午班機,TPE,晚上10:20,晚間抵達,SIN,新加坡航空,1,直達航班。,Non-stop,4 小時 45 分鐘,No,Boeing 787,1,SQ 879,經濟艙,8459,8026,8531.0,130284.32,90,91
2025-02-04,星期二,凌晨12:20,凌晨班機,TPE,清晨5:05,凌晨抵達,SIN,酷航,4,直達航班。,Non-stop,4 小時 45 分鐘,No,Airbus A321neo,0,TR 875,經濟艙,4256,2898,4398.0,518014.65,12,91
2025-02-04,星期二,凌晨1:30,凌晨班機,TPE,清晨6:15,早晨抵達,SIN,酷航,4,直達航班。,Non-stop,4 小時 45 分鐘,No,Boeing 787,1,TR 897,經濟艙,3572,2898,3298.0,151963.37,55,91
2025-02-04,星期二,晚上10:20,晚間班機,TPE,"凌晨3:05 (星期三, 2月 5)",凌晨抵達,SIN,酷航,4,直達航班。,Non-stop,4 小時 45 分鐘,No,Boeing 787,1,TR 893,經濟艙,3433,2588,3298.0,212794.02,19,91
2025-02-04,星期二,晚上7:55,晚間班機,TPE,"凌晨12:40 (星期三, 2月 5)",凌晨抵達,SIN,中華航空,2,直達航班。,Non-stop,4 小時 45 分鐘,No,Airbus A330,1,CI 755,經濟艙,5505,5173,5493.0,60657.25,90,91
2025-02-04,星期二,清晨7:25,早晨班機,TPE,中午12:05,下午抵達,SIN,長榮航空,1,直達航班。,Non-stop,4 小時 40 分鐘,No,Boeing 777,1,BR 225,經濟艙,6304,5645,6160.0,372578.8,90,91
2025-02-05,星期三,上午8:20,早晨班機,TPE,下午1:05,下午抵達,SIN,中華航空,2,直達航班。,Non-stop,4 小時 45 分鐘,No,Airbus A350,1,CI 753,經濟艙,5887,5552,5838.0,82392.96,43,90
2025-02-05,星期三,上午8:45,早晨班機,TPE,下午1:25,下午抵達,SIN,星宇航空,0,直達航班。,Non-stop,4 小時 40 分鐘,No,Airbus A321neo,0,JX 771,經濟艙,6450,5278,6384.5,342575.55,41,90
2025-02-05,星期三,上午9:35,上午班機,TPE,下午2:30,下午抵達,SIN,長榮航空,1,直達航班。,Non-stop,4 小時 55 分鐘,No,Boeing 777,1,BR 215,經濟艙,6587,5645,6489.5,488406.59,91,90
2025-02-05,星期三,下午2:10,下午班機,TPE,下午6:55,晚間抵達,SIN,新加坡航空,1,直達航班。,Non-stop,4 小時 45 分鐘,No,Boeing 787,1,SQ 877,經濟艙,8125,8026,8140.0,1523.44,91,90
2025-02-05,星期三,下午4:10,下午班機,TPE,晚上8:55,晚間抵達,SIN,酷航,4,直達航班。,Non-stop,4 小時 45 分鐘,No,Boeing 787,1,TR 899,經濟艙,3667,3298,3298.0,249133.58,57,90
2025-02-05,星期三,下午5:35,下午班機,TPE,晚上10:20,晚間抵達,SIN,新加坡航空,1,直達航班。,Non-stop,4 小時 45 分鐘,No,Boeing 787,1,SQ 879,經濟艙,8125,8026,8140.0,1523.44,91,90
2025-02-05,星期三,凌晨12:20,凌晨班機,TPE,清晨5:05,凌晨抵達,SIN,酷航,4,直達航班。,Non-stop,4 小時 45 分鐘,No,Airbus A321neo,0,TR 875,經濟艙,3520,2588,3548.0,351918.15,20,90
2025-02-05,星期三,凌晨1:30,凌晨班機,TPE,清晨6:15,早晨抵達,SIN,酷航,4,直達航班。,Non-stop,4 小時 45 分鐘,No,Boeing 787,1,TR 897,經濟艙,3723,2588,3298.0,6792897.98,64,89
2025-02-05,星期三,晚上7:55,晚間班機,TPE,"凌晨12:40 (星期四, 2月 6)",凌晨抵達,SIN,中華航空,2,直達航班。,Non-stop,4 小時 45 分鐘,No,Airbus A330,1,CI 755,經濟艙,5509,5173,5495.0,60099.04,91,90
2025-02-05,星期三,清晨7:25,早晨班機,TPE,中午12:05,下午抵達,SIN,長榮航空,1,直達航班。,Non-stop,4 小時 40 分鐘,No,Boeing 777,1,BR 225,經濟艙,7036,5645,6875.0,257415.86,91,90
2025-02-06,星期四,上午8:20,早晨班機,TPE,下午1:05,下午抵達,SIN,中華航空,2,直達航班。,Non-stop,4 小時 45 分鐘,No,Airbus A350,1,CI 753,經濟艙,5868,5552,5840.0,63789.89,44,89
2025-02-06,星期四,上午8:45,早晨班機,TPE,下午1:25,下午抵達,SIN,星宇航空,0,直達航班。,Non-stop,4 小時 40 分鐘,No,Boeing 787,1,JX 771,經濟艙,6118,5163,6322.0,473789.76,91,68
2025-02-06,星期四,上午9:35,上午班機,TPE,下午2:30,下午抵達,SIN,長榮航空,1,直達航班。,Non-stop,4 小時 55 分鐘,No,Boeing 777,1,BR 215,經濟艙,6489,5646,6189.0,470833.43,91,89
2025-02-06,星期四,下午2:10,下午班機,TPE,下午6:55,晚間抵達,SIN,新加坡航空,1,直達航班。,Non-stop,4 小時 45 分鐘,No,Boeing 787,1,SQ 877,經濟艙,8126,8027,8140.0,1428.12,91,89
2025-02-06,星期四,下午4:10,下午班機,TPE,晚上8:55,晚間抵達,SIN,酷航,4,直達航班。,Non-stop,4 小時 45 分鐘,No,Boeing 787,1,TR 899,經濟艙,3244,2588,3298.0,178819.82,23,89
2025-02-06,星期四,下午5:35,下午班機,TPE,晚上10:20,晚間抵達,SIN,新加坡航空,1,直達航班。,Non-stop,4 小時 45 分鐘,No,Boeing 787,1,SQ 879,經濟艙,8126,8027,8140.0,1428.12,91,89
2025-02-06,星期四,凌晨1:30,凌晨班機,TPE,清晨6:15,早晨抵達,SIN,酷航,4,直達航班。,Non-stop,4 小時 45 分鐘,No,Boeing 787,1,TR 897,經濟艙,3182,2588,3298.0,249856.84,65,89
2025-02-06,星期四,晚上10:20,晚間班機,TPE,"凌晨3:05 (星期五, 2月 7)",凌晨抵達,SIN,酷航,4,直達航班。,Non-stop,4 小時 45 分鐘,No,Boeing 787,1,TR 893,經濟艙,2810,2588,2588.0,1534107.23,65,89
2025-02-06,星期四,晚上7:55,晚間班機,TPE,"凌晨12:40 (星期五, 2月 7)",凌晨抵達,SIN,中華航空,2,直達航班。,Non-stop,4 小時 45 分鐘,No,Airbus A330,1,CI 755,經濟艙,5513,5174,5497.0,59484.58,91,89
2025-02-06,星期四,清晨7:25,早晨班機,TPE,中午12:05,下午抵達,SIN,長榮航空,1,直達航班。,Non-stop,4 小時 40 分鐘,No,Boeing 777,1,BR 225,經濟艙,6128,5646,6134.0,117353.45,91,89
2025-02-07,星期五,上午8:20,早晨班機,TPE,下午1:05,下午抵達,SIN,中華航空,2,直達航班。,Non-stop,4 小時 45 分鐘,No,Airbus A350,1,CI 753,經濟艙,5872,5552,5840.0,63866.27,45,88
2025-02-07,星期五,上午8:45,早晨班機,TPE,下午1:25,下午抵達,SIN,星宇航空,0,直達航班。,Non-stop,4 小時 40 分鐘,No,Airbus A321neo,0,JX 771,經濟艙,5615,5168,5883.0,96017.79,90,67
2025-02-07,星期五,上午9:35,上午班機,TPE,下午2:30,下午抵達,SIN,長榮航空,1,直達航班。,Non-stop,4 小時 55 分鐘,No,Boeing 777,1,BR 215,經濟艙,6109,5658,6147.0,71390.64,90,88
2025-02-07,星期五,下午2:10,下午班機,TPE,下午6:55,晚間抵達,SIN,新加坡航空,1,直達航班。,Non-stop,4 小時 45 分鐘,No,Boeing 787,1,SQ 877,經濟艙,8126,8033,8140.5,1417.23,91,88
2025-02-07,星期五,下午4:10,下午班機,TPE,晚上8:55,晚間抵達,SIN,酷航,4,直達航班。,Non-stop,4 小時 45 分鐘,No,Boeing 787,1,TR 899,經濟艙,2734,2299,2588.0,107956.35,58,88
2025-02-07,星期五,下午5:35,下午班機,TPE,晚上10:20,晚間抵達,SIN,新加坡航空,1,直達航班。,Non-stop,4 小時 45 分鐘,No,Boeing 787,1,SQ 879,經濟艙,8126,8033,8140.5,1417.23,91,88
2025-02-07,星期五,凌晨12:20,凌晨班機,TPE,清晨5:05,凌晨抵達,SIN,酷航,4,直達航班。,Non-stop,4 小時 45 分鐘,No,Airbus A321neo,0,TR 875,經濟艙,2643,2299,2588.0,32725.42,58,88
2025-02-07,星期五,凌晨1:30,凌晨班機,TPE,清晨6:15,早晨抵達,SIN,酷航,4,直達航班。,Non-stop,4 小時 45 分鐘,No,Boeing 787,1,TR 897,經濟艙,2562,2299,2588.0,11657.94,58,88
2025-02-07,星期五,晚上7:55,晚間班機,TPE,"凌晨12:40 (星期六, 2月 8)",凌晨抵達,SIN,中華航空,2,直達航班。,Non-stop,4 小時 45 分鐘,No,Airbus A330,1,CI 755,經濟艙,5517,5186,5497.0,58834.05,90,88
2025-02-07,星期五,清晨7:25,早晨班機,TPE,中午12:05,下午抵達,SIN,長榮航空,1,直達航班。,Non-stop,4 小時 40 分鐘,No,Boeing 777,1,BR 225,經濟艙,6109,5658,6147.0,71390.64,90,88
2025-02-08,星期六,上午8:20,早晨班機,TPE,下午1:05,下午抵達,SIN,中華航空,2,直達航班。,Non-stop,4 小時 45 分鐘,No,Airbus A350,1,CI 753,經濟艙,5875,5552,5840.0,63672.3,46,87
2025-02-08,星期六,上午8:45,早晨班機,TPE,下午1:25,下午抵達,SIN,星宇航空,0,直達航班。,Non-stop,4 小時 40 分鐘,No,Airbus A321neo,0,JX 771,經濟艙,5694,5168,5883.0,152794.57,91,66
2025-02-08,星期六,上午9:35,上午班機,TPE,下午2:30,下午抵達,SIN,長榮航空,1,直達航班。,Non-stop,4 小時 55 分鐘,No,Boeing 777,1,BR 215,經濟艙,6106,5658,6160.0,62532.84,91,87
2025-02-08,星期六,下午2:10,下午班機,TPE,下午6:55,晚間抵達,SIN,新加坡航空,1,直達航班。,Non-stop,4 小時 45 分鐘,No,Boeing 787,1,SQ 877,經濟艙,8127,8033,8141.0,1327.13,91,87
2025-02-08,星期六,下午4:10,下午班機,TPE,晚上8:55,晚間抵達,SIN,酷航,4,直達航班。,Non-stop,4 小時 45 分鐘,No,Boeing 787,1,TR 899,經濟艙,3527,2399,3798.0,658201.12,23,87
2025-02-08,星期六,下午5:35,下午班機,TPE,晚上10:20,晚間抵達,SIN,新加坡航空,1,直達航班。,Non-stop,4 小時 45 分鐘,No,Boeing 787,1,SQ 879,經濟艙,8127,8033,8141.0,1327.13,91,87
2025-02-08,星期六,凌晨12:20,凌晨班機,TPE,凌晨4:55,凌晨抵達,SIN,酷航,4,直達航班。,Non-stop,4 小時 35 分鐘,No,Airbus A321neo,0,TR 875,經濟艙,2551,2299,2588.0,7741.68,59,87
2025-02-08,星期六,凌晨1:30,凌晨班機,TPE,清晨6:15,早晨抵達,SIN,酷航,4,直達航班。,Non-stop,4 小時 45 分鐘,No,Boeing 787,1,TR 897,經濟艙,2551,2299,2588.0,7741.68,59,87
2025-02-08,星期六,晚上10:20,晚間班機,TPE,"凌晨3:05 (星期日, 2月 9)",凌晨抵達,SIN,酷航,4,直達航班。,Non-stop,4 小時 45 分鐘,No,Boeing 787,1,TR 893,經濟艙,2611,2299,2588.0,27598.92,59,87
2025-02-08,星期六,晚上7:55,晚間班機,TPE,"凌晨12:40 (星期日, 2月 9)",凌晨抵達,SIN,中華航空,2,直達航班。,Non-stop,4 小時 45 分鐘,No,Airbus A330,1,CI 755,經濟艙,5520,5186,5497.0,58247.9,91,87
2025-02-08,星期六,清晨7:25,早晨班機,TPE,中午12:05,下午抵達,SIN,長榮航空,1,直達航班。,Non-stop,4 小時 40 分鐘,No,Boeing 777,1,BR 225,經濟艙,6106,5658,6160.0,62532.84,91,87
2025-02-09,星期日,上午8:20,早晨班機,TPE,下午1:05,下午抵達,SIN,中華航空,2,直達航班。,Non-stop,4 小時 45 分鐘,No,Airbus A350,1,CI 753,經濟艙,5879,5552,5840.0,63438.08,47,86
2025-02-09,星期日,上午8:45,早晨班機,TPE,下午1:25,下午抵達,SIN,星宇航空,0,直達航班。,Non-stop,4 小時 40 分鐘,No,Airbus A321neo,0,JX 771,經濟艙,5806,5168,5898.0,192683.21,91,65
2025-02-09,星期日,上午9:35,上午班機,TPE,下午2:30,下午抵達,SIN,長榮航空,1,直達航班。,Non-stop,4 小時 55 分鐘,No,Boeing 777,1,BR 215,經濟艙,6110,5658,6171.5,48622.83,91,86
2025-02-09,星期日,下午2:10,下午班機,TPE,下午6:55,晚間抵達,SIN,新加坡航空,1,直達航班。,Non-stop,4 小時 45 分鐘,No,Boeing 787,1,SQ 877,經濟艙,8128,8033,8141.0,1241.83,91,86
2025-02-09,星期日,下午4:10,下午班機,TPE,晚上8:55,晚間抵達,SIN,酷航,4,直達航班。,Non-stop,4 小時 45 分鐘,No,Boeing 787,1,TR 899,經濟艙,4142,2399,4398.0,914037.09,24,86
2025-02-09,星期日,下午5:35,下午班機,TPE,晚上10:20,晚間抵達,SIN,新加坡航空,1,直達航班。,Non-stop,4 小時 45 分鐘,No,Boeing 787,1,SQ 879,經濟艙,8128,8033,8141.0,1241.83,91,86
2025-02-09,星期日,凌晨12:20,凌晨班機,TPE,清晨5:05,凌晨抵達,SIN,酷航,4,直達航班。,Non-stop,4 小時 45 分鐘,No,Airbus A321neo,0,TR 875,經濟艙,2554,2299,2588.0,9208.95,60,86
2025-02-09,星期日,凌晨1:30,凌晨班機,TPE,清晨6:15,早晨抵達,SIN,酷航,4,直達航班。,Non-stop,4 小時 45 分鐘,No,Boeing 787,1,TR 897,經濟艙,2550,2299,2588.0,7816.19,60,86
2025-02-09,星期日,晚上10:20,晚間班機,TPE,"凌晨3:05 (星期一, 2月 10)",凌晨抵達,SIN,酷航,4,直達航班。,Non-stop,4 小時 45 分鐘,No,Boeing 787,1,TR 893,經濟艙,2554,2299,2588.0,9208.95,60,86
2025-02-09,星期日,晚上7:55,晚間班機,TPE,"凌晨12:40 (星期一, 2月 10)",凌晨抵達,SIN,中華航空,2,直達航班。,Non-stop,4 小時 45 分鐘,No,Airbus A330,1,CI 755,經濟艙,5524,5186,5497.0,57602.19,91,86
2025-02-09,星期日,清晨7:25,早晨班機,TPE,中午12:05,下午抵達,SIN,長榮航空,1,直達航班。,Non-stop,4 小時 40 分鐘,No,Boeing 777,1,BR 225,經濟艙,6094,5658,6171.5,32536.88,91,86
2025-02-10,星期一,上午8:20,早晨班機,TPE,下午1:05,下午抵達,SIN,中華航空,2,直達航班。,Non-stop,4 小時 45 分鐘,No,Airbus A350,1,CI 753,經濟艙,5882,5552,5840.0,63174.88,48,85
2025-02-10,星期一,上午8:45,早晨班機,TPE,下午1:25,下午抵達,SIN,星宇航空,0,直達航班。,Non-stop,4 小時 40 分鐘,No,Boeing 787,1,JX 771,經濟艙,5624,5168,5883.0,94522.07,91,64
2025-02-10,星期一,上午9:35,上午班機,TPE,下午2:30,下午抵達,SIN,長榮航空,1,直達航班。,Non-stop,4 小時 55 分鐘,No,Boeing 777,1,BR 215,經濟艙,6188,5658,6183.0,125580.32,91,85
2025-02-10,星期一,下午2:10,下午班機,TPE,下午6:55,晚間抵達,SIN,新加坡航空,1,直達航班。,Non-stop,4 小時 45 分鐘,No,Boeing 787,1,SQ 877,經濟艙,8131,8033,8141.0,1049.49,91,85
2025-02-10,星期一,下午4:10,下午班機,TPE,晚上8:55,晚間抵達,SIN,酷航,4,直達航班。,Non-stop,4 小時 45 分鐘,No,Boeing 787,1,TR 899,經濟艙,3721,2399,4398.0,631378.21,25,85
2025-02-10,星期一,下午5:35,下午班機,TPE,晚上10:20,晚間抵達,SIN,新加坡航空,1,直達航班。,Non-stop,4 小時 45 分鐘,No,Boeing 787,1,SQ 879,經濟艙,8131,8033,8141.0,1049.49,91,85
2025-02-10,星期一,凌晨1:30,凌晨班機,TPE,清晨6:15,早晨抵達,SIN,酷航,4,直達航班。,Non-stop,4 小時 45 分鐘,No,Boeing 787,1,TR 897,經濟艙,2917,2399,2588.0,237787.37,25,85
2025-02-10,星期一,清晨7:25,早晨班機,TPE,中午12:05,下午抵達,SIN,長榮航空,1,直達航班。,Non-stop,4 小時 40 分鐘,No,Boeing 777,1,BR 225,經濟艙,6099,5658,6183.0,30632.6,91,85
2025-02-11,星期二,上午8:20,早晨班機,TPE,下午1:05,下午抵達,SIN,中華航空,2,直達航班。,Non-stop,4 小時 45 分鐘,No,Airbus A350,1,CI 753,經濟艙,5886,5552,5840.0,62880.79,49,84
2025-02-11,星期二,上午8:45,早晨班機,TPE,下午1:25,下午抵達,SIN,星宇航空,0,直達航班。,Non-stop,4 小時 40 分鐘,No,Airbus A321neo,0,JX 771,經濟艙,5719,5169,5883.0,146163.61,91,63
2025-02-11,星期二,上午9:35,上午班機,TPE,下午2:30,下午抵達,SIN,長榮航空,1,直達航班。,Non-stop,4 小時 55 分鐘,No,Boeing 777,1,BR 215,經濟艙,6113,5660,6184.0,36430.39,91,84
2025-02-11,星期二,下午2:10,下午班機,TPE,下午6:55,晚間抵達,SIN,新加坡航空,1,直達航班。,Non-stop,4 小時 45 分鐘,No,Boeing 787,1,SQ 877,經濟艙,8132,8034,8141.0,946.08,91,84
2025-02-11,星期二,下午4:10,下午班機,TPE,晚上8:55,晚間抵達,SIN,酷航,4,直達航班。,Non-stop,4 小時 45 分鐘,No,Boeing 787,1,TR 899,經濟艙,3486,2399,3798.0,243047.06,26,84
2025-02-11,星期二,下午5:35,下午班機,TPE,晚上10:20,晚間抵達,SIN,新加坡航空,1,直達航班。,Non-stop,4 小時 45 分鐘,No,Boeing 787,1,SQ 879,經濟艙,8132,8034,8141.0,946.08,91,84
2025-02-11,星期二,凌晨12:20,凌晨班機,TPE,清晨5:05,凌晨抵達,SIN,酷航,4,直達航班。,Non-stop,4 小時 45 分鐘,No,Airbus A321neo,0,TR 875,經濟艙,2634,2299,2588.0,31916.13,62,84
2025-02-11,星期二,凌晨1:30,凌晨班機,TPE,清晨6:15,早晨抵達,SIN,酷航,4,直達航班。,Non-stop,4 小時 45 分鐘,No,Boeing 787,1,TR 897,經濟艙,2583,2299,2588.0,19871.31,62,84
2025-02-11,星期二,晚上10:20,晚間班機,TPE,"凌晨3:05 (星期三, 2月 12)",凌晨抵達,SIN,酷航,4,直達航班。,Non-stop,4 小時 45 分鐘,No,Boeing 787,1,TR 893,經濟艙,2685,2299,2588.0,45801.85,62,84
2025-02-11,星期二,清晨7:25,早晨班機,TPE,中午12:05,下午抵達,SIN,長榮航空,1,直達航班。,Non-stop,4 小時 40 分鐘,No,Boeing 777,1,BR 225,經濟艙,6113,5660,6184.0,36430.39,91,84
2025-02-12,星期三,上午8:20,早晨班機,TPE,下午1:05,下午抵達,SIN,中華航空,2,直達航班。,Non-stop,4 小時 45 分鐘,No,Airbus A350,1,CI 753,經濟艙,5889,5552,5840.0,62568.44,50,83
2025-02-12,星期三,上午8:45,早晨班機,TPE,下午1:25,下午抵達,SIN,星宇航空,0,直達航班。,Non-stop,4 小時 40 分鐘,No,Airbus A321neo,0,JX 771,經濟艙,5639,5171,5883.0,90595.7,91,62
2025-02-12,星期三,上午9:35,上午班機,TPE,下午2:30,下午抵達,SIN,長榮航空,1,直達航班。,Non-stop,4 小時 55 分鐘,No,Boeing 777,1,BR 215,經濟艙,6127,5665,6185.0,41877.18,91,83
2025-02-12,星期三,下午2:10,下午班機,TPE,下午6:55,晚間抵達,SIN,新加坡航空,1,直達航班。,Non-stop,4 小時 45 分鐘,No,Boeing 787,1,SQ 877,經濟艙,8133,8036,8141.0,839.75,91,83
2025-02-12,星期三,下午4:10,下午班機,TPE,晚上8:55,晚間抵達,SIN,酷航,4,直達航班。,Non-stop,4 小時 45 分鐘,No,Boeing 787,1,TR 899,經濟艙,3255,2399,2898.0,485992.03,27,83
2025-02-12,星期三,下午5:35,下午班機,TPE,晚上10:20,晚間抵達,SIN,新加坡航空,1,直達航班。,Non-stop,4 小時 45 分鐘,No,Boeing 787,1,SQ 879,經濟艙,8133,8036,8141.0,839.75,91,83
2025-02-12,星期三,凌晨12:20,凌晨班機,TPE,清晨5:05,凌晨抵達,SIN,酷航,4,直達航班。,Non-stop,4 小時 45 分鐘,No,Airbus A321neo,0,TR 875,經濟艙,2756,2299,2588.0,109709.83,62,83
2025-02-12,星期三,凌晨1:30,凌晨班機,TPE,清晨6:15,早晨抵達,SIN,酷航,4,直達航班。,Non-stop,4 小時 45 分鐘,No,Boeing 787,1,TR 897,經濟艙,2583,2299,2588.0,20113.28,63,83
2025-02-12,星期三,晚上7:55,晚間班機,TPE,"凌晨12:40 (星期四, 2月 13)",凌晨抵達,SIN,中華航空,2,直達航班。,Non-stop,4 小時 45 分鐘,No,Airbus A330,1,CI 755,經濟艙,5537,5193,5497.0,55388.16,91,83
2025-02-12,星期三,清晨7:25,早晨班機,TPE,中午12:05,下午抵達,SIN,長榮航空,1,直達航班。,Non-stop,4 小時 40 分鐘,No,Boeing 777,1,BR 225,經濟艙,6127,5665,6185.0,41877.18,91,83
2025-02-13,星期四,上午8:20,早晨班機,TPE,下午1:05,下午抵達,SIN,中華航空,2,直達航班。,Non-stop,4 小時 45 分鐘,No,Airbus A350,1,CI 753,經濟艙,5898,5552,5844.5,63722.03,51,82
2025-02-13,星期四,上午8:45,早晨班機,TPE,下午1:25,下午抵達,SIN,星宇航空,0,直達航班。,Non-stop,4 小時 40 分鐘,No,Boeing 787,1,JX 771,經濟艙,6433,5660,6333.0,306740.61,50,61
2025-02-13,星期四,上午9:35,上午班機,TPE,下午2:30,下午抵達,SIN,長榮航空,1,直達航班。,Non-stop,4 小時 55 分鐘,No,Boeing 777,1,BR 215,經濟艙,7345,5668,7541.0,171473.33,91,82
2025-02-13,星期四,下午2:10,下午班機,TPE,下午6:55,晚間抵達,SIN,新加坡航空,1,直達航班。,Non-stop,4 小時 45 分鐘,No,Boeing 787,1,SQ 877,經濟艙,8133,8038,8141.0,840.28,91,82
2025-02-13,星期四,下午4:10,下午班機,TPE,晚上8:55,晚間抵達,SIN,酷航,4,直達航班。,Non-stop,4 小時 45 分鐘,No,Boeing 787,1,TR 899,經濟艙,3210,2399,3298.0,387939.41,28,82
2025-02-13,星期四,下午5:35,下午班機,TPE,晚上10:20,晚間抵達,SIN,新加坡航空,1,直達航班。,Non-stop,4 小時 45 分鐘,No,Boeing 787,1,SQ 879,經濟艙,8133,8038,8141.0,840.28,91,82
2025-02-13,星期四,凌晨1:30,凌晨班機,TPE,清晨6:15,早晨抵達,SIN,酷航,4,直達航班。,Non-stop,4 小時 45 分鐘,No,Boeing 787,1,TR 897,經濟艙,3344,2399,3298.0,267809.28,28,82
2025-02-13,星期四,晚上10:20,晚間班機,TPE,"凌晨3:05 (星期五, 2月 14)",凌晨抵達,SIN,酷航,4,直達航班。,Non-stop,4 小時 45 分鐘,No,Boeing 787,1,TR 893,經濟艙,2853,2299,2588.0,130158.73,64,82
2025-02-13,星期四,晚上7:55,晚間班機,TPE,"凌晨12:40 (星期五, 2月 14)",凌晨抵達,SIN,中華航空,2,直達航班。,Non-stop,4 小時 45 分鐘,No,Airbus A330,1,CI 755,經濟艙,5541,5196,5499.0,54597.45,91,82
2025-02-13,星期四,清晨7:25,早晨班機,TPE,中午12:05,下午抵達,SIN,長榮航空,1,直達航班。,Non-stop,4 小時 40 分鐘,No,Boeing 777,1,BR 225,經濟艙,6133,5668,6185.0,53937.74,91,82
2025-02-14,星期五,上午8:20,早晨班機,TPE,下午1:05,下午抵達,SIN,中華航空,2,直達航班。,Non-stop,4 小時 45 分鐘,No,Airbus A350,1,CI 753,經濟艙,5896,5552,5844.0,61936.9,52,81
2025-02-14,星期五,上午8:45,早晨班機,TPE,下午1:25,下午抵達,SIN,星宇航空,0,直達航班。,Non-stop,4 小時 40 分鐘,No,Airbus A321neo,0,JX 771,經濟艙,5728,5173,5883.5,91152.41,91,60
2025-02-14,星期五,上午9:35,上午班機,TPE,下午2:30,下午抵達,SIN,長榮航空,1,直達航班。,Non-stop,4 小時 55 分鐘,No,Boeing 777,1,BR 215,經濟艙,6121,5669,6185.0,22163.28,91,81
2025-02-14,星期五,下午2:10,下午班機,TPE,下午6:55,晚間抵達,SIN,新加坡航空,1,直達航班。,Non-stop,4 小時 45 分鐘,No,Boeing 787,1,SQ 877,經濟艙,8135,8038,8141.0,625.1,91,81
2025-02-14,星期五,下午4:10,下午班機,TPE,晚上8:55,晚間抵達,SIN,酷航,4,直達航班。,Non-stop,4 小時 45 分鐘,No,Boeing 787,1,TR 899,經濟艙,3408,2399,3298.0,339779.24,29,81
2025-02-14,星期五,下午5:35,下午班機,TPE,晚上10:20,晚間抵達,SIN,新加坡航空,1,直達航班。,Non-stop,4 小時 45 分鐘,No,Boeing 787,1,SQ 879,經濟艙,8135,8038,8141.0,625.1,91,81
2025-02-14,星期五,凌晨12:20,凌晨班機,TPE,清晨5:05,凌晨抵達,SIN,酷航,4,直達航班。,Non-stop,4 小時 45 分鐘,No,Airbus A321neo,0,TR 875,經濟艙,3005,2399,2898.0,153307.36,23,81
2025-02-14,星期五,凌晨1:30,凌晨班機,TPE,清晨6:15,早晨抵達,SIN,酷航,4,直達航班。,Non-stop,4 小時 45 分鐘,No,Boeing 787,1,TR 897,經濟艙,3103,2399,3298.0,113374.58,29,81
2025-02-14,星期五,晚上7:55,晚間班機,TPE,"凌晨12:40 (星期六, 2月 15)",凌晨抵達,SIN,中華航空,2,直達航班。,Non-stop,4 小時 45 分鐘,No,Airbus A330,1,CI 755,經濟艙,5545,5197,5501.0,53776.4,91,81
2025-02-14,星期五,清晨7:25,早晨班機,TPE,中午12:05,下午抵達,SIN,長榮航空,1,直達航班。,Non-stop,4 小時 40 分鐘,No,Boeing 777,1,BR 225,經濟艙,6273,5669,6190.0,54976.08,91,81
2025-02-15,星期六,上午8:20,早晨班機,TPE,下午1:05,下午抵達,SIN,中華航空,2,直達航班。,Non-stop,4 小時 45 分鐘,No,Airbus A350,1,CI 753,經濟艙,5900,5552,5844.5,61586.63,53,80
2025-02-15,星期六,上午8:45,早晨班機,TPE,下午1:25,下午抵達,SIN,星宇航空,0,直達航班。,Non-stop,4 小時 40 分鐘,No,Airbus A321neo,0,JX 771,經濟艙,5853,5175,5884.0,113292.23,91,59
2025-02-15,星期六,上午9:35,上午班機,TPE,下午2:30,下午抵達,SIN,長榮航空,1,直達航班。,Non-stop,4 小時 55 分鐘,No,Boeing 777,1,BR 215,經濟艙,6127,5829,6185.5,19826.81,53,80
2025-02-15,星期六,下午2:10,下午班機,TPE,下午6:55,晚間抵達,SIN,新加坡航空,1,直達航班。,Non-stop,4 小時 45 分鐘,No,Boeing 787,1,SQ 877,經濟艙,9930,8039,9127.0,4078838.26,88,80
2025-02-15,星期六,下午4:10,下午班機,TPE,晚上8:55,晚間抵達,SIN,酷航,4,直達航班。,Non-stop,4 小時 45 分鐘,No,Boeing 787,1,TR 899,經濟艙,3772,2399,3798.0,383811.93,30,80
2025-02-15,星期六,下午5:35,下午班機,TPE,晚上10:20,晚間抵達,SIN,新加坡航空,1,直達航班。,Non-stop,4 小時 45 分鐘,No,Boeing 787,1,SQ 879,經濟艙,8186,8039,8143.0,17818.67,88,80
2025-02-15,星期六,凌晨12:20,凌晨班機,TPE,凌晨4:55,凌晨抵達,SIN,酷航,4,直達航班。,Non-stop,4 小時 35 分鐘,No,Airbus A321neo,0,TR 875,經濟艙,3367,2399,3298.0,312800.04,30,80
2025-02-15,星期六,凌晨1:30,凌晨班機,TPE,清晨6:15,早晨抵達,SIN,酷航,4,直達航班。,Non-stop,4 小時 45 分鐘,No,Boeing 787,1,TR 897,經濟艙,3659,2399,3798.0,403003.38,30,80
2025-02-15,星期六,晚上10:20,晚間班機,TPE,"凌晨3:05 (星期日, 2月 16)",凌晨抵達,SIN,酷航,4,直達航班。,Non-stop,4 小時 45 分鐘,No,Boeing 787,1,TR 893,經濟艙,3172,2299,3298.0,267738.68,65,80
2025-02-15,星期六,晚上7:55,晚間班機,TPE,"凌晨12:40 (星期日, 2月 16)",凌晨抵達,SIN,中華航空,2,直達航班。,Non-stop,4 小時 45 分鐘,No,Airbus A330,1,CI 755,經濟艙,5549,5219,5501.5,52905.43,53,80
2025-02-15,星期六,清晨7:25,早晨班機,TPE,中午12:05,下午抵達,SIN,長榮航空,1,直達航班。,Non-stop,4 小時 40 分鐘,No,Boeing 777,1,BR 225,經濟艙,6127,5829,6185.5,19826.81,53,80
2025-02-16,星期日,上午8:20,早晨班機,TPE,下午1:05,下午抵達,SIN,中華航空,2,直達航班。,Non-stop,4 小時 45 分鐘,No,Airbus A350,1,CI 753,經濟艙,5899,5552,5844.0,60738.22,54,79
2025-02-16,星期日,上午8:45,早晨班機,TPE,下午1:25,下午抵達,SIN,星宇航空,0,直達航班。,Non-stop,4 小時 40 分鐘,No,Airbus A321neo,0,JX 771,經濟艙,5671,5175,5884.0,80659.21,91,58
2025-02-16,星期日,上午9:35,上午班機,TPE,下午2:30,下午抵達,SIN,長榮航空,1,直達航班。,Non-stop,4 小時 55 分鐘,No,Boeing 777,1,BR 215,經濟艙,6162,5829,6185.0,65071.84,54,79
2025-02-16,星期日,下午2:10,下午班機,TPE,下午6:55,晚間抵達,SIN,新加坡航空,1,直達航班。,Non-stop,4 小時 45 分鐘,No,Boeing 787,1,SQ 877,經濟艙,10628,8039,9127.0,7774396.94,79,79
2025-02-16,星期日,下午4:10,下午班機,TPE,晚上8:55,晚間抵達,SIN,酷航,4,直達航班。,Non-stop,4 小時 45 分鐘,No,Boeing 787,1,TR 899,經濟艙,4117,3798,4398.0,90788.7,70,79
2025-02-16,星期日,下午5:35,下午班機,TPE,晚上10:20,晚間抵達,SIN,新加坡航空,1,直達航班。,Non-stop,4 小時 45 分鐘,No,Boeing 787,1,SQ 879,經濟艙,8972,8039,8531.0,1308730.69,89,79
2025-02-16,星期日,凌晨12:20,凌晨班機,TPE,清晨5:05,凌晨抵達,SIN,酷航,4,直達航班。,Non-stop,4 小時 45 分鐘,No,Airbus A321neo,0,TR 875,經濟艙,3351,2399,3298.0,443099.48,31,79
2025-02-16,星期日,凌晨1:30,凌晨班機,TPE,清晨6:15,早晨抵達,SIN,酷航,4,直達航班。,Non-stop,4 小時 45 分鐘,No,Boeing 787,1,TR 897,經濟艙,3033,2399,2898.0,192217.29,31,79
2025-02-16,星期日,晚上10:20,晚間班機,TPE,"凌晨3:05 (星期一, 2月 17)",凌晨抵達,SIN,酷航,4,直達航班。,Non-stop,4 小時 45 分鐘,No,Boeing 787,1,TR 893,經濟艙,3360,2399,3298.0,272750.48,31,79
2025-02-16,星期日,晚上7:55,晚間班機,TPE,"凌晨12:40 (星期一, 2月 17)",凌晨抵達,SIN,中華航空,2,直達航班。,Non-stop,4 小時 45 分鐘,No,Airbus A330,1,CI 755,經濟艙,5550,5219,5501.0,51557.61,54,79
2025-02-16,星期日,清晨7:25,早晨班機,TPE,中午12:05,下午抵達,SIN,長榮航空,1,直達航班。,Non-stop,4 小時 40 分鐘,No,Boeing 777,1,BR 225,經濟艙,6162,5829,6185.0,65071.84,54,79
2025-02-17,星期一,上午8:20,早晨班機,TPE,下午1:05,下午抵達,SIN,中華航空,2,直達航班。,Non-stop,4 小時 45 分鐘,No,Airbus A350,1,CI 753,經濟艙,5902,5552,5844.5,60582.2,55,78
2025-02-17,星期一,上午8:45,早晨班機,TPE,下午1:25,下午抵達,SIN,星宇航空,0,直達航班。,Non-stop,4 小時 40 分鐘,No,Boeing 787,1,JX 771,經濟艙,5957,5175,5912.0,205935.11,91,57
2025-02-17,星期一,上午9:35,上午班機,TPE,下午2:30,下午抵達,SIN,長榮航空,1,直達航班。,Non-stop,4 小時 55 分鐘,No,Boeing 777,1,BR 215,經濟艙,6125,5829,6185.0,20234.46,55,78
2025-02-17,星期一,下午2:10,下午班機,TPE,下午6:55,晚間抵達,SIN,新加坡航空,1,直達航班。,Non-stop,4 小時 45 分鐘,No,Boeing 787,1,SQ 877,經濟艙,8149,8039,8142.0,4390.76,90,78
2025-02-17,星期一,下午4:10,下午班機,TPE,晚上8:55,晚間抵達,SIN,酷航,4,直達航班。,Non-stop,4 小時 45 分鐘,No,Boeing 787,1,TR 899,經濟艙,3720,2898,3798.0,133934.4,45,78
2025-02-17,星期一,下午5:35,下午班機,TPE,晚上10:20,晚間抵達,SIN,新加坡航空,1,直達航班。,Non-stop,4 小時 45 分鐘,No,Boeing 787,1,SQ 879,經濟艙,8139,8039,8142.0,277.02,90,78
2025-02-17,星期一,凌晨1:30,凌晨班機,TPE,清晨6:15,早晨抵達,SIN,酷航,4,直達航班。,Non-stop,4 小時 45 分鐘,No,Boeing 787,1,TR 897,經濟艙,3903,2399,3798.0,502713.26,32,78
2025-02-17,星期一,晚上7:55,晚間班機,TPE,"凌晨12:40 (星期二, 2月 18)",凌晨抵達,SIN,中華航空,2,直達航班。,Non-stop,4 小時 45 分鐘,No,Airbus A330,1,CI 755,經濟艙,5573,5219,5504.0,55691.74,55,78
2025-02-17,星期一,清晨7:25,早晨班機,TPE,中午12:05,下午抵達,SIN,長榮航空,1,直達航班。,Non-stop,4 小時 40 分鐘,No,Boeing 777,1,BR 225,經濟艙,6125,5829,6185.0,20234.46,55,78
2025-02-18,星期二,上午8:20,早晨班機,TPE,下午1:05,下午抵達,SIN,中華航空,2,直達航班。,Non-stop,4 小時 45 分鐘,No,Airbus A350,1,CI 753,經濟艙,5906,5552,5845.0,60397.21,56,77
2025-02-18,星期二,上午8:45,早晨班機,TPE,下午1:25,下午抵達,SIN,星宇航空,0,直達航班。,Non-stop,4 小時 40 分鐘,No,Boeing 787,1,JX 771,經濟艙,5979,5278,6320.0,174270.95,54,56
2025-02-18,星期二,上午9:35,上午班機,TPE,下午2:30,下午抵達,SIN,長榮航空,1,直達航班。,Non-stop,4 小時 55 分鐘,No,Boeing 777,1,BR 215,經濟艙,6124,5829,6185.0,20444.21,56,77
2025-02-18,星期二,下午2:10,下午班機,TPE,下午6:55,晚間抵達,SIN,新加坡航空,1,直達航班。,Non-stop,4 小時 45 分鐘,No,Boeing 787,1,SQ 877,經濟艙,8140,8039,8142.0,150.14,91,77
2025-02-18,星期二,下午4:10,下午班機,TPE,晚上8:55,晚間抵達,SIN,酷航,4,直達航班。,Non-stop,4 小時 45 分鐘,No,Boeing 787,1,TR 899,經濟艙,3403,2399,3298.0,213590.59,31,77
2025-02-18,星期二,下午5:35,下午班機,TPE,晚上10:20,晚間抵達,SIN,新加坡航空,1,直達航班。,Non-stop,4 小時 45 分鐘,No,Boeing 787,1,SQ 879,經濟艙,8140,8039,8142.0,150.14,91,77
2025-02-18,星期二,凌晨12:20,凌晨班機,TPE,清晨5:05,凌晨抵達,SIN,酷航,4,直達航班。,Non-stop,4 小時 45 分鐘,No,Airbus A321neo,0,TR 875,經濟艙,2791,2399,2588.0,81741.64,32,77
2025-02-18,星期二,凌晨1:30,凌晨班機,TPE,清晨6:15,早晨抵達,SIN,酷航,4,直達航班。,Non-stop,4 小時 45 分鐘,No,Boeing 787,1,TR 897,經濟艙,2843,2399,2898.0,93969.63,84,77
2025-02-18,星期二,晚上10:20,晚間班機,TPE,"凌晨3:05 (星期三, 2月 19)",凌晨抵達,SIN,酷航,4,直達航班。,Non-stop,4 小時 45 分鐘,No,Boeing 787,1,TR 893,經濟艙,2709,2299,2588.0,86876.72,68,77
2025-02-18,星期二,晚上7:55,晚間班機,TPE,"凌晨12:40 (星期三, 2月 19)",凌晨抵達,SIN,中華航空,2,直達航班。,Non-stop,4 小時 45 分鐘,No,Airbus A330,1,CI 755,經濟艙,5562,5219,5502.0,50627.22,56,77
2025-02-18,星期二,清晨7:25,早晨班機,TPE,中午12:05,下午抵達,SIN,長榮航空,1,直達航班。,Non-stop,4 小時 40 分鐘,No,Boeing 777,1,BR 225,經濟艙,6124,5829,6185.0,20444.21,56,77
2025-02-19,星期三,上午8:20,早晨班機,TPE,下午1:05,下午抵達,SIN,中華航空,2,直達航班。,Non-stop,4 小時 45 分鐘,No,Airbus A350,1,CI 753,經濟艙,5903,5552,5844.5,60364.77,57,76
2025-02-19,星期三,上午8:45,早晨班機,TPE,下午1:25,下午抵達,SIN,星宇航空,0,直達航班。,Non-stop,4 小時 40 分鐘,No,Airbus A321neo,0,JX 771,經濟艙,5685,5278,5884.0,74773.02,56,55
2025-02-19,星期三,上午9:35,上午班機,TPE,下午2:30,下午抵達,SIN,長榮航空,1,直達航班。,Non-stop,4 小時 55 分鐘,No,Boeing 777,1,BR 215,經濟艙,6124,5829,6184.0,20921.25,57,76
2025-02-19,星期三,下午2:10,下午班機,TPE,下午6:55,晚間抵達,SIN,新加坡航空,1,直達航班。,Non-stop,4 小時 45 分鐘,No,Boeing 787,1,SQ 877,經濟艙,8142,8136,8142.0,13.66,90,76
2025-02-19,星期三,下午4:10,下午班機,TPE,晚上8:55,晚間抵達,SIN,酷航,4,直達航班。,Non-stop,4 小時 45 分鐘,No,Boeing 787,1,TR 899,經濟艙,3534,2399,3298.0,326169.71,33,76
2025-02-19,星期三,下午5:35,下午班機,TPE,晚上10:20,晚間抵達,SIN,新加坡航空,1,直達航班。,Non-stop,4 小時 45 分鐘,No,Boeing 787,1,SQ 879,經濟艙,8142,8136,8142.0,13.66,90,76
2025-02-19,星期三,凌晨12:20,凌晨班機,TPE,清晨5:05,凌晨抵達,SIN,酷航,4,直達航班。,Non-stop,4 小時 45 分鐘,No,Airbus A321neo,0,TR 875,經濟艙,2682,2299,2588.0,66011.73,70,76
2025-02-19,星期三,凌晨1:30,凌晨班機,TPE,清晨6:15,早晨抵達,SIN,酷航,4,直達航班。,Non-stop,4 小時 45 分鐘,No,Boeing 787,1,TR 897,經濟艙,2545,2299,2588.0,8643.41,70,76
2025-02-19,星期三,清晨7:25,早晨班機,TPE,中午12:05,下午抵達,SIN,長榮航空,1,直達航班。,Non-stop,4 小時 40 分鐘,No,Boeing 777,1,BR 225,經濟艙,6124,5829,6184.0,20921.25,57,76
2025-02-20,星期四,上午8:20,早晨班機,TPE,下午1:05,下午抵達,SIN,中華航空,2,直達航班。,Non-stop,4 小時 45 分鐘,No,Airbus A350,1,CI 753,經濟艙,5899,5552,5844.0,60294.95,58,75
2025-02-20,星期四,上午8:45,早晨班機,TPE,下午1:25,下午抵達,SIN,星宇航空,0,直達航班。,Non-stop,4 小時 40 分鐘,No,Boeing 787,1,JX 771,經濟艙,5680,5278,5884.0,75190.25,57,54
2025-02-20,星期四,上午9:35,上午班機,TPE,下午2:30,下午抵達,SIN,長榮航空,1,直達航班。,Non-stop,4 小時 55 分鐘,No,Boeing 777,1,BR 215,經濟艙,6122,5829,6183.0,20886.78,58,75
2025-02-20,星期四,下午2:10,下午班機,TPE,下午6:55,晚間抵達,SIN,新加坡航空,1,直達航班。,Non-stop,4 小時 45 分鐘,No,Boeing 787,1,SQ 877,經濟艙,8152,8136,8142.0,4010.23,91,75
2025-02-20,星期四,下午4:10,下午班機,TPE,晚上8:55,晚間抵達,SIN,酷航,4,直達航班。,Non-stop,4 小時 45 分鐘,No,Boeing 787,1,TR 899,經濟艙,2974,2399,2898.0,96758.11,86,75
2025-02-20,星期四,下午5:35,下午班機,TPE,晚上10:20,晚間抵達,SIN,新加坡航空,1,直達航班。,Non-stop,4 小時 45 分鐘,No,Boeing 787,1,SQ 879,經濟艙,8257,8136,8145.0,31678.14,91,75
2025-02-20,星期四,凌晨1:30,凌晨班機,TPE,清晨6:15,早晨抵達,SIN,酷航,4,直達航班。,Non-stop,4 小時 45 分鐘,No,Boeing 787,1,TR 897,經濟艙,3162,2399,3298.0,185623.85,35,75
2025-02-20,星期四,晚上10:20,晚間班機,TPE,"凌晨3:05 (星期五, 2月 21)",凌晨抵達,SIN,酷航,4,直達航班。,Non-stop,4 小時 45 分鐘,No,Boeing 787,1,TR 893,經濟艙,2813,2399,2588.0,183117.56,35,75
2025-02-20,星期四,晚上7:55,晚間班機,TPE,"凌晨12:40 (星期五, 2月 21)",凌晨抵達,SIN,中華航空,2,直達航班。,Non-stop,4 小時 45 分鐘,No,Airbus A330,1,CI 755,經濟艙,5552,5219,5501.0,49958.28,58,75
2025-02-20,星期四,清晨7:25,早晨班機,TPE,中午12:05,下午抵達,SIN,長榮航空,1,直達航班。,Non-stop,4 小時 40 分鐘,No,Boeing 777,1,BR 225,經濟艙,6122,5829,6183.0,20886.78,58,75
2025-02-21,星期五,上午8:20,早晨班機,TPE,下午1:05,下午抵達,SIN,中華航空,2,直達航班。,Non-stop,4 小時 45 分鐘,No,Airbus A350,1,CI 753,經濟艙,5896,5552,5842.0,60234.37,59,74
2025-02-21,星期五,上午8:45,早晨班機,TPE,下午1:25,下午抵達,SIN,星宇航空,0,直達航班。,Non-stop,4 小時 40 分鐘,No,Airbus A321neo,0,JX 771,經濟艙,5725,5278,5884.0,107314.78,58,53
2025-02-21,星期五,上午9:35,上午班機,TPE,下午2:30,下午抵達,SIN,長榮航空,1,直達航班。,Non-stop,4 小時 55 分鐘,No,Boeing 777,1,BR 215,經濟艙,6122,5829,6172.5,21121.87,59,74
2025-02-21,星期五,下午2:10,下午班機,TPE,下午6:55,晚間抵達,SIN,新加坡航空,1,直達航班。,Non-stop,4 小時 45 分鐘,No,Boeing 787,1,SQ 877,經濟艙,9893,8529,9127.0,5719171.77,77,74
2025-02-21,星期五,下午4:10,下午班機,TPE,晚上8:55,晚間抵達,SIN,酷航,4,直達航班。,Non-stop,4 小時 45 分鐘,No,Boeing 787,1,TR 899,經濟艙,3656,2399,3298.0,232296.16,36,74
2025-02-21,星期五,下午5:35,下午班機,TPE,晚上10:20,晚間抵達,SIN,新加坡航空,1,直達航班。,Non-stop,4 小時 45 分鐘,No,Boeing 787,1,SQ 879,經濟艙,9814,9120,9127.0,1340045.66,77,74
2025-02-21,星期五,凌晨12:20,凌晨班機,TPE,清晨5:05,凌晨抵達,SIN,酷航,4,直達航班。,Non-stop,4 小時 45 分鐘,No,Airbus A321neo,0,TR 875,經濟艙,2771,2299,2588.0,93770.15,71,74
2025-02-21,星期五,凌晨1:30,凌晨班機,TPE,清晨6:15,早晨抵達,SIN,酷航,4,直達航班。,Non-stop,4 小時 45 分鐘,No,Boeing 787,1,TR 897,經濟艙,2873,2399,2898.0,65456.81,36,74
2025-02-21,星期五,晚上7:55,晚間班機,TPE,"凌晨12:40 (星期六, 2月 22)",凌晨抵達,SIN,中華航空,2,直達航班。,Non-stop,4 小時 45 分鐘,No,Airbus A330,1,CI 755,經濟艙,5549,5219,5499.0,49914.31,59,74
2025-02-21,星期五,清晨7:25,早晨班機,TPE,中午12:05,下午抵達,SIN,長榮航空,1,直達航班。,Non-stop,4 小時 40 分鐘,No,Boeing 777,1,BR 225,經濟艙,6122,5829,6172.5,21121.87,59,74
2025-02-22,星期六,上午8:20,早晨班機,TPE,下午1:05,下午抵達,SIN,中華航空,2,直達航班。,Non-stop,4 小時 45 分鐘,No,Airbus A350,1,CI 753,經濟艙,5892,5552,5840.0,60125.73,60,73
2025-02-22,星期六,上午8:45,早晨班機,TPE,下午1:25,下午抵達,SIN,星宇航空,0,直達航班。,Non-stop,4 小時 40 分鐘,No,Airbus A321neo,0,JX 771,經濟艙,5811,5278,5884.0,140544.55,59,52
2025-02-22,星期六,上午9:35,上午班機,TPE,下午2:30,下午抵達,SIN,長榮航空,1,直達航班。,Non-stop,4 小時 55 分鐘,No,Boeing 777,1,BR 215,經濟艙,6121,5829,6160.0,21356.75,60,73
2025-02-22,星期六,下午2:10,下午班機,TPE,下午6:55,晚間抵達,SIN,新加坡航空,1,直達航班。,Non-stop,4 小時 45 分鐘,No,Boeing 787,1,SQ 877,經濟艙,9990,8529,9122.0,6077367.84,78,63
2025-02-22,星期六,下午4:10,下午班機,TPE,晚上8:55,晚間抵達,SIN,酷航,4,直達航班。,Non-stop,4 小時 45 分鐘,No,Boeing 787,1,TR 899,經濟艙,4084,2399,4398.0,534947.03,35,73
2025-02-22,星期六,下午5:35,下午班機,TPE,晚上10:20,晚間抵達,SIN,新加坡航空,1,直達航班。,Non-stop,4 小時 45 分鐘,No,Boeing 787,1,SQ 879,經濟艙,10642,8532,9130.0,6094770.94,64,73
2025-02-22,星期六,凌晨12:20,凌晨班機,TPE,凌晨4:55,凌晨抵達,SIN,酷航,4,直達航班。,Non-stop,4 小時 35 分鐘,No,Airbus A321neo,0,TR 875,經濟艙,3198,2399,3298.0,120912.55,37,73
2025-02-22,星期六,凌晨1:30,凌晨班機,TPE,清晨6:15,早晨抵達,SIN,酷航,4,直達航班。,Non-stop,4 小時 45 分鐘,No,Boeing 787,1,TR 897,經濟艙,3171,2399,3298.0,219861.51,36,73
2025-02-22,星期六,晚上10:20,晚間班機,TPE,"凌晨3:05 (星期日, 2月 23)",凌晨抵達,SIN,酷航,4,直達航班。,Non-stop,4 小時 45 分鐘,No,Boeing 787,1,TR 893,經濟艙,3239,2399,3298.0,167019.21,37,73
2025-02-22,星期六,晚上7:55,晚間班機,TPE,"凌晨12:40 (星期日, 2月 23)",凌晨抵達,SIN,中華航空,2,直達航班。,Non-stop,4 小時 45 分鐘,No,Airbus A330,1,CI 755,經濟艙,6087,5282,5791.0,522094.08,77,73
2025-02-22,星期六,清晨7:25,早晨班機,TPE,中午12:05,下午抵達,SIN,長榮航空,1,直達航班。,Non-stop,4 小時 40 分鐘,No,Boeing 777,1,BR 225,經濟艙,6121,5829,6160.0,21356.75,60,73
2025-02-23,星期日,上午8:20,早晨班機,TPE,下午1:05,下午抵達,SIN,中華航空,2,直達航班。,Non-stop,4 小時 45 分鐘,No,Airbus A350,1,CI 753,經濟艙,5889,5552,5840.0,59964.77,61,72
2025-02-23,星期日,上午8:45,早晨班機,TPE,下午1:25,下午抵達,SIN,星宇航空,0,直達航班。,Non-stop,4 小時 40 分鐘,No,Boeing 787,1,JX 771,經濟艙,6397,5660,6336.0,329949.76,60,51
2025-02-23,星期日,上午9:35,上午班機,TPE,下午2:30,下午抵達,SIN,長榮航空,1,直達航班。,Non-stop,4 小時 55 分鐘,No,Boeing 777,1,BR 215,經濟艙,6120,5829,6147.0,21590.88,61,72
2025-02-23,星期日,下午2:10,下午班機,TPE,下午6:55,晚間抵達,SIN,新加坡航空,1,直達航班。,Non-stop,4 小時 45 分鐘,No,Boeing 787,1,SQ 877,經濟艙,11617,8529,9127.0,10786747.62,79,72
2025-02-23,星期日,下午4:10,下午班機,TPE,晚上8:55,晚間抵達,SIN,酷航,4,直達航班。,Non-stop,4 小時 45 分鐘,No,Boeing 787,1,TR 899,經濟艙,5056,4998,4998.0,37957.75,91,72
2025-02-23,星期日,下午5:35,下午班機,TPE,晚上10:20,晚間抵達,SIN,新加坡航空,1,直達航班。,Non-stop,4 小時 45 分鐘,No,Boeing 787,1,SQ 879,經濟艙,10101,8139,10008.0,1624289.95,90,72
2025-02-23,星期日,凌晨12:20,凌晨班機,TPE,清晨5:05,凌晨抵達,SIN,酷航,4,直達航班。,Non-stop,4 小時 45 分鐘,No,Airbus A321neo,0,TR 875,經濟艙,3354,2399,3298.0,139042.92,36,72
2025-02-23,星期日,凌晨1:30,凌晨班機,TPE,清晨6:15,早晨抵達,SIN,酷航,4,直達航班。,Non-stop,4 小時 45 分鐘,No,Boeing 787,1,TR 897,經濟艙,3559,2399,3298.0,476433.03,32,72
2025-02-23,星期日,晚上10:20,晚間班機,TPE,"凌晨3:05 (星期一, 2月 24)",凌晨抵達,SIN,酷航,4,直達航班。,Non-stop,4 小時 45 分鐘,No,Boeing 787,1,TR 893,經濟艙,3654,3298,3798.0,61377.15,90,72
2025-02-23,星期日,晚上7:55,晚間班機,TPE,"凌晨12:40 (星期一, 2月 24)",凌晨抵達,SIN,中華航空,2,直達航班。,Non-stop,4 小時 45 分鐘,No,Airbus A330,1,CI 755,經濟艙,5592,5219,5500.0,87336.65,61,72
2025-02-23,星期日,清晨7:25,早晨班機,TPE,中午12:05,下午抵達,SIN,長榮航空,1,直達航班。,Non-stop,4 小時 40 分鐘,No,Boeing 777,1,BR 225,經濟艙,6120,5829,6147.0,21590.88,61,72
2025-02-24,星期一,上午8:20,早晨班機,TPE,下午1:05,下午抵達,SIN,中華航空,2,直達航班。,Non-stop,4 小時 45 分鐘,No,Airbus A350,1,CI 753,經濟艙,5885,5552,5840.0,59770.41,62,71
2025-02-24,星期一,上午8:45,早晨班機,TPE,下午1:25,下午抵達,SIN,星宇航空,0,直達航班。,Non-stop,4 小時 40 分鐘,No,Boeing 787,1,JX 771,經濟艙,5670,5278,5883.5,76846.98,61,50
2025-02-24,星期一,上午9:35,上午班機,TPE,下午2:30,下午抵達,SIN,長榮航空,1,直達航班。,Non-stop,4 小時 55 分鐘,No,Boeing 777,1,BR 215,經濟艙,6119,5829,6134.0,21829.79,62,71
2025-02-24,星期一,下午2:10,下午班機,TPE,下午6:55,晚間抵達,SIN,新加坡航空,1,直達航班。,Non-stop,4 小時 45 分鐘,No,Boeing 787,1,SQ 877,經濟艙,8897,8136,8536.0,345540.85,76,71
2025-02-24,星期一,下午4:10,下午班機,TPE,晚上8:55,晚間抵達,SIN,酷航,4,直達航班。,Non-stop,4 小時 45 分鐘,No,Boeing 787,1,TR 899,經濟艙,4898,4398,4998.0,219714.29,91,71
2025-02-24,星期一,下午5:35,下午班機,TPE,晚上10:20,晚間抵達,SIN,新加坡航空,1,直達航班。,Non-stop,4 小時 45 分鐘,No,Boeing 787,1,SQ 879,經濟艙,8615,8136,8536.0,52476.36,80,71
2025-02-24,星期一,凌晨1:30,凌晨班機,TPE,清晨6:15,早晨抵達,SIN,酷航,4,直達航班。,Non-stop,4 小時 45 分鐘,No,Boeing 787,1,TR 897,經濟艙,4061,3298,4398.0,144925.55,83,71
2025-02-24,星期一,清晨7:25,早晨班機,TPE,中午12:05,下午抵達,SIN,長榮航空,1,直達航班。,Non-stop,4 小時 40 分鐘,No,Boeing 777,1,BR 225,經濟艙,6119,5829,6134.0,21829.79,62,71
2025-02-25,星期二,上午8:20,早晨班機,TPE,下午1:05,下午抵達,SIN,中華航空,2,直達航班。,Non-stop,4 小時 45 分鐘,No,Airbus A350,1,CI 753,經濟艙,5881,5552,5840.0,59539.95,63,70
2025-02-25,星期二,上午8:45,早晨班機,TPE,下午1:25,下午抵達,SIN,星宇航空,0,直達航班。,Non-stop,4 小時 40 分鐘,No,Boeing 787,1,JX 771,經濟艙,6083,5660,6320.0,91649.99,62,49
2025-02-25,星期二,上午9:35,上午班機,TPE,下午2:30,下午抵達,SIN,長榮航空,1,直達航班。,Non-stop,4 小時 55 分鐘,No,Boeing 777,1,BR 215,經濟艙,6225,5829,6159.5,100479.83,63,70
2025-02-25,星期二,下午2:10,下午班機,TPE,下午6:55,晚間抵達,SIN,新加坡航空,1,直達航班。,Non-stop,4 小時 45 分鐘,No,Boeing 787,1,SQ 877,經濟艙,8501,8136,8535.0,12352.39,80,70
2025-02-25,星期二,下午4:10,下午班機,TPE,晚上8:55,晚間抵達,SIN,酷航,4,直達航班。,Non-stop,4 小時 45 分鐘,No,Boeing 787,1,TR 899,經濟艙,4338,3798,4398.0,32869.57,28,70
2025-02-25,星期二,下午5:35,下午班機,TPE,晚上10:20,晚間抵達,SIN,新加坡航空,1,直達航班。,Non-stop,4 小時 45 分鐘,No,Boeing 787,1,SQ 879,經濟艙,8512,8138,8535.0,8461.12,73,70
2025-02-25,星期二,凌晨12:20,凌晨班機,TPE,清晨5:05,凌晨抵達,SIN,酷航,4,直達航班。,Non-stop,4 小時 45 分鐘,No,Airbus A321neo,0,TR 875,經濟艙,3641,2588,3798.0,116701.22,23,70
2025-02-25,星期二,凌晨1:30,凌晨班機,TPE,清晨6:15,早晨抵達,SIN,酷航,4,直達航班。,Non-stop,4 小時 45 分鐘,No,Boeing 787,1,TR 897,經濟艙,3729,2399,3798.0,162109.18,40,70
2025-02-25,星期二,晚上10:20,晚間班機,TPE,"凌晨3:05 (星期三, 2月 26)",凌晨抵達,SIN,酷航,4,直達航班。,Non-stop,4 小時 45 分鐘,No,Boeing 787,1,TR 893,經濟艙,3427,2898,3298.0,157142.86,55,70
2025-02-25,星期二,清晨7:25,早晨班機,TPE,中午12:05,下午抵達,SIN,長榮航空,1,直達航班。,Non-stop,4 小時 40 分鐘,No,Boeing 777,1,BR 225,經濟艙,6118,5829,6133.5,22073.61,63,70
2025-02-26,星期三,上午8:20,早晨班機,TPE,下午1:05,下午抵達,SIN,中華航空,2,直達航班。,Non-stop,4 小時 45 分鐘,No,Airbus A350,1,CI 753,經濟艙,5877,5552,5840.0,59262.19,64,69
2025-02-26,星期三,上午8:45,早晨班機,TPE,下午1:25,下午抵達,SIN,星宇航空,0,直達航班。,Non-stop,4 小時 40 分鐘,No,Airbus A321neo,0,JX 771,經濟艙,7141,6674,7197.0,26229.83,82,48
2025-02-26,星期三,上午9:35,上午班機,TPE,下午2:30,下午抵達,SIN,長榮航空,1,直達航班。,Non-stop,4 小時 55 分鐘,No,Boeing 777,1,BR 215,經濟艙,6117,5829,6133.0,22320.33,64,69
2025-02-26,星期三,下午2:10,下午班機,TPE,下午6:55,晚間抵達,SIN,新加坡航空,1,直達航班。,Non-stop,4 小時 45 分鐘,No,Boeing 787,1,SQ 877,經濟艙,8511,8138,8535.0,8702.18,69,69
2025-02-26,星期三,下午4:10,下午班機,TPE,晚上8:55,晚間抵達,SIN,酷航,4,直達航班。,Non-stop,4 小時 45 分鐘,No,Boeing 787,1,TR 899,經濟艙,3997,3298,3798.0,121321.4,85,69
2025-02-26,星期三,下午5:35,下午班機,TPE,晚上10:20,晚間抵達,SIN,新加坡航空,1,直達航班。,Non-stop,4 小時 45 分鐘,No,Boeing 787,1,SQ 879,經濟艙,8616,8138,8536.0,186234.62,69,69
2025-02-26,星期三,凌晨12:20,凌晨班機,TPE,清晨5:05,凌晨抵達,SIN,酷航,4,直達航班。,Non-stop,4 小時 45 分鐘,No,Airbus A321neo,0,TR 875,經濟艙,3343,2898,3298.0,123098.89,85,69
2025-02-26,星期三,凌晨1:30,凌晨班機,TPE,清晨6:15,早晨抵達,SIN,酷航,4,直達航班。,Non-stop,4 小時 45 分鐘,No,Boeing 787,1,TR 897,經濟艙,3079,2399,2898.0,60060.97,36,69
2025-02-26,星期三,晚上7:55,晚間班機,TPE,"凌晨12:40 (星期四, 2月 27)",凌晨抵達,SIN,中華航空,2,直達航班。,Non-stop,4 小時 45 分鐘,No,Airbus A330,1,CI 755,經濟艙,5532,5219,5497.0,49127.47,64,69
2025-02-26,星期三,清晨7:25,早晨班機,TPE,中午12:05,下午抵達,SIN,長榮航空,1,直達航班。,Non-stop,4 小時 40 分鐘,No,Boeing 777,1,BR 225,經濟艙,6117,5829,6133.0,22320.33,64,69
2025-02-27,星期四,上午8:20,早晨班機,TPE,下午1:05,下午抵達,SIN,中華航空,2,直達航班。,Non-stop,4 小時 45 分鐘,No,Airbus A350,1,CI 753,經濟艙,7441,5552,6437.0,4422722.21,65,68
2025-02-27,星期四,上午8:45,早晨班機,TPE,下午1:25,下午抵達,SIN,星宇航空,0,直達航班。,Non-stop,4 小時 40 分鐘,No,Boeing 787,1,JX 771,經濟艙,7981,7156,7818.0,259790.9,59,47
2025-02-27,星期四,上午9:35,上午班機,TPE,下午2:30,下午抵達,SIN,長榮航空,1,直達航班。,Non-stop,4 小時 55 分鐘,No,Boeing 777,1,BR 215,經濟艙,7767,6126,7163.0,1929606.01,82,68
2025-02-27,星期四,下午2:10,下午班機,TPE,下午6:55,晚間抵達,SIN,新加坡航空,1,直達航班。,Non-stop,4 小時 45 分鐘,No,Boeing 787,1,SQ 877,經濟艙,8570,8138,8536.0,66832.91,72,68
2025-02-27,星期四,下午4:10,下午班機,TPE,晚上8:55,晚間抵達,SIN,酷航,4,直達航班。,Non-stop,4 小時 45 分鐘,No,Boeing 787,1,TR 899,經濟艙,4038,3298,3798.0,95862.6,89,68
2025-02-27,星期四,下午5:35,下午班機,TPE,晚上10:20,晚間抵達,SIN,新加坡航空,1,直達航班。,Non-stop,4 小時 45 分鐘,No,Boeing 787,1,SQ 879,經濟艙,8801,8432,8538.0,322881.48,91,68
2025-02-27,星期四,凌晨1:30,凌晨班機,TPE,清晨6:15,早晨抵達,SIN,酷航,4,直達航班。,Non-stop,4 小時 45 分鐘,No,Boeing 787,1,TR 897,經濟艙,4334,3798,4398.0,307194.73,86,68
2025-02-27,星期四,晚上10:20,晚間班機,TPE,"凌晨3:05 (星期五, 2月 28)",凌晨抵達,SIN,酷航,4,直達航班。,Non-stop,4 小時 45 分鐘,No,Boeing 787,1,TR 893,經濟艙,3754,2898,3798.0,199517.12,76,68
2025-02-27,星期四,清晨7:25,早晨班機,TPE,中午12:05,下午抵達,SIN,長榮航空,1,直達航班。,Non-stop,4 小時 40 分鐘,No,Boeing 777,1,BR 225,經濟艙,8665,6126,9325.0,3365390.83,82,68
2025-02-28,星期五,上午8:20,早晨班機,TPE,下午1:05,下午抵達,SIN,中華航空,2,直達航班。,Non-stop,4 小時 45 分鐘,No,Airbus A350,1,CI 753,經濟艙,8333,6344,7849.0,1056700.23,88,67
2025-02-28,星期五,上午8:45,早晨班機,TPE,下午1:25,下午抵達,SIN,星宇航空,0,直達航班。,Non-stop,4 小時 40 分鐘,No,Boeing 787,1,JX 771,經濟艙,8972,8104,8479.0,872758.66,84,46
2025-02-28,星期五,上午9:35,上午班機,TPE,下午2:30,下午抵達,SIN,長榮航空,1,直達航班。,Non-stop,4 小時 55 分鐘,No,Boeing 777,1,BR 215,經濟艙,9666,6186,10186.0,3548820.25,91,67
2025-02-28,星期五,下午2:10,下午班機,TPE,下午6:55,晚間抵達,SIN,新加坡航空,1,直達航班。,Non-stop,4 小時 45 分鐘,No,Boeing 787,1,SQ 877,經濟艙,8785,8435,8537.0,227131.5,86,67
2025-02-28,星期五,下午4:10,下午班機,TPE,晚上8:55,晚間抵達,SIN,酷航,4,直達航班。,Non-stop,4 小時 45 分鐘,No,Boeing 787,1,TR 899,經濟艙,3889,2898,3798.0,141736.77,73,67
2025-02-28,星期五,下午5:35,下午班機,TPE,晚上10:20,晚間抵達,SIN,新加坡航空,1,直達航班。,Non-stop,4 小時 45 分鐘,No,Boeing 787,1,SQ 879,經濟艙,8528,8146,8536.0,2403.71,41,67
2025-02-28,星期五,凌晨12:20,凌晨班機,TPE,清晨5:05,凌晨抵達,SIN,酷航,4,直達航班。,Non-stop,4 小時 45 分鐘,No,Airbus A321neo,0,TR 875,經濟艙,4162,3298,3798.0,251424.69,91,67
2025-02-28,星期五,凌晨1:30,凌晨班機,TPE,清晨6:15,早晨抵達,SIN,酷航,4,直達航班。,Non-stop,4 小時 45 分鐘,No,Boeing 787,1,TR 897,經濟艙,4053,3298,3798.0,245237.45,91,67
2025-02-28,星期五,晚上7:55,晚間班機,TPE,"凌晨12:40 (星期六, 3月 1)",凌晨抵達,SIN,中華航空,2,直達航班。,Non-stop,4 小時 45 分鐘,No,Airbus A330,1,CI 755,經濟艙,5524,5219,5497.0,48636.53,66,67
2025-02-28,星期五,清晨7:25,早晨班機,TPE,中午12:05,下午抵達,SIN,長榮航空,1,直達航班。,Non-stop,4 小時 40 分鐘,No,Boeing 777,1,BR 225,經濟艙,10300,7541,10364.0,2940146.05,83,67
2025-03-01,星期六,上午8:20,早晨班機,TPE,下午1:05,下午抵達,SIN,中華航空,2,直達航班。,Non-stop,4 小時 45 分鐘,No,Airbus A350,1,CI 753,經濟艙,5864,5552,5838.0,58275.26,67,66
2025-03-01,星期六,上午8:45,早晨班機,TPE,下午1:25,下午抵達,SIN,星宇航空,0,直達航班。,Non-stop,4 小時 40 分鐘,No,Airbus A321neo,0,JX 771,經濟艙,5678,5278,5883.0,81819.94,66,45
2025-03-01,星期六,上午9:35,上午班機,TPE,下午2:30,下午抵達,SIN,長榮航空,1,直達航班。,Non-stop,4 小時 55 分鐘,No,Boeing 777,1,BR 215,經濟艙,6178,5829,6131.0,116209.7,67,66
2025-03-01,星期六,下午2:10,下午班機,TPE,下午6:55,晚間抵達,SIN,新加坡航空,1,直達航班。,Non-stop,4 小時 45 分鐘,No,Boeing 787,1,SQ 877,經濟艙,8348,8136,8145.0,67185.72,85,66
2025-03-01,星期六,下午4:05,下午班機,TPE,晚上8:55,晚間抵達,SIN,新加坡航空,1,直達航班。,Non-stop,4 小時 50 分鐘,No,Airbus A350,1,SQ 881,經濟艙,8597,8136,8531.0,187272.59,84,66
2025-03-01,星期六,下午4:10,下午班機,TPE,晚上8:55,晚間抵達,SIN,酷航,4,直達航班。,Non-stop,4 小時 45 分鐘,No,Boeing 787,1,TR 899,經濟艙,4284,3298,4398.0,265195.8,38,66
2025-03-01,星期六,下午5:35,下午班機,TPE,晚上10:20,晚間抵達,SIN,新加坡航空,1,直達航班。,Non-stop,4 小時 45 分鐘,No,Boeing 787,1,SQ 879,經濟艙,8245,8136,8145.0,29387.41,85,66
2025-03-01,星期六,凌晨12:20,凌晨班機,TPE,清晨5:05,凌晨抵達,SIN,酷航,4,直達航班。,Non-stop,4 小時 45 分鐘,No,Airbus A321neo,0,TR 875,經濟艙,3084,2399,2898.0,85007.01,38,66
2025-03-01,星期六,凌晨1:30,凌晨班機,TPE,清晨6:15,早晨抵達,SIN,酷航,4,直達航班。,Non-stop,4 小時 45 分鐘,No,Boeing 787,1,TR 897,經濟艙,3172,2588,2898.0,138654.27,32,66
2025-03-01,星期六,晚上10:20,晚間班機,TPE,"凌晨3:05 (星期日, 3月 2)",凌晨抵達,SIN,酷航,4,直達航班。,Non-stop,4 小時 45 分鐘,No,Boeing 787,1,TR 893,經濟艙,3482,2399,3798.0,215803.72,42,66
2025-03-01,星期六,晚上7:55,晚間班機,TPE,"凌晨12:40 (星期日, 3月 2)",凌晨抵達,SIN,中華航空,2,直達航班。,Non-stop,4 小時 45 分鐘,No,Airbus A330,1,CI 755,經濟艙,5520,5219,5495.0,48330.0,67,66
2025-03-01,星期六,清晨7:25,早晨班機,TPE,中午12:05,下午抵達,SIN,長榮航空,1,直達航班。,Non-stop,4 小時 40 分鐘,No,Boeing 777,1,BR 225,經濟艙,6178,5829,6131.0,116209.7,67,66
2025-03-02,星期日,上午8:20,早晨班機,TPE,下午1:05,下午抵達,SIN,中華航空,2,直達航班。,Non-stop,4 小時 45 分鐘,No,Airbus A350,1,CI 753,經濟艙,5860,5552,5836.0,57817.3,68,65
2025-03-02,星期日,上午8:45,早晨班機,TPE,下午1:25,下午抵達,SIN,星宇航空,0,直達航班。,Non-stop,4 小時 40 分鐘,No,Boeing 787,1,JX 771,經濟艙,5874,5278,5890.0,152442.52,67,44
2025-03-02,星期日,上午9:35,上午班機,TPE,下午2:30,下午抵達,SIN,長榮航空,1,直達航班。,Non-stop,4 小時 55 分鐘,No,Boeing 777,1,BR 215,經濟艙,6144,5829,6131.0,53739.33,68,65
2025-03-02,星期日,下午2:10,下午班機,TPE,下午6:55,晚間抵達,SIN,新加坡航空,1,直達航班。,Non-stop,4 小時 45 分鐘,No,Boeing 787,1,SQ 877,經濟艙,8511,8136,8536.0,138442.75,86,65
2025-03-02,星期日,下午4:05,下午班機,TPE,晚上8:55,晚間抵達,SIN,新加坡航空,1,直達航班。,Non-stop,4 小時 50 分鐘,No,Airbus A350,1,SQ 881,經濟艙,9009,8136,8536.0,1065287.78,86,65
2025-03-02,星期日,下午4:10,下午班機,TPE,晚上8:55,晚間抵達,SIN,酷航,4,直達航班。,Non-stop,4 小時 45 分鐘,No,Boeing 787,1,TR 899,經濟艙,4576,3798,4398.0,127341.35,57,65
2025-03-02,星期日,下午5:35,下午班機,TPE,晚上10:20,晚間抵達,SIN,新加坡航空,1,直達航班。,Non-stop,4 小時 45 分鐘,No,Boeing 787,1,SQ 879,經濟艙,9220,8139,8532.0,1476774.8,91,65
2025-03-02,星期日,凌晨12:20,凌晨班機,TPE,清晨5:05,凌晨抵達,SIN,酷航,4,直達航班。,Non-stop,4 小時 45 分鐘,No,Airbus A321neo,0,TR 875,經濟艙,3806,2898,3798.0,141346.15,34,65
2025-03-02,星期日,凌晨1:30,凌晨班機,TPE,清晨6:15,早晨抵達,SIN,酷航,4,直達航班。,Non-stop,4 小時 45 分鐘,No,Boeing 787,1,TR 897,經濟艙,3518,2898,3298.0,79437.5,56,65
2025-03-02,星期日,晚上10:20,晚間班機,TPE,"凌晨3:05 (星期一, 3月 3)",凌晨抵達,SIN,酷航,4,直達航班。,Non-stop,4 小時 45 分鐘,No,Boeing 787,1,TR 893,經濟艙,3258,2898,3298.0,117750.0,89,65
2025-03-02,星期日,晚上7:55,晚間班機,TPE,"凌晨12:40 (星期一, 3月 3)",凌晨抵達,SIN,中華航空,2,直達航班。,Non-stop,4 小時 45 分鐘,No,Airbus A330,1,CI 755,經濟艙,5516,5219,5493.0,47955.67,68,65
2025-03-02,星期日,清晨7:25,早晨班機,TPE,中午12:05,下午抵達,SIN,長榮航空,1,直達航班。,Non-stop,4 小時 40 分鐘,No,Boeing 777,1,BR 225,經濟艙,6144,5829,6131.0,53739.33,68,65
2025-03-03,星期一,上午8:20,早晨班機,TPE,下午1:05,下午抵達,SIN,中華航空,2,直達航班。,Non-stop,4 小時 45 分鐘,No,Airbus A350,1,CI 753,經濟艙,5861,5552,5838.0,58665.27,69,64
2025-03-03,星期一,上午8:45,早晨班機,TPE,下午1:25,下午抵達,SIN,星宇航空,0,直達航班。,Non-stop,4 小時 40 分鐘,No,Boeing 787,1,JX 771,經濟艙,5668,5278,5883.0,83595.44,68,43
2025-03-03,星期一,上午9:35,上午班機,TPE,下午2:30,下午抵達,SIN,長榮航空,1,直達航班。,Non-stop,4 小時 55 分鐘,No,Boeing 777,1,BR 215,經濟艙,6111,5829,6130.5,23668.64,69,64
2025-03-03,星期一,下午2:10,下午班機,TPE,下午6:55,晚間抵達,SIN,新加坡航空,1,直達航班。,Non-stop,4 小時 45 分鐘,No,Boeing 787,1,SQ 877,經濟艙,8296,8136,8143.0,75423.41,87,64
2025-03-03,星期一,下午4:10,下午班機,TPE,晚上8:55,晚間抵達,SIN,酷航,4,直達航班。,Non-stop,4 小時 45 分鐘,No,Boeing 787,1,TR 899,經濟艙,4053,3298,4398.0,150453.87,37,64
2025-03-03,星期一,下午5:35,下午班機,TPE,晚上10:20,晚間抵達,SIN,新加坡航空,1,直達航班。,Non-stop,4 小時 45 分鐘,No,Boeing 787,1,SQ 879,經濟艙,8142,8136,8143.0,13.44,87,64
2025-03-03,星期一,凌晨1:30,凌晨班機,TPE,清晨6:15,早晨抵達,SIN,酷航,4,直達航班。,Non-stop,4 小時 45 分鐘,No,Boeing 787,1,TR 897,經濟艙,3129,2898,2898.0,96785.71,90,64
2025-03-03,星期一,晚上7:55,晚間班機,TPE,"凌晨12:40 (星期二, 3月 4)",凌晨抵達,SIN,中華航空,2,直達航班。,Non-stop,4 小時 45 分鐘,No,Airbus A330,1,CI 755,經濟艙,5517,5219,5495.0,48694.71,69,64
2025-03-03,星期一,清晨7:25,早晨班機,TPE,中午12:05,下午抵達,SIN,長榮航空,1,直達航班。,Non-stop,4 小時 40 分鐘,No,Boeing 777,1,BR 225,經濟艙,6111,5829,6130.5,23668.64,69,64
2025-03-04,星期二,上午8:20,早晨班機,TPE,下午1:05,下午抵達,SIN,中華航空,2,直達航班。,Non-stop,4 小時 45 分鐘,No,Airbus A350,1,CI 753,經濟艙,5863,5552,5840.0,59309.26,70,63
2025-03-04,星期二,上午8:45,早晨班機,TPE,下午1:25,下午抵達,SIN,星宇航空,0,直達航班。,Non-stop,4 小時 40 分鐘,No,Boeing 787,1,JX 771,經濟艙,5663,5278,5883.0,84470.56,69,42
2025-03-04,星期二,上午9:35,上午班機,TPE,下午2:30,下午抵達,SIN,長榮航空,1,直達航班。,Non-stop,4 小時 55 分鐘,No,Boeing 777,1,BR 215,經濟艙,6110,5829,6130.0,23951.22,70,63
2025-03-04,星期二,下午2:10,下午班機,TPE,下午6:55,晚間抵達,SIN,新加坡航空,1,直達航班。,Non-stop,4 小時 45 分鐘,No,Boeing 787,1,SQ 877,經濟艙,8142,8136,8143.0,13.49,88,63
2025-03-04,星期二,下午4:10,下午班機,TPE,晚上8:55,晚間抵達,SIN,酷航,4,直達航班。,Non-stop,4 小時 45 分鐘,No,Boeing 787,1,TR 899,經濟艙,3987,2898,3798.0,229713.26,35,63
2025-03-04,星期二,下午5:35,下午班機,TPE,晚上10:20,晚間抵達,SIN,新加坡航空,1,直達航班。,Non-stop,4 小時 45 分鐘,No,Boeing 787,1,SQ 879,經濟艙,8142,8136,8143.0,13.49,88,63
2025-03-04,星期二,凌晨12:20,凌晨班機,TPE,清晨5:05,凌晨抵達,SIN,酷航,4,直達航班。,Non-stop,4 小時 45 分鐘,No,Airbus A321neo,0,TR 875,經濟艙,2745,2299,2588.0,74748.18,83,63
2025-03-04,星期二,凌晨1:30,凌晨班機,TPE,清晨6:15,早晨抵達,SIN,酷航,4,直達航班。,Non-stop,4 小時 45 分鐘,No,Boeing 787,1,TR 897,經濟艙,2690,2299,2588.0,53541.38,83,63
2025-03-04,星期二,晚上10:20,晚間班機,TPE,"凌晨3:05 (星期三, 3月 5)",凌晨抵達,SIN,酷航,4,直達航班。,Non-stop,4 小時 45 分鐘,No,Boeing 787,1,TR 893,經濟艙,2665,2399,2588.0,24357.3,41,63
2025-03-04,星期二,晚上7:55,晚間班機,TPE,"凌晨12:40 (星期三, 3月 5)",凌晨抵達,SIN,中華航空,2,直達航班。,Non-stop,4 小時 45 分鐘,No,Airbus A330,1,CI 755,經濟艙,5518,5219,5497.0,49310.78,70,63
2025-03-04,星期二,清晨7:25,早晨班機,TPE,中午12:05,下午抵達,SIN,長榮航空,1,直達航班。,Non-stop,4 小時 40 分鐘,No,Boeing 777,1,BR 225,經濟艙,6110,5829,6130.0,23951.22,70,63
2025-03-05,星期三,上午8:20,早晨班機,TPE,下午1:05,下午抵達,SIN,中華航空,2,直達航班。,Non-stop,4 小時 45 分鐘,No,Airbus A350,1,CI 753,經濟艙,5865,5552,5840.0,59945.8,71,62
2025-03-05,星期三,上午8:45,早晨班機,TPE,下午1:25,下午抵達,SIN,星宇航空,0,直達航班。,Non-stop,4 小時 40 分鐘,No,Airbus A321neo,0,JX 771,經濟艙,5658,5278,5883.0,85342.54,70,41
2025-03-05,星期三,上午9:35,上午班機,TPE,下午2:30,下午抵達,SIN,長榮航空,1,直達航班。,Non-stop,4 小時 55 分鐘,No,Boeing 777,1,BR 215,經濟艙,6109,5829,6129.5,24250.09,71,62
2025-03-05,星期三,下午2:10,下午班機,TPE,下午6:55,晚間抵達,SIN,新加坡航空,1,直達航班。,Non-stop,4 小時 45 分鐘,No,Boeing 787,1,SQ 877,經濟艙,8142,8136,8143.0,13.25,89,62
2025-03-05,星期三,下午4:05,下午班機,TPE,晚上8:55,晚間抵達,SIN,新加坡航空,1,直達航班。,Non-stop,4 小時 50 分鐘,No,Airbus A350,1,SQ 881,經濟艙,8142,8136,8143.0,13.25,89,62
2025-03-05,星期三,下午4:10,下午班機,TPE,晚上8:55,晚間抵達,SIN,酷航,4,直達航班。,Non-stop,4 小時 45 分鐘,No,Boeing 787,1,TR 899,經濟艙,3864,3298,3798.0,80965.1,63,62
2025-03-05,星期三,下午5:35,下午班機,TPE,晚上10:20,晚間抵達,SIN,新加坡航空,1,直達航班。,Non-stop,4 小時 45 分鐘,No,Boeing 787,1,SQ 879,經濟艙,8142,8136,8143.0,13.25,89,62
2025-03-05,星期三,凌晨12:20,凌晨班機,TPE,清晨5:05,凌晨抵達,SIN,酷航,4,直達航班。,Non-stop,4 小時 45 分鐘,No,Airbus A321neo,0,TR 875,經濟艙,2631,2299,2588.0,21721.61,83,62
2025-03-05,星期三,凌晨1:30,凌晨班機,TPE,清晨6:15,早晨抵達,SIN,酷航,4,直達航班。,Non-stop,4 小時 45 分鐘,No,Boeing 787,1,TR 897,經濟艙,2606,2299,2588.0,18325.04,83,62
2025-03-05,星期三,晚上7:55,晚間班機,TPE,"凌晨12:40 (星期四, 3月 6)",凌晨抵達,SIN,中華航空,2,直達航班。,Non-stop,4 小時 45 分鐘,No,Airbus A330,1,CI 755,經濟艙,5520,5219,5497.0,49927.48,71,62
2025-03-05,星期三,清晨7:25,早晨班機,TPE,中午12:05,下午抵達,SIN,長榮航空,1,直達航班。,Non-stop,4 小時 40 分鐘,No,Boeing 777,1,BR 225,經濟艙,6109,5829,6129.5,24250.09,71,62
2025-03-06,星期四,上午8:20,早晨班機,TPE,下午1:05,下午抵達,SIN,中華航空,2,直達航班。,Non-stop,4 小時 45 分鐘,No,Airbus A350,1,CI 753,經濟艙,5870,5552,5840.0,59642.69,72,61
2025-03-06,星期四,上午8:45,早晨班機,TPE,下午1:25,下午抵達,SIN,星宇航空,0,直達航班。,Non-stop,4 小時 40 分鐘,No,Boeing 787,1,JX 771,經濟艙,5652,5278,5883.0,86159.89,71,40
2025-03-06,星期四,上午9:35,上午班機,TPE,下午2:30,下午抵達,SIN,長榮航空,1,直達航班。,Non-stop,4 小時 55 分鐘,No,Boeing 777,1,BR 215,經濟艙,6254,5829,6131.0,137215.08,72,61
2025-03-06,星期四,下午2:10,下午班機,TPE,下午6:55,晚間抵達,SIN,新加坡航空,1,直達航班。,Non-stop,4 小時 45 分鐘,No,Boeing 787,1,SQ 877,經濟艙,8142,8136,8143.0,13.38,90,61
2025-03-06,星期四,下午4:10,下午班機,TPE,晚上8:55,晚間抵達,SIN,酷航,4,直達航班。,Non-stop,4 小時 45 分鐘,No,Boeing 787,1,TR 899,經濟艙,3321,2898,3298.0,65131.15,85,61
2025-03-06,星期四,下午5:35,下午班機,TPE,晚上10:20,晚間抵達,SIN,新加坡航空,1,直達航班。,Non-stop,4 小時 45 分鐘,No,Boeing 787,1,SQ 879,經濟艙,8142,8136,8143.0,13.38,90,61
2025-03-06,星期四,凌晨1:30,凌晨班機,TPE,清晨6:15,早晨抵達,SIN,酷航,4,直達航班。,Non-stop,4 小時 45 分鐘,No,Boeing 787,1,TR 897,經濟艙,3036,2399,2898.0,88588.15,43,61
2025-03-06,星期四,晚上10:20,晚間班機,TPE,"凌晨3:05 (星期五, 3月 7)",凌晨抵達,SIN,酷航,4,直達航班。,Non-stop,4 小時 45 分鐘,No,Boeing 787,1,TR 893,經濟艙,2740,2299,2588.0,76429.88,85,61
2025-03-06,星期四,晚上7:55,晚間班機,TPE,"凌晨12:40 (星期五, 3月 7)",凌晨抵達,SIN,中華航空,2,直達航班。,Non-stop,4 小時 45 分鐘,No,Airbus A330,1,CI 755,經濟艙,5524,5219,5497.0,49863.48,72,61
2025-03-06,星期四,清晨7:25,早晨班機,TPE,中午12:05,下午抵達,SIN,長榮航空,1,直達航班。,Non-stop,4 小時 40 分鐘,No,Boeing 777,1,BR 225,經濟艙,6108,5829,6129.0,24643.46,72,61
2025-03-07,星期五,上午8:20,早晨班機,TPE,下午1:05,下午抵達,SIN,中華航空,2,直達航班。,Non-stop,4 小時 45 分鐘,No,Airbus A350,1,CI 753,經濟艙,5875,5552,5840.0,59275.44,73,60
2025-03-07,星期五,上午8:45,早晨班機,TPE,下午1:25,下午抵達,SIN,星宇航空,0,直達航班。,Non-stop,4 小時 40 分鐘,No,Boeing 787,1,JX 771,經濟艙,5764,5278,5883.0,138336.22,72,39
2025-03-07,星期五,上午9:35,上午班機,TPE,下午2:30,下午抵達,SIN,長榮航空,1,直達航班。,Non-stop,4 小時 55 分鐘,No,Boeing 777,1,BR 215,經濟艙,6108,5829,6129.0,25050.67,73,60
2025-03-07,星期五,下午2:10,下午班機,TPE,下午6:55,晚間抵達,SIN,新加坡航空,1,直達航班。,Non-stop,4 小時 45 分鐘,No,Boeing 787,1,SQ 877,經濟艙,8142,8136,8143.0,13.4,91,60
2025-03-07,星期五,下午4:05,下午班機,TPE,晚上8:55,晚間抵達,SIN,新加坡航空,1,直達航班。,Non-stop,4 小時 50 分鐘,No,Airbus A350,1,SQ 881,經濟艙,8142,8136,8143.0,13.4,91,60
2025-03-07,星期五,下午4:10,下午班機,TPE,晚上8:55,晚間抵達,SIN,酷航,4,直達航班。,Non-stop,4 小時 45 分鐘,No,Boeing 787,1,TR 899,經濟艙,3865,2898,3798.0,240225.99,38,60
2025-03-07,星期五,下午5:35,下午班機,TPE,晚上10:20,晚間抵達,SIN,新加坡航空,1,直達航班。,Non-stop,4 小時 45 分鐘,No,Boeing 787,1,SQ 879,經濟艙,8142,8136,8143.0,13.4,91,60
2025-03-07,星期五,凌晨12:20,凌晨班機,TPE,清晨5:05,凌晨抵達,SIN,酷航,4,直達航班。,Non-stop,4 小時 45 分鐘,No,Airbus A321neo,0,TR 875,經濟艙,3593,2898,3298.0,134720.34,91,60
2025-03-07,星期五,晚上7:55,晚間班機,TPE,"凌晨12:40 (星期六, 3月 8)",凌晨抵達,SIN,中華航空,2,直達航班。,Non-stop,4 小時 45 分鐘,No,Airbus A330,1,CI 755,經濟艙,5528,5219,5497.0,49758.86,73,60
2025-03-07,星期五,清晨7:25,早晨班機,TPE,中午12:05,下午抵達,SIN,長榮航空,1,直達航班。,Non-stop,4 小時 40 分鐘,No,Boeing 777,1,BR 225,經濟艙,6108,5829,6129.0,25050.67,73,60
2025-03-08,星期六,上午8:20,早晨班機,TPE,下午1:05,下午抵達,SIN,中華航空,2,直達航班。,Non-stop,4 小時 45 分鐘,No,Airbus A350,1,CI 753,經濟艙,5879,5552,5840.0,58786.87,74,59
2025-03-08,星期六,上午8:45,早晨班機,TPE,下午1:25,下午抵達,SIN,星宇航空,0,直達航班。,Non-stop,4 小時 40 分鐘,No,Airbus A321neo,0,JX 771,經濟艙,6550,5660,6432.0,358154.13,73,38
2025-03-08,星期六,上午9:35,上午班機,TPE,下午2:30,下午抵達,SIN,長榮航空,1,直達航班。,Non-stop,4 小時 55 分鐘,No,Boeing 777,1,BR 215,經濟艙,6108,5829,6129.0,25476.21,74,59
2025-03-08,星期六,下午2:10,下午班機,TPE,下午6:55,晚間抵達,SIN,新加坡航空,1,直達航班。,Non-stop,4 小時 45 分鐘,No,Boeing 787,1,SQ 877,經濟艙,8276,8136,8145.0,35770.62,91,59
2025-03-08,星期六,下午4:05,下午班機,TPE,晚上8:55,晚間抵達,SIN,新加坡航空,1,直達航班。,Non-stop,4 小時 50 分鐘,No,Airbus A350,1,SQ 881,經濟艙,8322,8136,8145.0,39901.83,91,59
2025-03-08,星期六,下午4:10,下午班機,TPE,晚上8:55,晚間抵達,SIN,酷航,4,直達航班。,Non-stop,4 小時 45 分鐘,No,Boeing 787,1,TR 899,經濟艙,3757,2898,3798.0,180385.74,40,59
2025-03-08,星期六,下午5:35,下午班機,TPE,晚上10:20,晚間抵達,SIN,新加坡航空,1,直達航班。,Non-stop,4 小時 45 分鐘,No,Boeing 787,1,SQ 879,經濟艙,8519,8136,8534.0,117323.67,91,59
2025-03-08,星期六,凌晨12:20,凌晨班機,TPE,凌晨4:55,凌晨抵達,SIN,酷航,4,直達航班。,Non-stop,4 小時 35 分鐘,No,Airbus A321neo,0,TR 875,經濟艙,2886,2399,2898.0,44441.05,45,59
2025-03-08,星期六,凌晨1:30,凌晨班機,TPE,清晨6:15,早晨抵達,SIN,酷航,4,直達航班。,Non-stop,4 小時 45 分鐘,No,Boeing 787,1,TR 897,經濟艙,3034,2299,2898.0,115963.48,87,59
2025-03-08,星期六,晚上10:20,晚間班機,TPE,"凌晨3:05 (星期日, 3月 9)",凌晨抵達,SIN,酷航,4,直達航班。,Non-stop,4 小時 45 分鐘,No,Boeing 787,1,TR 893,經濟艙,3057,2399,2898.0,85140.95,45,59
2025-03-08,星期六,晚上7:55,晚間班機,TPE,"凌晨12:40 (星期日, 3月 9)",凌晨抵達,SIN,中華航空,2,直達航班。,Non-stop,4 小時 45 分鐘,No,Airbus A330,1,CI 755,經濟艙,5532,5219,5497.0,49567.04,74,59
2025-03-08,星期六,清晨7:25,早晨班機,TPE,中午12:05,下午抵達,SIN,長榮航空,1,直達航班。,Non-stop,4 小時 40 分鐘,No,Boeing 777,1,BR 225,經濟艙,6108,5829,6129.0,25476.21,74,59
2025-03-09,星期日,上午8:20,早晨班機,TPE,下午1:05,下午抵達,SIN,中華航空,2,直達航班。,Non-stop,4 小時 45 分鐘,No,Airbus A350,1,CI 753,經濟艙,5885,5552,5840.0,58217.49,75,58
2025-03-09,星期日,上午8:45,早晨班機,TPE,下午1:25,下午抵達,SIN,星宇航空,0,直達航班。,Non-stop,4 小時 40 分鐘,No,Boeing 787,1,JX 771,經濟艙,5657,5278,5884.0,110657.38,74,37
2025-03-09,星期日,上午9:35,上午班機,TPE,下午2:30,下午抵達,SIN,長榮航空,1,直達航班。,Non-stop,4 小時 55 分鐘,No,Boeing 777,1,BR 215,經濟艙,6107,5829,6129.5,25917.12,75,58
2025-03-09,星期日,下午2:10,下午班機,TPE,下午6:55,晚間抵達,SIN,新加坡航空,1,直達航班。,Non-stop,4 小時 45 分鐘,No,Boeing 787,1,SQ 877,經濟艙,8438,8136,8535.0,81283.69,91,58
2025-03-09,星期日,下午4:05,下午班機,TPE,晚上8:55,晚間抵達,SIN,新加坡航空,1,直達航班。,Non-stop,4 小時 50 分鐘,No,Airbus A350,1,SQ 881,經濟艙,8755,8142,8536.0,168139.62,45,58
2025-03-09,星期日,下午4:10,下午班機,TPE,晚上8:55,晚間抵達,SIN,酷航,4,直達航班。,Non-stop,4 小時 45 分鐘,No,Boeing 787,1,TR 899,經濟艙,3738,2299,3798.0,258524.82,88,58
2025-03-09,星期日,下午5:35,下午班機,TPE,晚上10:20,晚間抵達,SIN,新加坡航空,1,直達航班。,Non-stop,4 小時 45 分鐘,No,Boeing 787,1,SQ 879,經濟艙,8658,8137,8532.5,181603.07,81,58
2025-03-09,星期日,凌晨12:20,凌晨班機,TPE,清晨5:05,凌晨抵達,SIN,酷航,4,直達航班。,Non-stop,4 小時 45 分鐘,No,Airbus A321neo,0,TR 875,經濟艙,2848,2299,2898.0,44280.64,88,58
2025-03-09,星期日,凌晨1:30,凌晨班機,TPE,清晨6:15,早晨抵達,SIN,酷航,4,直達航班。,Non-stop,4 小時 45 分鐘,No,Boeing 787,1,TR 897,經濟艙,2788,2399,2898.0,63058.23,46,58
2025-03-09,星期日,晚上10:20,晚間班機,TPE,"凌晨3:05 (星期一, 3月 10)",凌晨抵達,SIN,酷航,4,直達航班。,Non-stop,4 小時 45 分鐘,No,Boeing 787,1,TR 893,經濟艙,3095,2588,3298.0,71757.17,39,58
2025-03-09,星期日,晚上7:55,晚間班機,TPE,"凌晨12:40 (星期一, 3月 10)",凌晨抵達,SIN,中華航空,2,直達航班。,Non-stop,4 小時 45 分鐘,No,Airbus A330,1,CI 755,經濟艙,5536,5219,5497.0,49322.75,75,58
2025-03-09,星期日,清晨7:25,早晨班機,TPE,中午12:05,下午抵達,SIN,長榮航空,1,直達航班。,Non-stop,4 小時 40 分鐘,No,Boeing 777,1,BR 225,經濟艙,6107,5829,6129.5,25917.12,75,58
2025-03-10,星期一,上午8:20,早晨班機,TPE,下午1:05,下午抵達,SIN,中華航空,2,直達航班。,Non-stop,4 小時 45 分鐘,No,Airbus A350,1,CI 753,經濟艙,5890,5552,5840.0,57570.61,76,57
2025-03-10,星期一,上午8:45,早晨班機,TPE,下午1:25,下午抵達,SIN,星宇航空,0,直達航班。,Non-stop,4 小時 40 分鐘,No,Boeing 787,1,JX 771,經濟艙,5626,5278,5883.0,89180.58,75,36
2025-03-10,星期一,上午9:35,上午班機,TPE,下午2:30,下午抵達,SIN,長榮航空,1,直達航班。,Non-stop,4 小時 55 分鐘,No,Boeing 777,1,BR 215,經濟艙,6107,5829,6130.0,26373.57,76,57
2025-03-10,星期一,下午2:10,下午班機,TPE,下午6:55,晚間抵達,SIN,新加坡航空,1,直達航班。,Non-stop,4 小時 45 分鐘,No,Boeing 787,1,SQ 877,經濟艙,8150,8136,8143.0,2766.47,91,57
2025-03-10,星期一,下午4:10,下午班機,TPE,晚上8:55,晚間抵達,SIN,酷航,4,直達航班。,Non-stop,4 小時 45 分鐘,No,Boeing 787,1,TR 899,經濟艙,4002,3298,3798.0,199273.18,89,57
2025-03-10,星期一,下午5:35,下午班機,TPE,晚上10:20,晚間抵達,SIN,新加坡航空,1,直達航班。,Non-stop,4 小時 45 分鐘,No,Boeing 787,1,SQ 879,經濟艙,8150,8136,8143.0,2668.22,91,57
2025-03-10,星期一,凌晨1:30,凌晨班機,TPE,清晨6:15,早晨抵達,SIN,酷航,4,直達航班。,Non-stop,4 小時 45 分鐘,No,Boeing 787,1,TR 897,經濟艙,3043,2299,3298.0,157628.61,89,57
2025-03-10,星期一,晚上7:55,晚間班機,TPE,"凌晨12:40 (星期二, 3月 11)",凌晨抵達,SIN,中華航空,2,直達航班。,Non-stop,4 小時 45 分鐘,No,Airbus A330,1,CI 755,經濟艙,5541,5219,5497.0,49029.96,76,57
2025-03-10,星期一,清晨7:25,早晨班機,TPE,中午12:05,下午抵達,SIN,長榮航空,1,直達航班。,Non-stop,4 小時 40 分鐘,No,Boeing 777,1,BR 225,經濟艙,6107,5829,6130.0,26373.57,76,57
2025-03-11,星期二,上午8:20,早晨班機,TPE,下午1:05,下午抵達,SIN,中華航空,2,直達航班。,Non-stop,4 小時 45 分鐘,No,Airbus A350,1,CI 753,經濟艙,5896,5552,5842.0,56838.87,77,56
2025-03-11,星期二,上午8:45,早晨班機,TPE,下午1:25,下午抵達,SIN,星宇航空,0,直達航班。,Non-stop,4 小時 40 分鐘,No,Airbus A321neo,0,JX 771,經濟艙,5619,5278,5883.0,89807.58,76,35
2025-03-11,星期二,上午9:35,上午班機,TPE,下午2:30,下午抵達,SIN,長榮航空,1,直達航班。,Non-stop,4 小時 55 分鐘,No,Boeing 777,1,BR 215,經濟艙,6107,5829,6130.5,26846.38,77,56
2025-03-11,星期二,下午2:10,下午班機,TPE,下午6:55,晚間抵達,SIN,新加坡航空,1,直達航班。,Non-stop,4 小時 45 分鐘,No,Boeing 787,1,SQ 877,經濟艙,8519,8136,8536.0,124890.88,91,56
2025-03-11,星期二,下午4:10,下午班機,TPE,晚上8:55,晚間抵達,SIN,酷航,4,直達航班。,Non-stop,4 小時 45 分鐘,No,Boeing 787,1,TR 899,經濟艙,3627,3298,3298.0,165350.65,90,56
2025-03-11,星期二,下午5:35,下午班機,TPE,晚上10:20,晚間抵達,SIN,新加坡航空,1,直達航班。,Non-stop,4 小時 45 分鐘,No,Boeing 787,1,SQ 879,經濟艙,8765,8136,8145.0,1156636.03,91,56
2025-03-11,星期二,凌晨12:20,凌晨班機,TPE,清晨5:05,凌晨抵達,SIN,酷航,4,直達航班。,Non-stop,4 小時 45 分鐘,No,Airbus A321neo,0,TR 875,經濟艙,2559,2299,2588.0,10663.4,90,56
2025-03-11,星期二,凌晨1:30,凌晨班機,TPE,清晨6:15,早晨抵達,SIN,酷航,4,直達航班。,Non-stop,4 小時 45 分鐘,No,Boeing 787,1,TR 897,經濟艙,2546,2299,2588.0,12283.89,90,56
2025-03-11,星期二,晚上10:20,晚間班機,TPE,"凌晨3:05 (星期三, 3月 12)",凌晨抵達,SIN,酷航,4,直達航班。,Non-stop,4 小時 45 分鐘,No,Boeing 787,1,TR 893,經濟艙,2542,2299,2588.0,12631.02,90,56
2025-03-11,星期二,晚上7:55,晚間班機,TPE,"凌晨12:40 (星期三, 3月 12)",凌晨抵達,SIN,中華航空,2,直達航班。,Non-stop,4 小時 45 分鐘,No,Airbus A330,1,CI 755,經濟艙,5545,5219,5499.0,48683.84,77,56
2025-03-11,星期二,清晨7:25,早晨班機,TPE,中午12:05,下午抵達,SIN,長榮航空,1,直達航班。,Non-stop,4 小時 40 分鐘,No,Boeing 777,1,BR 225,經濟艙,6107,5829,6130.5,26846.38,77,56
2025-03-12,星期三,上午8:20,早晨班機,TPE,下午1:05,下午抵達,SIN,中華航空,2,直達航班。,Non-stop,4 小時 45 分鐘,No,Airbus A350,1,CI 753,經濟艙,5901,5552,5844.0,56014.16,78,55
2025-03-12,星期三,上午9:35,上午班機,TPE,下午2:30,下午抵達,SIN,長榮航空,1,直達航班。,Non-stop,4 小時 55 分鐘,No,Boeing 777,1,BR 215,經濟艙,6106,5829,6131.0,27336.46,78,55
2025-03-12,星期三,下午2:10,下午班機,TPE,下午6:55,晚間抵達,SIN,新加坡航空,1,直達航班。,Non-stop,4 小時 45 分鐘,No,Boeing 787,1,SQ 877,經濟艙,8143,8136,8143.0,10.44,91,55
2025-03-12,星期三,下午4:05,下午班機,TPE,晚上8:55,晚間抵達,SIN,新加坡航空,1,直達航班。,Non-stop,4 小時 50 分鐘,No,Airbus A350,1,SQ 881,經濟艙,8243,8136,8143.0,30434.99,91,55
2025-03-12,星期三,下午4:10,下午班機,TPE,晚上8:55,晚間抵達,SIN,酷航,4,直達航班。,Non-stop,4 小時 45 分鐘,No,Boeing 787,1,TR 899,經濟艙,3116,2588,2898.0,102820.0,70,55
2025-03-12,星期三,下午5:35,下午班機,TPE,晚上10:20,晚間抵達,SIN,新加坡航空,1,直達航班。,Non-stop,4 小時 45 分鐘,No,Boeing 787,1,SQ 879,經濟艙,8150,8136,8143.0,2861.74,91,55
2025-03-12,星期三,凌晨12:20,凌晨班機,TPE,清晨5:05,凌晨抵達,SIN,酷航,4,直達航班。,Non-stop,4 小時 45 分鐘,No,Airbus A321neo,0,TR 875,經濟艙,2543,2299,2588.0,9838.54,91,55
2025-03-12,星期三,凌晨1:30,凌晨班機,TPE,清晨6:15,早晨抵達,SIN,酷航,4,直達航班。,Non-stop,4 小時 45 分鐘,No,Boeing 787,1,TR 897,經濟艙,2543,2299,2588.0,9838.54,91,55
2025-03-12,星期三,晚上7:55,晚間班機,TPE,"凌晨12:40 (星期四, 3月 13)",凌晨抵達,SIN,中華航空,2,直達航班。,Non-stop,4 小時 45 分鐘,No,Airbus A330,1,CI 755,經濟艙,5550,5219,5501.0,48279.07,78,55
2025-03-12,星期三,清晨7:25,早晨班機,TPE,中午12:05,下午抵達,SIN,長榮航空,1,直達航班。,Non-stop,4 小時 40 分鐘,No,Boeing 777,1,BR 225,經濟艙,6106,5829,6131.0,27336.46,78,55
2025-03-13,星期四,上午8:20,早晨班機,TPE,下午1:05,下午抵達,SIN,中華航空,2,直達航班。,Non-stop,4 小時 45 分鐘,No,Airbus A350,1,CI 753,經濟艙,5907,5552,5844.5,55099.83,79,54
2025-03-13,星期四,上午9:35,上午班機,TPE,下午2:30,下午抵達,SIN,長榮航空,1,直達航班。,Non-stop,4 小時 55 分鐘,No,Boeing 777,1,BR 215,經濟艙,6106,5829,6131.0,27843.99,79,54
2025-03-13,星期四,下午2:10,下午班機,TPE,下午6:55,晚間抵達,SIN,新加坡航空,1,直達航班。,Non-stop,4 小時 45 分鐘,No,Boeing 787,1,SQ 877,經濟艙,9109,8138,8830.0,1033535.92,84,54
2025-03-13,星期四,下午4:10,下午班機,TPE,晚上8:55,晚間抵達,SIN,酷航,4,直達航班。,Non-stop,4 小時 45 分鐘,No,Boeing 787,1,TR 899,經濟艙,3108,2299,3298.0,198258.51,91,54
2025-03-13,星期四,下午5:35,下午班機,TPE,晚上10:20,晚間抵達,SIN,新加坡航空,1,直達航班。,Non-stop,4 小時 45 分鐘,No,Boeing 787,1,SQ 879,經濟艙,8933,8137,8253.0,1089302.97,85,54
2025-03-13,星期四,凌晨1:30,凌晨班機,TPE,清晨6:15,早晨抵達,SIN,酷航,4,直達航班。,Non-stop,4 小時 45 分鐘,No,Boeing 787,1,TR 897,經濟艙,2593,2299,2588.0,37499.25,91,54
2025-03-13,星期四,晚上10:20,晚間班機,TPE,"凌晨3:05 (星期五, 3月 14)",凌晨抵達,SIN,酷航,4,直達航班。,Non-stop,4 小時 45 分鐘,No,Boeing 787,1,TR 893,經濟艙,2563,2299,2588.0,18549.6,91,54
2025-03-13,星期四,晚上7:55,晚間班機,TPE,"凌晨12:40 (星期五, 3月 14)",凌晨抵達,SIN,中華航空,2,直達航班。,Non-stop,4 小時 45 分鐘,No,Airbus A330,1,CI 755,經濟艙,5555,5219,5501.5,47820.02,79,54
2025-03-13,星期四,清晨7:25,早晨班機,TPE,中午12:05,下午抵達,SIN,長榮航空,1,直達航班。,Non-stop,4 小時 40 分鐘,No,Boeing 777,1,BR 225,經濟艙,6106,5829,6131.0,27843.99,79,54
2025-03-14,星期五,上午8:20,早晨班機,TPE,下午1:05,下午抵達,SIN,中華航空,2,直達航班。,Non-stop,4 小時 45 分鐘,No,Airbus A350,1,CI 753,經濟艙,5909,5552,5845.0,55974.31,80,53
2025-03-14,星期五,上午9:35,上午班機,TPE,下午2:30,下午抵達,SIN,長榮航空,1,直達航班。,Non-stop,4 小時 55 分鐘,No,Boeing 777,1,BR 215,經濟艙,6105,5829,6131.0,28368.98,80,53
2025-03-14,星期五,下午2:10,下午班機,TPE,下午6:55,晚間抵達,SIN,新加坡航空,1,直達航班。,Non-stop,4 小時 45 分鐘,No,Boeing 787,1,SQ 877,經濟艙,8292,8137,8146.0,37279.33,86,53
2025-03-14,星期五,下午4:05,下午班機,TPE,晚上8:55,晚間抵達,SIN,新加坡航空,1,直達航班。,Non-stop,4 小時 50 分鐘,No,Airbus A350,1,SQ 881,經濟艙,8680,8137,8538.0,597988.81,86,53
2025-03-14,星期五,下午4:10,下午班機,TPE,晚上8:55,晚間抵達,SIN,酷航,4,直達航班。,Non-stop,4 小時 45 分鐘,No,Boeing 787,1,TR 899,經濟艙,3832,3298,3798.0,83055.15,89,53
2025-03-14,星期五,下午5:35,下午班機,TPE,晚上10:20,晚間抵達,SIN,新加坡航空,1,直達航班。,Non-stop,4 小時 45 分鐘,No,Boeing 787,1,SQ 879,經濟艙,8474,8137,8535.0,145317.41,86,53
2025-03-14,星期五,凌晨12:20,凌晨班機,TPE,清晨5:05,凌晨抵達,SIN,酷航,4,直達航班。,Non-stop,4 小時 45 分鐘,No,Airbus A321neo,0,TR 875,經濟艙,2574,2299,2588.0,7151.61,90,53
2025-03-14,星期五,凌晨1:30,凌晨班機,TPE,清晨6:15,早晨抵達,SIN,酷航,4,直達航班。,Non-stop,4 小時 45 分鐘,No,Boeing 787,1,TR 897,經濟艙,2563,2299,2588.0,6455.24,91,53
2025-03-14,星期五,晚上7:55,晚間班機,TPE,"凌晨12:40 (星期六, 3月 15)",凌晨抵達,SIN,中華航空,2,直達航班。,Non-stop,4 小時 45 分鐘,No,Airbus A330,1,CI 755,經濟艙,5602,5219,5781.0,56847.46,80,53
2025-03-14,星期五,清晨7:25,早晨班機,TPE,中午12:05,下午抵達,SIN,長榮航空,1,直達航班。,Non-stop,4 小時 40 分鐘,No,Boeing 777,1,BR 225,經濟艙,6271,5829,6217.0,160422.29,80,53
2025-03-15,星期六,上午8:20,早晨班機,TPE,下午1:05,下午抵達,SIN,中華航空,2,直達航班。,Non-stop,4 小時 45 分鐘,No,Airbus A350,1,CI 753,經濟艙,5911,5552,5845.0,56875.82,81,52
2025-03-15,星期六,上午9:35,上午班機,TPE,下午2:30,下午抵達,SIN,長榮航空,1,直達航班。,Non-stop,4 小時 55 分鐘,No,Boeing 777,1,BR 215,經濟艙,6105,5829,6145.5,28914.16,81,52
2025-03-15,星期六,下午2:10,下午班機,TPE,下午6:55,晚間抵達,SIN,新加坡航空,1,直達航班。,Non-stop,4 小時 45 分鐘,No,Boeing 787,1,SQ 877,經濟艙,8527,8137,8536.0,84073.11,87,52
2025-03-15,星期六,下午4:05,下午班機,TPE,晚上8:55,晚間抵達,SIN,新加坡航空,1,直達航班。,Non-stop,4 小時 50 分鐘,No,Airbus A350,1,SQ 881,經濟艙,8590,8137,8536.0,182732.6,87,52
2025-03-15,星期六,下午4:10,下午班機,TPE,晚上8:55,晚間抵達,SIN,酷航,4,直達航班。,Non-stop,4 小時 45 分鐘,No,Boeing 787,1,TR 899,經濟艙,4125,3298,4398.0,177300.15,47,52
2025-03-15,星期六,下午5:35,下午班機,TPE,晚上10:20,晚間抵達,SIN,新加坡航空,1,直達航班。,Non-stop,4 小時 45 分鐘,No,Boeing 787,1,SQ 879,經濟艙,8514,8137,8535.0,123114.65,87,52
2025-03-15,星期六,凌晨12:20,凌晨班機,TPE,凌晨4:55,凌晨抵達,SIN,酷航,4,直達航班。,Non-stop,4 小時 35 分鐘,No,Airbus A321neo,0,TR 875,經濟艙,3369,2898,3298.0,45230.02,46,52
2025-03-15,星期六,凌晨1:30,凌晨班機,TPE,清晨6:15,早晨抵達,SIN,酷航,4,直達航班。,Non-stop,4 小時 45 分鐘,No,Boeing 787,1,TR 897,經濟艙,3388,2898,3298.0,51866.52,70,52
2025-03-15,星期六,晚上10:20,晚間班機,TPE,"凌晨3:05 (星期日, 3月 16)",凌晨抵達,SIN,酷航,4,直達航班。,Non-stop,4 小時 45 分鐘,No,Boeing 787,1,TR 893,經濟艙,3257,2588,3298.0,63236.31,45,52
2025-03-15,星期六,晚上7:55,晚間班機,TPE,"凌晨12:40 (星期日, 3月 16)",凌晨抵達,SIN,中華航空,2,直達航班。,Non-stop,4 小時 45 分鐘,No,Airbus A330,1,CI 755,經濟艙,5558,5219,5502.0,49387.46,81,52
2025-03-15,星期六,清晨7:25,早晨班機,TPE,中午12:05,下午抵達,SIN,長榮航空,1,直達航班。,Non-stop,4 小時 40 分鐘,No,Boeing 777,1,BR 225,經濟艙,6105,5829,6145.5,28914.16,81,52
2025-03-16,星期日,上午8:20,早晨班機,TPE,下午1:05,下午抵達,SIN,中華航空,2,直達航班。,Non-stop,4 小時 45 分鐘,No,Airbus A350,1,CI 753,經濟艙,5913,5552,5845.0,57813.71,82,51
2025-03-16,星期日,上午9:35,上午班機,TPE,下午2:30,下午抵達,SIN,長榮航空,1,直達航班。,Non-stop,4 小時 55 分鐘,No,Boeing 777,1,BR 215,經濟艙,6104,5829,6160.0,29478.65,82,51
2025-03-16,星期日,下午2:10,下午班機,TPE,下午6:55,晚間抵達,SIN,新加坡航空,1,直達航班。,Non-stop,4 小時 45 分鐘,No,Boeing 787,1,SQ 877,經濟艙,8803,8137,8539.0,285573.39,88,51
2025-03-16,星期日,下午4:05,下午班機,TPE,晚上8:55,晚間抵達,SIN,新加坡航空,1,直達航班。,Non-stop,4 小時 50 分鐘,No,Airbus A350,1,SQ 881,經濟艙,8625,8143,8536.0,108228.05,49,51
2025-03-16,星期日,下午4:10,下午班機,TPE,晚上8:55,晚間抵達,SIN,酷航,4,直達航班。,Non-stop,4 小時 45 分鐘,No,Boeing 787,1,TR 899,經濟艙,4680,4398,4398.0,91482.35,90,51
2025-03-16,星期日,下午5:35,下午班機,TPE,晚上10:20,晚間抵達,SIN,新加坡航空,1,直達航班。,Non-stop,4 小時 45 分鐘,No,Boeing 787,1,SQ 879,經濟艙,8942,8142,9123.0,544560.99,52,51
2025-03-16,星期日,凌晨12:20,凌晨班機,TPE,清晨5:05,凌晨抵達,SIN,酷航,4,直達航班。,Non-stop,4 小時 45 分鐘,No,Airbus A321neo,0,TR 875,經濟艙,3463,2898,3298.0,85129.41,46,51
2025-03-16,星期日,凌晨1:30,凌晨班機,TPE,清晨6:15,早晨抵達,SIN,酷航,4,直達航班。,Non-stop,4 小時 45 分鐘,No,Boeing 787,1,TR 897,經濟艙,3449,2399,3298.0,257191.64,56,51
2025-03-16,星期日,晚上10:20,晚間班機,TPE,"凌晨3:05 (星期一, 3月 17)",凌晨抵達,SIN,酷航,4,直達航班。,Non-stop,4 小時 45 分鐘,No,Boeing 787,1,TR 893,經濟艙,4114,2898,4398.0,200549.02,42,51
2025-03-16,星期日,晚上7:55,晚間班機,TPE,"凌晨12:40 (星期一, 3月 17)",凌晨抵達,SIN,中華航空,2,直達航班。,Non-stop,4 小時 45 分鐘,No,Airbus A330,1,CI 755,經濟艙,5641,5219,5782.0,83932.97,82,51
2025-03-16,星期日,清晨7:25,早晨班機,TPE,中午12:05,下午抵達,SIN,長榮航空,1,直達航班。,Non-stop,4 小時 40 分鐘,No,Boeing 777,1,BR 225,經濟艙,6104,5829,6160.0,29478.65,82,51
2025-03-17,星期一,上午8:20,早晨班機,TPE,下午1:05,下午抵達,SIN,中華航空,2,直達航班。,Non-stop,4 小時 45 分鐘,No,Airbus A350,1,CI 753,經濟艙,5915,5552,5845.0,58781.72,83,50
2025-03-17,星期一,上午9:35,上午班機,TPE,下午2:30,下午抵達,SIN,長榮航空,1,直達航班。,Non-stop,4 小時 55 分鐘,No,Boeing 777,1,BR 215,經濟艙,6104,5829,6188.5,30065.63,83,50
2025-03-17,星期一,下午2:10,下午班機,TPE,下午6:55,晚間抵達,SIN,新加坡航空,1,直達航班。,Non-stop,4 小時 45 分鐘,No,Boeing 787,1,SQ 877,經濟艙,8879,8530,9127.0,87919.26,89,50
2025-03-17,星期一,下午4:10,下午班機,TPE,晚上8:55,晚間抵達,SIN,酷航,4,直達航班。,Non-stop,4 小時 45 分鐘,No,Boeing 787,1,TR 899,經濟艙,3672,2898,3798.0,283187.76,89,50
2025-03-17,星期一,下午5:35,下午班機,TPE,晚上10:20,晚間抵達,SIN,新加坡航空,1,直達航班。,Non-stop,4 小時 45 分鐘,No,Boeing 787,1,SQ 879,經濟艙,8604,8141,8535.5,147135.61,82,50
2025-03-17,星期一,凌晨1:30,凌晨班機,TPE,清晨6:15,早晨抵達,SIN,酷航,4,直達航班。,Non-stop,4 小時 45 分鐘,No,Boeing 787,1,TR 897,經濟艙,2987,2399,2898.0,96306.65,54,50
2025-03-17,星期一,晚上7:55,晚間班機,TPE,"凌晨12:40 (星期二, 3月 18)",凌晨抵達,SIN,中華航空,2,直達航班。,Non-stop,4 小時 45 分鐘,No,Airbus A330,1,CI 755,經濟艙,5562,5219,5502.0,51072.4,83,50
2025-03-17,星期一,清晨7:25,早晨班機,TPE,中午12:05,下午抵達,SIN,長榮航空,1,直達航班。,Non-stop,4 小時 40 分鐘,No,Boeing 777,1,BR 225,經濟艙,6104,5829,6188.5,30065.63,83,50
2025-03-18,星期二,上午8:20,早晨班機,TPE,下午1:05,下午抵達,SIN,中華航空,2,直達航班。,Non-stop,4 小時 45 分鐘,No,Airbus A350,1,CI 753,經濟艙,5917,5552,5845.0,59781.25,84,49
2025-03-18,星期二,上午9:35,上午班機,TPE,下午2:30,下午抵達,SIN,長榮航空,1,直達航班。,Non-stop,4 小時 55 分鐘,No,Boeing 777,1,BR 215,經濟艙,6104,5829,6217.0,30690.94,84,49
2025-03-18,星期二,下午2:10,下午班機,TPE,下午6:55,晚間抵達,SIN,新加坡航空,1,直達航班。,Non-stop,4 小時 45 分鐘,No,Boeing 787,1,SQ 877,經濟艙,8328,8137,8146.0,39752.1,90,49
2025-03-18,星期二,下午4:10,下午班機,TPE,晚上8:55,晚間抵達,SIN,酷航,4,直達航班。,Non-stop,4 小時 45 分鐘,No,Boeing 787,1,TR 899,經濟艙,3865,3298,3798.0,70994.9,90,49
2025-03-18,星期二,下午5:35,下午班機,TPE,晚上10:20,晚間抵達,SIN,新加坡航空,1,直達航班。,Non-stop,4 小時 45 分鐘,No,Boeing 787,1,SQ 879,經濟艙,10260,8531,10996.0,939815.92,89,49
2025-03-18,星期二,凌晨12:20,凌晨班機,TPE,清晨5:05,凌晨抵達,SIN,酷航,4,直達航班。,Non-stop,4 小時 45 分鐘,No,Airbus A321neo,0,TR 875,經濟艙,2856,2399,2898.0,13412.9,55,49
2025-03-18,星期二,凌晨1:30,凌晨班機,TPE,清晨6:15,早晨抵達,SIN,酷航,4,直達航班。,Non-stop,4 小時 45 分鐘,No,Boeing 787,1,TR 897,經濟艙,2886,2399,2898.0,82418.62,55,49
2025-03-18,星期二,晚上10:20,晚間班機,TPE,"凌晨3:05 (星期三, 3月 19)",凌晨抵達,SIN,酷航,4,直達航班。,Non-stop,4 小時 45 分鐘,No,Boeing 787,1,TR 893,經濟艙,2952,2399,2898.0,46851.93,55,49
2025-03-18,星期二,晚上7:55,晚間班機,TPE,"凌晨12:40 (星期三, 3月 19)",凌晨抵達,SIN,中華航空,2,直達航班。,Non-stop,4 小時 45 分鐘,No,Airbus A330,1,CI 755,經濟艙,5564,5219,5502.0,51957.18,84,49
2025-03-18,星期二,清晨7:25,早晨班機,TPE,中午12:05,下午抵達,SIN,長榮航空,1,直達航班。,Non-stop,4 小時 40 分鐘,No,Boeing 777,1,BR 225,經濟艙,6104,5829,6217.0,30690.94,84,49
2025-03-19,星期三,上午8:20,早晨班機,TPE,下午1:05,下午抵達,SIN,中華航空,2,直達航班。,Non-stop,4 小時 45 分鐘,No,Airbus A350,1,CI 753,經濟艙,5919,5552,5845.5,60813.73,85,48
2025-03-19,星期三,上午9:35,上午班機,TPE,下午2:30,下午抵達,SIN,長榮航空,1,直達航班。,Non-stop,4 小時 55 分鐘,No,Boeing 777,1,BR 215,經濟艙,6104,5829,6219.0,31342.82,85,48
2025-03-19,星期三,下午2:10,下午班機,TPE,下午6:55,晚間抵達,SIN,新加坡航空,1,直達航班。,Non-stop,4 小時 45 分鐘,No,Boeing 787,1,SQ 877,經濟艙,8636,8137,8537.0,125046.43,91,48
2025-03-19,星期三,下午4:05,下午班機,TPE,晚上8:55,晚間抵達,SIN,新加坡航空,1,直達航班。,Non-stop,4 小時 50 分鐘,No,Airbus A350,1,SQ 881,經濟艙,9179,8530,9127.0,651440.66,91,48
2025-03-19,星期三,下午4:10,下午班機,TPE,晚上8:55,晚間抵達,SIN,酷航,4,直達航班。,Non-stop,4 小時 45 分鐘,No,Boeing 787,1,TR 899,經濟艙,4523,3798,4398.0,183191.49,91,48
2025-03-19,星期三,下午5:35,下午班機,TPE,晚上10:20,晚間抵達,SIN,新加坡航空,1,直達航班。,Non-stop,4 小時 45 分鐘,No,Boeing 787,1,SQ 879,經濟艙,9197,8138,8538.0,1222546.54,90,48
2025-03-19,星期三,凌晨12:20,凌晨班機,TPE,清晨5:05,凌晨抵達,SIN,酷航,4,直達航班。,Non-stop,4 小時 45 分鐘,No,Airbus A321neo,0,TR 875,經濟艙,3043,2399,2898.0,99678.9,56,48
2025-03-19,星期三,凌晨1:30,凌晨班機,TPE,清晨6:15,早晨抵達,SIN,酷航,4,直達航班。,Non-stop,4 小時 45 分鐘,No,Boeing 787,1,TR 897,經濟艙,3010,2588,2898.0,117876.42,90,48
2025-03-19,星期三,晚上7:55,晚間班機,TPE,"凌晨12:40 (星期四, 3月 20)",凌晨抵達,SIN,中華航空,2,直達航班。,Non-stop,4 小時 45 分鐘,No,Airbus A330,1,CI 755,經濟艙,5566,5219,5502.5,52871.98,85,48
2025-03-19,星期三,清晨7:25,早晨班機,TPE,中午12:05,下午抵達,SIN,長榮航空,1,直達航班。,Non-stop,4 小時 40 分鐘,No,Boeing 777,1,BR 225,經濟艙,6104,5829,6219.0,31342.82,85,48
2025-03-20,星期四,上午8:20,早晨班機,TPE,下午1:05,下午抵達,SIN,中華航空,2,直達航班。,Non-stop,4 小時 45 分鐘,No,Airbus A350,1,CI 753,經濟艙,5922,5552,5846.0,61871.08,86,47
2025-03-20,星期四,上午9:35,上午班機,TPE,下午2:30,下午抵達,SIN,長榮航空,1,直達航班。,Non-stop,4 小時 55 分鐘,No,Boeing 777,1,BR 215,經濟艙,6769,6457,6911.0,40901.17,86,47
2025-03-20,星期四,下午2:10,下午班機,TPE,下午6:55,晚間抵達,SIN,新加坡航空,1,直達航班。,Non-stop,4 小時 45 分鐘,No,Boeing 787,1,SQ 877,經濟艙,13439,9122,15814.0,7201127.85,91,47
2025-03-20,星期四,下午4:10,下午班機,TPE,晚上8:55,晚間抵達,SIN,酷航,4,直達航班。,Non-stop,4 小時 45 分鐘,No,Boeing 787,1,TR 899,經濟艙,4770,4398,4398.0,225087.88,91,47
2025-03-20,星期四,下午5:35,下午班機,TPE,晚上10:20,晚間抵達,SIN,新加坡航空,1,直達航班。,Non-stop,4 小時 45 分鐘,No,Boeing 787,1,SQ 879,經濟艙,11810,9126,10998.0,4081164.6,70,47
2025-03-20,星期四,凌晨1:30,凌晨班機,TPE,清晨6:15,早晨抵達,SIN,酷航,4,直達航班。,Non-stop,4 小時 45 分鐘,No,Boeing 787,1,TR 897,經濟艙,4309,3798,4398.0,46623.5,51,47
2025-03-20,星期四,晚上10:20,晚間班機,TPE,"凌晨3:05 (星期五, 3月 21)",凌晨抵達,SIN,酷航,4,直達航班。,Non-stop,4 小時 45 分鐘,No,Boeing 787,1,TR 893,經濟艙,4181,3798,4398.0,84921.37,91,47
2025-03-20,星期四,晚上7:55,晚間班機,TPE,"凌晨12:40 (星期五, 3月 21)",凌晨抵達,SIN,中華航空,2,直達航班。,Non-stop,4 小時 45 分鐘,No,Airbus A330,1,CI 755,經濟艙,5756,5497,5788.0,45898.25,54,47
2025-03-20,星期四,清晨7:25,早晨班機,TPE,中午12:05,下午抵達,SIN,長榮航空,1,直達航班。,Non-stop,4 小時 40 分鐘,No,Boeing 777,1,BR 225,經濟艙,6104,5829,6221.0,32023.56,86,47
2025-03-21,星期五,上午8:20,早晨班機,TPE,下午1:05,下午抵達,SIN,中華航空,2,直達航班。,Non-stop,4 小時 45 分鐘,No,Airbus A350,1,CI 753,經濟艙,6260,5552,6403.5,243439.73,87,46
2025-03-21,星期五,上午9:35,上午班機,TPE,下午2:30,下午抵達,SIN,長榮航空,1,直達航班。,Non-stop,4 小時 55 分鐘,No,Boeing 777,1,BR 215,經濟艙,7086,5833,6915.0,756819.03,86,46
2025-03-21,星期五,下午2:10,下午班機,TPE,下午6:55,晚間抵達,SIN,新加坡航空,1,直達航班。,Non-stop,4 小時 45 分鐘,No,Boeing 787,1,SQ 877,經濟艙,13393,9123,15818.0,9680793.38,91,46
2025-03-21,星期五,下午4:05,下午班機,TPE,晚上8:55,晚間抵達,SIN,新加坡航空,1,直達航班。,Non-stop,4 小時 50 分鐘,No,Airbus A350,1,SQ 881,經濟艙,13098,9123,13852.5,9036296.38,91,46
2025-03-21,星期五,下午4:10,下午班機,TPE,晚上8:55,晚間抵達,SIN,酷航,4,直達航班。,Non-stop,4 小時 45 分鐘,No,Boeing 787,1,TR 899,經濟艙,5840,4998,6068.0,422681.35,90,46
2025-03-21,星期五,下午5:35,下午班機,TPE,晚上10:20,晚間抵達,SIN,新加坡航空,1,直達航班。,Non-stop,4 小時 45 分鐘,No,Boeing 787,1,SQ 879,經濟艙,12636,9123,12080.0,8633996.28,91,46
2025-03-21,星期五,凌晨12:20,凌晨班機,TPE,清晨5:05,凌晨抵達,SIN,酷航,4,直達航班。,Non-stop,4 小時 45 分鐘,No,Airbus A321neo,0,TR 875,經濟艙,4372,3798,4398.0,15304.35,50,46
2025-03-21,星期五,晚上7:55,晚間班機,TPE,"凌晨12:40 (星期六, 3月 22)",凌晨抵達,SIN,中華航空,2,直達航班。,Non-stop,4 小時 45 分鐘,No,Airbus A330,1,CI 755,經濟艙,11234,6721,11159.0,3246312.65,88,46
2025-03-21,星期五,清晨7:25,早晨班機,TPE,中午12:05,下午抵達,SIN,長榮航空,1,直達航班。,Non-stop,4 小時 40 分鐘,No,Boeing 777,1,BR 225,經濟艙,6220,5829,6222.0,140188.44,87,46
