出發日期,出發時間,出發機場代號,抵達時間,抵達機場代號,航空公司,停靠站數量,停留時間,飛行時間,是否過夜,機型,航班代碼,艙等,價格歷史
12月20日 週五,上午11:00。,TPE,"上午10:25 (星期六, 12月 21)。",XMN,廈門航空,需轉機 1 次的航班。,9 小時 15 分鐘,20 小時 25 分鐘,No,Boeing 737,MF 888,經濟艙,"08/12 - $9,884, 08/13 - $9,883, 08/14 - $9,881, 08/15 - $9,883, 08/16 - $9,876, 08/17 - $9,884, 08/18 - $9,884, 08/19 - $9,884, 08/20 - $9,868, 08/21 - $9,860, 08/22 - $9,861, 08/23 - $9,859, 08/24 - $9,861, 08/25 - $9,861, 08/26 - $9,861, 08/27 - $9,861, 08/28 - $9,859, 08/29 - $9,869, 08/30 - $9,873, 08/31 - $9,878, 09/01 - $9,878, 09/02 - $9,878, 09/03 - $9,888, 09/04 - $9,889, 09/05 - $9,883, 09/06 - $9,887, 09/07 - $9,887, 09/08 - $9,887, 09/09 - $9,887, 09/10 - $9,879, 09/11 - $9,877, 09/12 - $9,881, 09/13 - $9,879, 09/14 - $9,883, 09/15 - $9,883, 09/16 - $9,883, 09/17 - $9,872, 09/18 - $9,867, 09/19 - $9,872, 09/20 - $9,888, 09/21 - $12,456, 09/22 - $12,456, 09/23 - $12,456, 09/24 - $16,987, 09/25 - $8,580, 09/26 - $8,576, 09/27 - $8,578, 09/28 - $8,571, 09/29 - $7,301, 09/30 - $7,301, 10/01 - $7,281, 10/02 - $7,294, 10/03 - $8,578, 10/04 - $8,577, 10/05 - $7,315, 10/06 - $7,315, 10/07 - $7,315, 10/08 - $7,328, 10/09 - $7,312, 10/10 - $7,311, "
12月20日 週五,上午10:30。,TPE,"上午10:45 (星期六, 12月 21)。",MNL,宿霧太平洋航空,需轉機 1 次的航班。,9 小時 55 分鐘,21 小時 15 分鐘,No,Airbus A321neo,5J 313,經濟艙,"08/12 - $9,993, 08/13 - $12,812, 08/14 - $9,998, 08/15 - $10,012, 08/16 - $10,012, 08/17 - $9,352, 08/18 - $9,352, 08/19 - $9,352, 08/20 - $9,396, 08/21 - $9,394, 08/22 - $12,753, 08/23 - $13,421, 08/24 - $13,436, 08/25 - $13,443, 08/26 - $13,443, 08/27 - $13,443, 08/28 - $13,459, 08/29 - $12,468, 08/30 - $12,468, 08/31 - $12,475, 09/01 - $12,475, 09/02 - $12,255, 09/03 - $11,393, 09/04 - $11,381, 09/05 - $11,937, 09/06 - $11,937, 09/07 - $11,953, 09/08 - $12,555, 09/09 - $12,555, 09/10 - $12,555, 09/11 - $12,534, 09/12 - $11,392, 09/13 - $11,881, 09/14 - $11,871, 09/15 - $11,871, 09/16 - $11,871, 09/17 - $11,825, 09/18 - $11,816, 09/19 - $11,816, 09/20 - $11,862, 09/21 - $11,862, 09/22 - $11,876, 09/23 - $11,876, 09/24 - $11,876, 09/25 - $11,880, 09/26 - $12,262, 09/27 - $12,262, 09/28 - $12,247, 09/29 - $12,247, 09/30 - $12,247, 10/01 - $11,970, 10/02 - $11,970, 10/03 - $11,990, 10/04 - $12,010, 10/05 - $12,031, 10/06 - $12,031, 10/07 - $12,031, 10/08 - $12,052, 10/09 - $12,052, 10/10 - $12,328, "
12月20日 週五,清晨6:25。,TPE,"上午8:05 (星期六, 12月 21)。",SGN,越捷航空,需轉機 1 次的航班。,10 小時 40 分鐘,22 小時 40 分鐘,No,Airbus A321,VJ 841,經濟艙,"08/12 - $9,468, 08/13 - $9,468, 08/14 - $9,468, 08/15 - $9,468, 08/16 - $9,468, 08/17 - $9,468, 08/18 - $9,468, 08/19 - $9,468, 08/20 - $9,468, 08/21 - $9,468, 08/22 - $9,468, 08/23 - $9,468, 08/24 - $9,468, 08/25 - $9,468, 08/26 - $9,468, 08/27 - $9,468, 08/28 - $9,468, 08/29 - $9,468, 08/30 - $9,468, 08/31 - $9,468, 09/01 - $9,468, 09/02 - $9,468, 09/03 - $9,468, 09/04 - $9,468, 09/05 - $9,343, 09/06 - $9,343, 09/07 - $9,343, 09/08 - $9,343, 09/09 - $9,343, 09/10 - $9,343, 09/11 - $9,343, 09/12 - $9,343, 09/13 - $9,343, 09/14 - $9,343, 09/15 - $9,472, 09/16 - $9,472, 09/17 - $9,472, 09/18 - $9,472, 09/19 - $9,472, 09/20 - $9,472, 09/21 - $9,472, 09/22 - $9,472, 09/23 - $9,472, 09/24 - $9,472, 09/25 - $9,472, 09/26 - $9,472, 09/27 - $9,472, 09/28 - $9,472, 09/29 - $9,472, 09/30 - $9,472, 10/01 - $9,472, 10/02 - $9,472, 10/03 - $9,472, 10/04 - $9,472, 10/05 - $9,442, 10/06 - $9,442, 10/07 - $9,442, 10/08 - $9,442, 10/09 - $9,442, 10/10 - $9,442, "
12月20日 週五,下午1:40。,TPE,"清晨7:30 (星期六, 12月 21)。",SZX,中國南方航空,需轉機 1 次的航班。,2 小時 50 分鐘,14 小時 50 分鐘,No,Airbus A330,CZ 3088,經濟艙,"08/12 - $11,562, 08/13 - $11,563, 08/14 - $11,565, 08/15 - $11,566, 08/16 - $9,961, 08/17 - $9,966, 08/18 - $9,966, 08/19 - $9,966, 08/20 - $9,965, 08/21 - $9,962, 08/22 - $9,964, 08/23 - $9,964, 08/24 - $9,964, 08/25 - $9,964, 08/26 - $9,964, 08/27 - $9,969, 08/28 - $9,966, 08/29 - $9,970, 08/30 - $9,972, 08/31 - $9,974, 09/01 - $9,974, 09/02 - $9,974, 09/03 - $9,974, 09/04 - $9,977, 09/05 - $9,972, 09/06 - $9,971, 09/07 - $9,971, 09/08 - $9,971, 09/09 - $9,971, 09/10 - $9,963, 09/11 - $9,963, 09/12 - $9,965, 09/13 - $9,964, 09/14 - $9,969, 09/15 - $9,969, 09/16 - $9,969, 09/17 - $9,963, 09/18 - $9,963, 09/19 - $9,967, 09/20 - $9,973, 09/21 - $9,978, 09/22 - $9,978, 09/23 - $9,978, 09/24 - $9,981, 09/25 - $9,988, 09/26 - $9,987, 09/27 - $9,986, 09/28 - $9,985, 09/29 - $9,985, 09/30 - $9,985, 10/01 - $9,978, 10/02 - $9,985, 10/03 - $9,990, 10/04 - $9,990, 10/05 - $9,991, 10/06 - $9,991, 10/07 - $9,991, 10/08 - $9,993, 10/09 - $9,985, 10/10 - $9,981, "
12月20日 週五,晚上7:45。,TSA,"上午10:25 (星期日, 12月 22)。",XMN,廈門航空,需轉機 1 次的航班。,24 小時 30 分鐘,35 小時 40 分鐘,No,Boeing 737,MF 882,未找到艙等,
12月20日 週五,凌晨2:15。,TPE,"上午10:45 (星期六, 12月 21)。",MNL,宿霧太平洋航空,需轉機 1 次的航班。,18 小時 20 分鐘,29 小時 30 分鐘,No,Airbus A321neo,5J 311,經濟艙,"08/12 - $9,343, 08/13 - $9,351, 08/14 - $9,348, 08/15 - $9,362, 08/16 - $9,362, 08/17 - $9,352, 08/18 - $9,352, 08/19 - $9,352, 08/20 - $9,352, 08/21 - $9,394, 08/22 - $12,753, 08/23 - $12,771, 08/24 - $12,786, 08/25 - $12,793, 08/26 - $12,793, 08/27 - $12,858, 08/28 - $12,809, 08/29 - $12,028, 08/30 - $12,028, 08/31 - $12,035, 09/01 - $12,035, 09/02 - $11,815, 09/03 - $10,593, 09/04 - $10,581, 09/05 - $11,137, 09/06 - $11,137, 09/07 - $11,653, 09/08 - $12,255, 09/09 - $12,255, 09/10 - $12,265, 09/11 - $12,234, 09/12 - $11,392, 09/13 - $11,441, 09/14 - $11,431, 09/15 - $11,431, 09/16 - $11,431, 09/17 - $11,825, 09/18 - $11,816, 09/19 - $12,256, 09/20 - $12,302, 09/21 - $12,302, 09/22 - $12,316, 09/23 - $12,316, 09/24 - $12,316, 09/25 - $12,302, 09/26 - $12,262, 09/27 - $12,262, 09/28 - $12,247, 09/29 - $12,247, 09/30 - $12,247, 10/01 - $11,970, 10/02 - $11,550, 10/03 - $11,550, 10/04 - $12,010, 10/05 - $12,031, 10/06 - $12,031, 10/07 - $12,031, 10/08 - $12,031, 10/09 - $12,003, 10/10 - $11,992, "
12月20日 週五,晚上7:00。,TPE,"清晨7:10 (星期日, 12月 22)。",HAN,越捷航空,需轉機 1 次的航班。,20 小時 5 分鐘,33 小時 10 分鐘,No,Airbus A321,VJ 943,經濟艙,"08/12 - $9,468, 08/13 - $9,468, 08/14 - $9,468, 08/15 - $9,468, 08/16 - $9,468, 08/17 - $9,468, 08/18 - $9,468, 08/19 - $9,468, 08/20 - $9,468, 08/21 - $9,468, 08/22 - $9,468, 08/23 - $9,468, 08/24 - $9,468, 08/25 - $9,468, 08/26 - $9,468, 08/27 - $9,468, 08/28 - $9,468, 08/29 - $9,468, 08/30 - $9,468, 08/31 - $9,468, 09/01 - $9,468, 09/02 - $9,468, 09/03 - $9,468, 09/04 - $9,468, 09/05 - $9,343, 09/06 - $9,343, 09/07 - $9,343, 09/08 - $9,343, 09/09 - $9,343, 09/10 - $9,343, 09/11 - $9,343, 09/12 - $9,343, 09/13 - $9,343, 09/14 - $9,343, 09/15 - $9,472, 09/16 - $9,472, 09/17 - $9,472, 09/18 - $9,472, 09/19 - $9,472, 09/20 - $9,472, 09/21 - $9,472, 09/22 - $9,472, 09/23 - $9,472, 09/24 - $9,472, 09/25 - $9,472, 09/26 - $9,472, 09/27 - $9,472, 09/28 - $9,472, 09/29 - $10,566, 09/30 - $10,566, 10/01 - $10,566, 10/02 - $9,472, 10/03 - $9,472, 10/04 - $9,472, 10/05 - $9,442, 10/06 - $9,442, 10/07 - $9,442, 10/08 - $9,442, 10/09 - $9,442, 10/10 - $9,442, "
12月20日 週五,下午2:35。,TPE,"晚上8:20 (星期六, 12月 21)。",CAN,中國南方航空,需轉機 1 次的航班。,未找到停留時間,26 小時 45 分鐘,No,Airbus A330,CZ 3098,經濟艙,"08/12 - $11,562, 08/13 - $11,563, 08/14 - $11,565, 08/15 - $11,566, 08/16 - $9,961, 08/17 - $9,966, 08/18 - $9,966, 08/19 - $9,966, 08/20 - $9,965, 08/21 - $9,962, 08/22 - $9,964, 08/23 - $9,964, 08/24 - $9,964, 08/25 - $9,964, 08/26 - $9,964, 08/27 - $9,969, 08/28 - $9,966, 08/29 - $9,970, 08/30 - $9,972, 08/31 - $9,974, 09/01 - $9,974, 09/02 - $9,974, 09/03 - $9,974, 09/04 - $9,977, 09/05 - $9,972, 09/06 - $9,971, 09/07 - $9,971, 09/08 - $9,971, 09/09 - $9,971, 09/10 - $9,963, 09/11 - $9,963, 09/12 - $9,965, 09/13 - $9,964, 09/14 - $9,964, 09/15 - $9,969, 09/16 - $9,969, 09/17 - $9,963, 09/18 - $9,963, 09/19 - $9,967, 09/20 - $9,973, 09/21 - $9,978, 09/22 - $9,978, 09/23 - $9,978, 09/24 - $9,981, 09/25 - $9,988, 09/26 - $9,987, 09/27 - $9,986, 09/28 - $9,985, 09/29 - $9,985, 09/30 - $9,985, 10/01 - $9,978, 10/02 - $9,985, 10/03 - $9,990, 10/04 - $9,990, 10/05 - $9,991, 10/06 - $9,991, 10/07 - $9,991, 10/08 - $9,993, 10/09 - $9,985, 10/10 - $9,981, "
12月20日 週五,下午4:10。,TPE,"晚上8:35 (星期六, 12月 21)。",SIN,酷航,需轉機 1 次的航班。,未找到停留時間,25 小時 25 分鐘,No,Boeing 787,TR 899,經濟艙,"09/06 - $13,423, 09/07 - $13,351, 09/08 - $13,351, 09/09 - $13,423, 09/10 - $13,423, 09/11 - $13,351, 09/12 - $13,423, 09/13 - $13,423, 09/14 - $13,351, 09/15 - $13,423, 09/16 - $13,423, 09/17 - $13,423, 09/18 - $13,423, 09/19 - $11,523, 09/20 - $12,223, 09/21 - $12,223, 09/22 - $10,451, 09/23 - $10,451, 09/24 - $10,523, 09/25 - $10,523, 09/26 - $10,523, 09/27 - $10,451, 09/28 - $12,223, 09/29 - $12,223, 09/30 - $12,151, 10/01 - $10,539, 10/02 - $10,539, 10/03 - $10,467, 10/04 - $10,539, 10/05 - $12,239, 10/06 - $12,239, 10/07 - $12,239, 10/08 - $10,539, 10/09 - $10,539, 10/10 - $10,539"
12月20日 週五,晚上11:55。,TPE,"晚上8:50 (星期六, 12月 21)。",KUL,亞洲航空 X,需轉機 1 次的航班。,4 小時 25 分鐘,17 小時 55 分鐘,No,Airbus A330,D7 379,經濟艙,"08/12 - $13,464, 08/13 - $12,224, 08/14 - $12,224, 08/15 - $12,237, 08/16 - $12,237, 08/17 - $12,237, 08/18 - $12,241, 08/19 - $12,221, 08/20 - $12,221, 08/21 - $12,221, 08/22 - $12,221, 08/23 - $12,234, 08/24 - $12,234, 08/25 - $12,242, 08/26 - $12,242, 08/27 - $12,242, 08/28 - $12,242, 08/29 - $12,242, 08/30 - $12,242, 08/31 - $12,242, 09/01 - $12,242, 09/02 - $12,242, 09/03 - $11,742, 09/04 - $11,742, 09/05 - $11,742, 09/06 - $11,742, 09/07 - $11,742, 09/08 - $11,742, 09/09 - $11,742, 09/10 - $11,742, 09/11 - $11,763, 09/12 - $11,605, 09/13 - $11,605, 09/14 - $11,605, 09/15 - $11,643, 09/16 - $11,648, 09/17 - $11,648, 09/18 - $11,650, 09/19 - $11,650, 09/20 - $11,700, 09/21 - $11,726, 09/22 - $11,735, 09/23 - $11,735, 09/24 - $11,735, 09/25 - $11,735, 09/26 - $11,764, 09/27 - $11,796, 09/28 - $11,796, 09/29 - $11,758, 09/30 - $11,763, 10/01 - $11,763, 10/02 - $11,770, 10/03 - $12,256, 10/04 - $12,256, 10/05 - $12,217, 10/06 - $12,255, 10/07 - $12,261, 10/08 - $12,202, 10/09 - $12,187, 10/10 - $12,184, "
12月20日 週五,晚上11:55。,TPE,"上午9:15 (星期日, 12月 22)。",KUL,亞洲航空 X,需轉機 1 次的航班。,16 小時 50 分鐘,30 小時 20 分鐘,No,Airbus A330,D7 379,經濟艙,
12月20日 週五,凌晨12:20。,TPE,"中午12:50 (星期六, 12月 21)。",SIN,酷航,需轉機 1 次的航班。,21 小時 5 分鐘,33 小時 30 分鐘,No,Airbus A321neo,TR 875,經濟艙,"09/06 - $13,423, 09/07 - $13,351, 09/08 - $13,351, 09/09 - $13,423, 09/10 - $13,423, 09/11 - $13,351, 09/12 - $13,423, 09/13 - $13,423, 09/14 - $13,423, 09/15 - $13,423, 09/16 - $13,423, 09/17 - $13,423, 09/18 - $11,523, 09/19 - $11,523, 09/20 - $12,223, 09/21 - $12,223, 09/22 - $12,151, 09/23 - $12,151, 09/24 - $12,223, 09/25 - $12,223, 09/26 - $12,223, 09/27 - $10,451, 09/28 - $10,523, 09/29 - $10,523, 09/30 - $10,523, 10/01 - $12,151, 10/02 - $12,239, 10/03 - $12,167, 10/04 - $12,239, 10/05 - $12,239, 10/06 - $12,239, 10/07 - $12,239, 10/08 - $12,239, 10/09 - $12,239, 10/10 - $12,239"
12月20日 週五,下午4:10。,TPE,"中午12:50 (星期六, 12月 21)。",SIN,酷航,需轉機 1 次的航班。,5 小時 15 分鐘,17 小時 40 分鐘,No,Boeing 787,TR 899,經濟艙,"09/06 - $15,423, 09/07 - $15,351, 09/08 - $15,351, 09/09 - $15,423, 09/10 - $15,423, 09/11 - $15,351, 09/12 - $15,423, 09/13 - $15,423, 09/14 - $15,351, 09/15 - $15,423, 09/16 - $15,423, 09/17 - $15,423, 09/18 - $13,423, 09/19 - $13,423, 09/20 - $13,423, 09/21 - $14,123, 09/22 - $14,051, 09/23 - $14,123, 09/24 - $14,123, 09/25 - $14,123, 09/26 - $14,123, 09/27 - $14,051, 09/28 - $14,123, 09/29 - $14,123, 09/30 - $14,051, 10/01 - $14,051, 10/02 - $14,139, 10/03 - $14,067, 10/04 - $14,139, 10/05 - $14,139, 10/06 - $14,139, 10/07 - $14,139, 10/08 - $12,239, 10/09 - $12,239, 10/10 - $12,239"
12月20日 週五,上午10:20。,TPE,"上午9:30 (星期六, 12月 21)。",MNL,菲律賓航空,需轉機 1 次的航班。,9 小時 45 分鐘,20 小時 10 分鐘,No,Airbus A321,PR 891,經濟艙,"08/12 - $14,090, 08/13 - $14,090, 08/14 - $14,090, 08/15 - $14,089, 08/16 - $14,079, 08/17 - $14,086, 08/18 - $14,086, 08/19 - $14,086, 08/20 - $14,078, 08/21 - $14,066, 08/22 - $14,066, 08/23 - $14,067, 08/24 - $14,069, 08/25 - $14,069, 08/26 - $14,069, 08/27 - $14,068, 08/28 - $14,065, 08/29 - $16,542, 08/30 - $16,546, 08/31 - $16,544, 09/01 - $16,544, 09/02 - $16,544, 09/03 - $16,548, 09/04 - $16,551, 09/05 - $16,811, 09/06 - $16,810, 09/07 - $16,809, 09/08 - $16,809, 09/09 - $14,339, 09/10 - $14,122, 09/11 - $14,122, 09/12 - $14,130, 09/13 - $14,128, 09/14 - $14,133, 09/15 - $16,603, 09/16 - $16,603, 09/17 - $14,120, 09/18 - $14,116, 09/19 - $16,592, 09/20 - $16,600, 09/21 - $16,605, 09/22 - $16,605, 09/23 - $16,605, 09/24 - $16,607, 09/25 - $16,614, 09/26 - $16,608, 09/27 - $16,606, 09/28 - $16,599, 09/29 - $16,599, 09/30 - $16,599, 10/01 - $16,584, 10/02 - $16,596, 10/03 - $16,606, 10/04 - $16,609, 10/05 - $16,614, 10/06 - $16,614, 10/07 - $16,614, 10/08 - $16,626, 10/09 - $16,614, 10/10 - $16,610, "
12月20日 週五,上午8:40。,TPE,"上午10:25 (星期六, 12月 21)。",XMN,華信航空、廈門航空,需轉機 1 次的航班。,11 小時 35 分鐘,22 小時 45 分鐘,No,Airbus A330,AE 991,未找到艙等,
12月20日 週五,下午2:10。,TPE,"下午1:15 (星期六, 12月 21)。",HAN,中華航空、越南航空,需轉機 1 次的航班。,未找到停留時間,20 小時 5 分鐘,No,Boeing 737,CI 793,未找到艙等,
12月20日 週五,下午5:15。,TSA,"下午1:35 (星期日, 12月 22)。",SHA,中國東方航空,需轉機 1 次的航班。,29 小時 25 分鐘,41 小時 20 分鐘,No,Airbus A330,MU 5098,經濟艙,
12月20日 週五,清晨7:45。,TPE,"上午9:50 (星期六, 12月 21)。",SGN,越南航空,需轉機 1 次的航班。,10 小時 55 分鐘,23 小時 5 分鐘,No,Airbus A321,VN 571,經濟艙,"08/12 - $15,397, 08/13 - $15,395, 08/14 - $15,397, 08/15 - $15,396, 08/16 - $15,381, 08/17 - $15,392, 08/18 - $15,392, 08/19 - $15,392, 08/20 - $15,384, 08/21 - $15,367, 08/22 - $15,365, 08/23 - $15,365, 08/24 - $15,365, 08/25 - $15,369, 08/26 - $15,369, 08/27 - $15,365, 08/28 - $15,363, 08/29 - $15,370, 08/30 - $15,378, 08/31 - $16,740, 09/01 - $16,782, 09/02 - $16,782, 09/03 - $16,786, 09/04 - $16,793, 09/05 - $15,420, 09/06 - $16,792, 09/07 - $16,786, 09/08 - $16,786, 09/09 - $16,786, 09/10 - $15,406, 09/11 - $15,411, 09/12 - $15,411, 09/13 - $15,755, 09/14 - $15,758, 09/15 - $15,758, 09/16 - $15,758, 09/17 - $15,742, 09/18 - $17,108, 09/19 - $17,113, 09/20 - $17,124, 09/21 - $19,281, 09/22 - $16,786, 09/23 - $18,941, 09/24 - $18,944, 09/25 - $19,294, 09/26 - $19,287, 09/27 - $19,285, 09/28 - $19,276, 09/29 - $13,595, 09/30 - $19,276, 10/01 - $19,041, 10/02 - $19,051, 10/03 - $13,481, 10/04 - $13,482, 10/05 - $13,492, 10/06 - $19,077, 10/07 - $19,077, 10/08 - $19,324, 10/09 - $19,309, 10/10 - $19,307, "
12月20日 週五,下午2:35。,TPE,"上午9:25 (星期六, 12月 21)。",CAN,中國南方航空,需轉機 1 次的航班。,4 小時 5 分鐘,15 小時 50 分鐘,No,Airbus A330,CZ 3098,經濟艙,"08/12 - $11,562, 08/13 - $11,563, 08/14 - $11,565, 08/15 - $11,566, 08/16 - $9,961, 08/17 - $9,966, 08/18 - $9,966, 08/19 - $9,966, 08/20 - $9,965, 08/21 - $9,962, 08/22 - $9,964, 08/23 - $9,964, 08/24 - $9,964, 08/25 - $9,964, 08/26 - $9,964, 08/27 - $9,969, 08/28 - $9,966, 08/29 - $9,970, 08/30 - $9,972, 08/31 - $9,974, 09/01 - $9,974, 09/02 - $9,974, 09/03 - $9,974, 09/04 - $9,977, 09/05 - $9,972, 09/06 - $9,971, 09/07 - $9,971, 09/08 - $9,971, 09/09 - $9,971, 09/10 - $9,963, 09/11 - $9,963, 09/12 - $9,965, 09/13 - $9,964, 09/14 - $9,969, 09/15 - $9,969, 09/16 - $9,969, 09/17 - $9,963, 09/18 - $9,963, 09/19 - $9,967, 09/20 - $9,973, 09/21 - $9,978, 09/22 - $9,978, 09/23 - $9,978, 09/24 - $9,981, 09/25 - $9,988, 09/26 - $9,987, 09/27 - $9,986, 09/28 - $9,985, 09/29 - $9,985, 09/30 - $19,382, 10/01 - $19,375, 10/02 - $19,382, 10/03 - $19,387, 10/04 - $19,387, 10/05 - $19,388, 10/06 - $19,388, 10/07 - $19,388, 10/08 - $19,390, 10/09 - $19,382, 10/10 - $19,378, "
12月20日 週五,下午1:35。,TPE,"上午9:30 (星期六, 12月 21)。",MNL,中華航空、菲律賓航空,需轉機 1 次的航班。,6 小時 25 分鐘,16 小時 55 分鐘,No,Airbus A330,CI 703,經濟艙,
12月20日 週五,下午1:55。,TPE,"上午11:55 (星期六, 12月 21)。",BKK,THAI,需轉機 1 次的航班。,5 小時 45 分鐘,未找到飛行時間,No,Boeing 777,TG 633,經濟艙,"08/11 - $20,317, 08/12 - $20,317, 08/13 - $20,311, 08/14 - $20,311, 08/15 - $20,302, 08/16 - $20,274, 08/17 - $20,295, 08/18 - $20,295, 08/19 - $20,295, 08/20 - $20,268, 08/21 - $20,229, 08/22 - $20,221, 08/23 - $20,220, 08/24 - $20,230, 08/25 - $20,230, 08/26 - $20,230, 08/27 - $20,209, 08/28 - $18,831, 08/29 - $20,224, 08/30 - $20,235, 08/31 - $20,225, 09/01 - $20,225, 09/02 - $20,225, 09/03 - $20,242, 09/04 - $20,250, 09/05 - $20,254, 09/06 - $20,263, 09/07 - $20,248, 09/08 - $20,248, 09/09 - $20,248, 09/10 - $20,241, 09/11 - $20,251, 09/12 - $20,266, 09/13 - $20,260, 09/14 - $20,263, 09/15 - $20,263, 09/16 - $20,263, 09/17 - $20,227, 09/18 - $20,210, 09/19 - $20,218, 09/20 - $21,777, 09/21 - $21,775, 09/22 - $21,775, 09/23 - $21,775, 09/24 - $21,782, 09/25 - $21,797, 09/26 - $21,779, 09/27 - $21,775, 09/28 - $21,753, 09/29 - $21,753, 09/30 - $21,753, 10/01 - $21,712, 10/02 - $21,734, 10/03 - $21,767, 10/04 - $20,232, 10/05 - $20,258, 10/06 - $20,258, 10/07 - $20,258, 10/08 - $21,844, 10/09 - $21,820, 10/10 - $20,282"
12月20日 週五,下午6:50。,TPE,"晚上9:50 (星期六, 12月 21)。",BKK,THAI,需轉機 1 次的航班。,10 小時 45 分鐘,未找到飛行時間,No,Boeing 787,TG 635,經濟艙,
12月20日 週五,上午8:45。,TPE,"清晨6:30 (星期六, 12月 21)。",PVG,中華航空、中國東方航空,需轉機 1 次的航班。,5 小時 55 分鐘,18 小時 45 分鐘,No,Airbus A330,CI 501,經濟艙,
12月20日 週五,下午3:10。,TPE,"晚上8:35 (星期六, 12月 21)。",KUL,馬來西亞航空,需轉機 1 次的航班。,13 小時 5 分鐘,26 小時 25 分鐘,No,Airbus A330,MH 367,經濟艙,"08/11 - $23,165, 08/12 - $23,165, 08/13 - $23,168, 08/14 - $23,168, 08/15 - $23,167, 08/16 - $23,161, 08/17 - $23,167, 08/18 - $23,167, 08/19 - $23,167, 08/20 - $23,017, 08/21 - $23,159, 08/22 - $23,158, 08/23 - $23,158, 08/24 - $23,160, 08/25 - $23,160, 08/26 - $23,160, 08/27 - $23,159, 08/28 - $23,159, 08/29 - $23,166, 08/30 - $23,171, 08/31 - $23,171, 09/01 - $23,171, 09/02 - $23,171, 09/03 - $23,174, 09/04 - $23,175, 09/05 - $23,170, 09/06 - $20,573, 09/07 - $20,569, 09/08 - $20,569, 09/09 - $20,569, 09/10 - $20,563, 09/11 - $20,563, 09/12 - $20,568, 09/13 - $20,569, 09/14 - $20,572, 09/15 - $20,572, 09/16 - $20,572, 09/17 - $20,566, 09/18 - $20,563, 09/19 - $20,569, 09/20 - $20,580, 09/21 - $20,584, 09/22 - $20,584, 09/23 - $20,584, 09/24 - $20,589, 09/25 - $20,597, 09/26 - $20,598, 09/27 - $20,599, 09/28 - $20,592, 09/29 - $20,592, 09/30 - $20,592, 10/01 - $20,582, 10/02 - $20,593, 10/03 - $20,597, 10/04 - $20,597, 10/05 - $20,597, 10/06 - $20,597, 10/07 - $20,597, 10/08 - $20,608, 10/09 - $20,592, 10/10 - $20,588"
12月20日 週五,下午1:55。,TPE,"晚上9:50 (星期六, 12月 21)。",BKK,THAI,需轉機 1 次的航班。,15 小時 40 分鐘,28 小時 55 分鐘,No,Boeing 777,TG 633,經濟艙,
12月20日 週五,上午8:15。,TPE,"下午1:15 (星期六, 12月 21)。",HAN,中華航空、越南航空,需轉機 1 次的航班。,未找到停留時間,未找到飛行時間,No,Airbus A321neo,CI 791,未找到艙等,
12月20日 週五,上午11:30。,TSA,"上午10:00 (星期六, 12月 21)。",SHA,上海航空、中國東方航空,需轉機 1 次的航班。,6 小時 45 分鐘,19 小時 30 分鐘,No,Boeing 737,FM 852,經濟艙,
12月20日 週五,上午11:30。,TSA,"下午1:35 (星期六, 12月 21)。",SHA,上海航空、中國東方航空,需轉機 1 次的航班。,10 小時 40 分鐘,23 小時 5 分鐘,No,Boeing 737,FM 852,經濟艙,
12月20日 週五,下午3:00。,TPE,"上午10:00 (星期六, 12月 21)。",PVG,中國東方航空,需轉機 1 次的航班。,3 小時 20 分鐘,未找到飛行時間,No,Airbus A330,MU 5008,經濟艙,"08/12 - $24,852, 08/13 - $24,851, 08/14 - $24,852, 08/15 - $24,849, 08/16 - $24,832, 08/17 - $24,845, 08/18 - $24,845, 08/19 - $24,845, 08/20 - $24,832, 08/21 - $24,812, 08/22 - $24,809, 08/23 - $24,808, 08/24 - $24,808, 08/25 - $24,814, 08/26 - $24,814, 08/27 - $24,807, 08/28 - $24,804, 08/29 - $24,814, 08/30 - $24,821, 08/31 - $24,818, 09/01 - $24,818, 09/02 - $24,818, 09/03 - $24,826, 09/04 - $24,832, 09/05 - $24,831, 09/06 - $24,833, 09/07 - $24,827, 09/08 - $24,827, 09/09 - $24,827, 09/10 - $24,818, 09/11 - $24,822, 09/12 - $24,830, 09/13 - $24,827, 09/14 - $24,831, 09/15 - $24,831, 09/16 - $24,831, 09/17 - $24,811, 09/18 - $24,803, 09/19 - $24,809, 09/20 - $24,822, 09/21 - $24,826, 09/22 - $24,826, 09/23 - $21,786, 09/24 - $21,791, 09/25 - $21,803, 09/26 - $21,793, 09/27 - $21,790, 09/28 - $21,781, 09/29 - $21,781, 09/30 - $21,781, 10/01 - $21,757, 10/02 - $21,772, 10/03 - $21,772, 10/04 - $21,792, 10/05 - $21,805, 10/06 - $21,805, 10/07 - $21,805, 10/08 - $21,828, 10/09 - $21,812, 10/10 - $21,809, "
12月20日 週五,下午3:00。,TPE,"下午1:35 (星期六, 12月 21)。",PVG,中國東方航空,需轉機 1 次的航班。,7 小時 15 分鐘,19 小時 35 分鐘,No,Airbus A330,MU 5008,經濟艙,"08/12 - $24,852, 08/13 - $24,851, 08/14 - $24,852, 08/15 - $24,849, 08/16 - $24,832, 08/17 - $24,845, 08/18 - $24,845, 08/19 - $24,845, 08/20 - $24,832, 08/21 - $24,812, 08/22 - $24,809, 08/23 - $24,808, 08/24 - $24,814, 08/25 - $24,814, 08/26 - $24,814, 08/27 - $24,807, 08/28 - $24,804, 08/29 - $24,814, 08/30 - $24,821, 08/31 - $24,818, 09/01 - $24,818, 09/02 - $24,818, 09/03 - $24,826, 09/04 - $24,832, 09/05 - $24,831, 09/06 - $24,833, 09/07 - $24,827, 09/08 - $24,827, 09/09 - $24,827, 09/10 - $24,818, 09/11 - $24,822, 09/12 - $24,830, 09/13 - $24,827, 09/14 - $24,831, 09/15 - $24,831, 09/16 - $24,831, 09/17 - $24,811, 09/18 - $24,803, 09/19 - $24,809, 09/20 - $24,822, 09/21 - $24,826, 09/22 - $24,826, 09/23 - $21,786, 09/24 - $21,791, 09/25 - $21,803, 09/26 - $21,793, 09/27 - $21,790, 09/28 - $21,781, 09/29 - $21,781, 09/30 - $21,781, 10/01 - $21,757, 10/02 - $21,772, 10/03 - $21,790, 10/04 - $21,792, 10/05 - $21,805, 10/06 - $21,805, 10/07 - $21,805, 10/08 - $21,828, 10/09 - $21,812, 10/10 - $21,809, "
12月20日 週五,下午5:15。,TSA,"下午1:35 (星期六, 12月 21)。",SHA,中國東方航空,需轉機 1 次的航班。,5 小時 25 分鐘,17 小時 20 分鐘,No,Airbus A330,MU 5098,經濟艙,
12月20日 週五,下午5:15。,TSA,"清晨6:30 (星期日, 12月 22)。",SHA,中國東方航空,需轉機 1 次的航班。,21 小時 55 分鐘,34 小時 15 分鐘,No,Airbus A330,MU 5098,經濟艙,
12月20日 週五,下午6:40。,TPE,"下午1:35 (星期六, 12月 21)。",PVG,中國東方航空,需轉機 1 次的航班。,3 小時 50 分鐘,15 小時 55 分鐘,No,Airbus A330,MU 5006,經濟艙,"08/12 - $24,852, 08/13 - $24,851, 08/14 - $24,852, 08/15 - $24,849, 08/16 - $24,832, 08/17 - $24,845, 08/18 - $24,845, 08/19 - $24,845, 08/20 - $24,832, 08/21 - $24,812, 08/22 - $24,809, 08/23 - $24,808, 08/24 - $24,814, 08/25 - $24,814, 08/26 - $24,814, 08/27 - $24,807, 08/28 - $24,804, 08/29 - $24,814, 08/30 - $24,821, 08/31 - $24,818, 09/01 - $24,818, 09/02 - $24,818, 09/03 - $24,826, 09/04 - $24,832, 09/05 - $24,831, 09/06 - $24,833, 09/07 - $24,827, 09/08 - $24,827, 09/09 - $24,827, 09/10 - $24,818, 09/11 - $24,822, 09/12 - $24,830, 09/13 - $24,827, 09/14 - $24,831, 09/15 - $24,831, 09/16 - $24,831, 09/17 - $24,811, 09/18 - $24,803, 09/19 - $24,809, 09/20 - $24,822, 09/21 - $24,826, 09/22 - $24,826, 09/23 - $21,786, 09/24 - $21,791, 09/25 - $21,803, 09/26 - $21,793, 09/27 - $21,790, 09/28 - $21,781, 09/29 - $21,781, 09/30 - $21,781, 10/01 - $21,757, 10/02 - $21,772, 10/03 - $21,790, 10/04 - $21,792, 10/05 - $21,805, 10/06 - $21,805, 10/07 - $21,805, 10/08 - $21,828, 10/09 - $21,812, 10/10 - $21,809, "
12月20日 週五,清晨7:35。,TPE,"上午9:30 (星期六, 12月 21)。",MNL,中華航空、菲律賓航空,需轉機 1 次的航班。,12 小時 25 分鐘,22 小時 55 分鐘,No,Boeing 777,CI 701,經濟艙,
12月20日 週五,清晨7:25。,TPE,"上午9:50 (星期六, 12月 21)。",SGN,中華航空、越南航空,需轉機 1 次的航班。,11 小時 20 分鐘,23 小時 25 分鐘,No,Airbus A350,CI 781,未找到艙等,
12月20日 週五,下午2:10。,TPE,"上午9:50 (星期六, 12月 21)。",SGN,中華航空、越南航空,需轉機 1 次的航班。,4 小時 30 分鐘,16 小時 40 分鐘,No,Airbus A350,CI 783,未找到艙等,
12月20日 週五,清晨7:40。,TPE,"上午11:55 (星期六, 12月 21)。",BKK,THAI,需轉機 1 次的航班。,未找到停留時間,25 小時 15 分鐘,No,Airbus A320,TG 637,未找到艙等,
12月20日 週五,晚上11:55。,TPE,"晚上8:40 (星期六, 12月 21)。",BNE,中華航空、維珍澳洲航空,需轉機 1 次的航班。,7 小時 20 分鐘,17 小時 45 分鐘,No,Airbus A350,CI 53,經濟艙,
12月20日 週五,中午12:55。,TPE,"上午8:30 (星期六, 12月 21)。",ICN,韓亞航空,需轉機 1 次的航班。,3 小時 30 分鐘,16 小時 35 分鐘,No,Airbus A380,OZ 712,經濟艙,"08/12 - $22,731, 08/13 - $22,733, 08/14 - $22,733, 08/15 - $22,731, 08/16 - $22,720, 08/17 - $22,730, 08/18 - $22,730, 08/19 - $22,730, 08/20 - $22,723, 08/21 - $22,712, 08/22 - $22,711, 08/23 - $22,712, 08/24 - $22,713, 08/25 - $22,713, 08/26 - $22,713, 08/27 - $22,713, 08/28 - $22,710, 08/29 - $22,718, 08/30 - $22,722, 08/31 - $22,720, 09/01 - $22,720, 09/02 - $22,720, 09/03 - $22,723, 09/04 - $22,728, 09/05 - $22,726, 09/06 - $22,726, 09/07 - $22,723, 09/08 - $22,723, 09/09 - $22,723, 09/10 - $22,713, 09/11 - $22,716, 09/12 - $24,401, 09/13 - $24,191, 09/14 - $24,196, 09/15 - $24,196, 09/16 - $24,196, 09/17 - $24,184, 09/18 - $24,181, 09/19 - $24,187, 09/20 - $24,194, 09/21 - $24,197, 09/22 - $24,197, 09/23 - $24,197, 09/24 - $24,199, 09/25 - $24,207, 09/26 - $24,202, 09/27 - $24,200, 09/28 - $24,195, 09/29 - $24,195, 09/30 - $24,195, 10/01 - $24,183, 10/02 - $24,194, 10/03 - $27,804, 10/04 - $27,806, 10/05 - $27,810, 10/06 - $27,810, 10/07 - $24,210, 10/08 - $24,220, 10/09 - $24,210, 10/10 - $24,206, "
12月20日 週五,晚上11:55。,TPE,"晚上10:25 (星期六, 12月 21)。",BNE,中華航空、澳洲航空,需轉機 1 次的航班。,9 小時 5 分鐘,19 小時 30 分鐘,No,Airbus A350,CI 53,經濟艙,
12月20日 週五,上午9:15。,TPE,"清晨7:10 (星期六, 12月 21)。",DPS,中華航空、加魯達印尼航空,需轉機 1 次的航班。,7 小時 20 分鐘,18 小時 55 分鐘,No,Airbus A330,CI 771,經濟艙,
12月20日 週五,晚上11:55。,TPE,"清晨7:35 (星期日, 12月 22)。",BNE,中華航空、澳洲航空,需轉機 1 次的航班。,18 小時 15 分鐘,28 小時 40 分鐘,No,Airbus A350,CI 53,經濟艙,
12月20日 週五,晚上11:55。,TPE,"上午8:40 (星期日, 12月 22)。",BNE,中華航空、澳洲航空,需轉機 1 次的航班。,19 小時 20 分鐘,29 小時 45 分鐘,No,Airbus A350,CI 53,經濟艙,
12月20日 週五,晚上11:55。,TPE,"上午9:50 (星期日, 12月 22)。",BNE,中華航空、澳洲航空,需轉機 1 次的航班。,20 小時 30 分鐘,30 小時 55 分鐘,No,Airbus A350,CI 53,經濟艙,
12月20日 週五,晚上11:55。,TPE,"晚上7:50 (星期六, 12月 21)。",BNE,中華航空、澳洲航空,需轉機 1 次的航班。,6 小時 30 分鐘,16 小時 55 分鐘,No,Airbus A350,CI 53,經濟艙,
12月20日 週五,上午8:45。,TPE,"下午1:35 (星期六, 12月 21)。",PVG,中華航空、中國東方航空,需轉機 1 次的航班。,13 小時 25 分鐘,25 小時 50 分鐘,No,Airbus A330,CI 501,經濟艙,
12月20日 週五,下午4:30。,TPE,"下午1:35 (星期六, 12月 21)。",PVG,中華航空、中國東方航空,需轉機 1 次的航班。,5 小時 40 分鐘,18 小時 5 分鐘,No,Boeing 777,CI 503,未找到艙等,
12月20日 週五,下午3:10。,TPE,"上午10:20 (星期六, 12月 21)。",KUL,馬來西亞航空,需轉機 1 次的航班。,2 小時 55 分鐘,16 小時 10 分鐘,No,Airbus A330,MH 367,經濟艙,"08/11 - $25,611, 08/12 - $25,611, 08/13 - $25,613, 08/14 - $25,614, 08/15 - $25,613, 08/16 - $25,607, 08/17 - $25,613, 08/18 - $25,613, 08/19 - $25,613, 08/20 - $25,609, 08/21 - $25,604, 08/22 - $25,603, 08/23 - $25,604, 08/24 - $25,605, 08/25 - $25,605, 08/26 - $25,605, 08/27 - $25,605, 08/28 - $25,604, 08/29 - $25,611, 08/30 - $25,615, 08/31 - $25,615, 09/01 - $25,615, 09/02 - $23,015, 09/03 - $23,017, 09/04 - $23,019, 09/05 - $23,015, 09/06 - $20,417, 09/07 - $20,413, 09/08 - $20,413, 09/09 - $20,413, 09/10 - $20,407, 09/11 - $20,407, 09/12 - $20,412, 09/13 - $20,412, 09/14 - $20,415, 09/15 - $20,415, 09/16 - $20,415, 09/17 - $20,409, 09/18 - $20,406, 09/19 - $20,411, 09/20 - $20,421, 09/21 - $20,421, 09/22 - $20,424, 09/23 - $20,424, 09/24 - $20,428, 09/25 - $20,436, 09/26 - $20,436, 09/27 - $20,436, 09/28 - $20,430, 09/29 - $23,030, 09/30 - $20,430, 10/01 - $20,420, 10/02 - $23,031, 10/03 - $23,035, 10/04 - $23,036, 10/05 - $23,037, 10/06 - $23,037, 10/07 - $23,037, 10/08 - $23,046, 10/09 - $25,633, 10/10 - $25,629"
12月20日 週五,晚上11:55。,TPE,"下午4:05 (星期六, 12月 21)。",BNE,中華航空、澳洲航空,需轉機 1 次的航班。,2 小時 45 分鐘,13 小時 10 分鐘,No,Airbus A350,CI 53,未找到艙等,
12月20日 週五,晚上11:55。,TPE,"下午5:45 (星期六, 12月 21)。",BNE,中華航空、澳洲航空,需轉機 1 次的航班。,4 小時 25 分鐘,14 小時 50 分鐘,No,Airbus A350,CI 53,經濟艙,
12月20日 週五,上午8:45。,TPE,"上午10:00 (星期六, 12月 21)。",PVG,中華航空、中國東方航空,需轉機 1 次的航班。,9 小時 30 分鐘,22 小時 15 分鐘,No,Airbus A330,CI 501,經濟艙,
12月20日 週五,上午8:20。,TPE,"上午9:35 (星期六, 12月 21)。",HKG,國泰航空,需轉機 1 次的航班。,10 小時 50 分鐘,22 小時 15 分鐘,No,Boeing 777,CX 407,經濟艙,
12月20日 週五,上午9:50。,TPE,"上午9:35 (星期六, 12月 21)。",HKG,國泰航空,需轉機 1 次的航班。,9 小時 30 分鐘,20 小時 45 分鐘,No,Airbus A330,CX 469,經濟艙,
12月20日 週五,上午10:45。,TPE,"上午9:35 (星期六, 12月 21)。",HKG,國泰航空,需轉機 1 次的航班。,8 小時 20 分鐘,19 小時 50 分鐘,No,Boeing 777,CX 489,經濟艙,
12月20日 週五,中午12:25。,TPE,"上午9:35 (星期六, 12月 21)。",HKG,國泰航空,需轉機 1 次的航班。,6 小時 50 分鐘,18 小時 10 分鐘,No,Airbus A330,CX 461,經濟艙,
12月20日 週五,下午1:20。,TPE,"上午9:35 (星期六, 12月 21)。",HKG,國泰航空,需轉機 1 次的航班。,5 小時 55 分鐘,17 小時 15 分鐘,No,Airbus A330,CX 495,經濟艙,
12月20日 週五,下午3:50。,TPE,"上午9:35 (星期六, 12月 21)。",HKG,國泰航空,需轉機 1 次的航班。,3 小時 25 分鐘,14 小時 45 分鐘,No,Airbus A330,CX 443,經濟艙,"08/12 - $23,770, 08/13 - $23,763, 08/14 - $23,763, 08/15 - $23,757, 08/16 - $23,728, 08/17 - $23,750, 08/18 - $23,750, 08/19 - $23,750, 08/20 - $23,725, 08/21 - $23,688, 08/22 - $31,029, 08/23 - $31,028, 08/24 - $31,038, 08/25 - $31,038, 08/26 - $31,038, 08/27 - $31,019, 08/28 - $31,016, 08/29 - $31,031, 08/30 - $31,045, 08/31 - $31,035, 09/01 - $30,014, 09/02 - $30,014, 09/03 - $30,025, 09/04 - $30,035, 09/05 - $30,035, 09/06 - $30,040, 09/07 - $30,030, 09/08 - $30,030, 09/09 - $30,030, 09/10 - $30,019, 09/11 - $33,027, 09/12 - $33,038, 09/13 - $33,034, 09/14 - $33,038, 09/15 - $33,038, 09/16 - $33,038, 09/17 - $22,659, 09/18 - $22,647, 09/19 - $30,006, 09/20 - $30,021, 09/21 - $33,023, 09/22 - $33,023, 09/23 - $33,023, 09/24 - $33,029, 09/25 - $33,042, 09/26 - $33,028, 09/27 - $33,024, 09/28 - $33,008, 09/29 - $33,008, 09/30 - $33,008, 10/01 - $29,976, 10/02 - $29,995, 10/03 - $30,021, 10/04 - $30,027, 10/05 - $30,046, 10/06 - $30,046, 10/07 - $30,046, 10/08 - $31,163, 10/09 - $31,141, 10/10 - $31,139, "
12月20日 週五,下午5:00。,TPE,"上午9:35 (星期六, 12月 21)。",HKG,國泰航空,需轉機 1 次的航班。,2 小時 15 分鐘,13 小時 35 分鐘,No,Airbus A330,CX 421,經濟艙,
12月20日 週五,清晨7:25。,TPE,"清晨6:30 (星期六, 12月 21)。",SIN,長榮航空、澳洲航空,需轉機 1 次的航班。,7 小時 35 分鐘,20 小時 5 分鐘,No,Boeing 777,BR 225,未找到艙等,
12月20日 週五,清晨7:25。,TPE,"清晨7:25 (星期六, 12月 21)。",SIN,長榮航空、澳洲航空,需轉機 1 次的航班。,8 小時 25 分鐘,未找到飛行時間,No,Boeing 777,BR 225,未找到艙等,
12月20日 週五,上午8:20。,TPE,"清晨6:30 (星期六, 12月 21)。",SIN,中華航空、澳洲航空,需轉機 1 次的航班。,6 小時 35 分鐘,19 小時 10 分鐘,No,Airbus A350,CI 753,未找到艙等,
12月20日 週五,上午8:20。,TPE,"清晨7:25 (星期六, 12月 21)。",SIN,中華航空、澳洲航空,需轉機 1 次的航班。,7 小時 25 分鐘,20 小時 5 分鐘,No,Airbus A350,CI 753,未找到艙等,
12月20日 週五,下午5:15。,TSA,"上午10:00 (星期日, 12月 22)。",SHA,中國東方航空,需轉機 1 次的航班。,25 小時 30 分鐘,37 小時 45 分鐘,No,Airbus A330,MU 5098,經濟艙,
12月20日 週五,上午9:50。,TPE,"清晨7:15 (星期六, 12月 21)。",HKG,國泰航空,需轉機 1 次的航班。,7 小時 20 分鐘,18 小時 25 分鐘,No,Airbus A330,CX 469,經濟艙,
12月20日 週五,上午10:45。,TPE,"清晨7:15 (星期六, 12月 21)。",HKG,國泰航空,需轉機 1 次的航班。,6 小時 10 分鐘,17 小時 30 分鐘,No,Boeing 777,CX 489,經濟艙,"10/05 - $33,046, 10/06 - $33,046, 10/07 - $33,046, 10/08 - $34,163, 10/09 - $31,141, 10/10 - $31,139, "
12月20日 週五,中午12:25。,TPE,"清晨7:15 (星期六, 12月 21)。",HKG,國泰航空,需轉機 1 次的航班。,4 小時 40 分鐘,15 小時 50 分鐘,No,Airbus A330,CX 461,經濟艙,"10/05 - $33,046, 10/06 - $33,046, 10/07 - $33,046, 10/08 - $34,163, 10/09 - $31,141, 10/10 - $31,139, "
12月20日 週五,下午1:20。,TPE,"清晨7:15 (星期六, 12月 21)。",HKG,國泰航空,需轉機 1 次的航班。,3 小時 45 分鐘,14 小時 55 分鐘,No,Airbus A330,CX 495,經濟艙,
12月20日 週五,下午3:50。,TPE,"清晨7:15 (星期六, 12月 21)。",HKG,國泰航空,需轉機 1 次的航班。,1 小時 15 分鐘,12 小時 25 分鐘,No,Airbus A330,CX 443,經濟艙,"08/12 - $21,970, 08/13 - $21,963, 08/14 - $21,963, 08/15 - $21,957, 08/16 - $21,928, 08/17 - $21,950, 08/18 - $21,950, 08/19 - $21,950, 08/20 - $21,925, 08/21 - $21,888, 08/22 - $21,879, 08/23 - $21,878, 08/24 - $21,888, 08/25 - $21,888, 08/26 - $21,888, 08/27 - $23,669, 08/28 - $23,666, 08/29 - $23,681, 08/30 - $23,695, 08/31 - $23,685, 09/01 - $22,664, 09/02 - $22,664, 09/03 - $22,675, 09/04 - $22,685, 09/05 - $30,035, 09/06 - $30,040, 09/07 - $30,030, 09/08 - $30,030, 09/09 - $30,030, 09/10 - $30,019, 09/11 - $33,027, 09/12 - $33,038, 09/13 - $33,034, 09/14 - $33,038, 09/15 - $33,038, 09/16 - $33,038, 09/17 - $33,009, 09/18 - $32,997, 09/19 - $33,006, 09/20 - $33,021, 09/21 - $33,023, 09/22 - $33,023, 09/23 - $33,023, 09/24 - $33,029, 09/25 - $33,042, 09/26 - $33,028, 09/27 - $33,024, 09/28 - $33,008, 09/29 - $33,008, 09/30 - $33,008, 10/01 - $29,976, 10/02 - $29,995, 10/03 - $33,021, 10/04 - $33,027, 10/05 - $33,046, 10/06 - $33,046, 10/07 - $33,046, 10/08 - $34,163, 10/09 - $31,141, 10/10 - $31,139, "
12月20日 週五,下午3:50。,TPE,"中午12:00 (星期六, 12月 21)。",HKG,國泰航空,需轉機 1 次的航班。,未找到停留時間,17 小時 10 分鐘,No,Airbus A330,CX 443,未找到艙等,
12月20日 週五,下午5:00。,TPE,"中午12:00 (星期六, 12月 21)。",HKG,國泰航空,需轉機 1 次的航班。,4 小時 50 分鐘,未找到飛行時間,No,Airbus A330,CX 421,經濟艙,
12月20日 週五,下午6:35。,TPE,"中午12:00 (星期六, 12月 21)。",HKG,國泰航空,需轉機 1 次的航班。,3 小時 15 分鐘,14 小時 25 分鐘,No,Airbus A321neo,CX 473,經濟艙,
12月20日 週五,晚上7:30。,TPE,"中午12:00 (星期六, 12月 21)。",HKG,國泰航空,需轉機 1 次的航班。,2 小時 20 分鐘,13 小時 30 分鐘,No,Boeing 777,CX 565,經濟艙,
12月20日 週五,晚上7:40。,TPE,"中午12:00 (星期六, 12月 21)。",HKG,國泰航空,需轉機 1 次的航班。,2 小時 10 分鐘,13 小時 20 分鐘,No,Boeing 777,CX 451,經濟艙,"08/12 - $21,970, 08/13 - $21,963, 08/14 - $21,963, 08/15 - $21,957, 08/16 - $21,928, 08/17 - $21,950, 08/18 - $21,950, 08/19 - $21,950, 08/20 - $21,925, 08/21 - $21,888, 08/22 - $21,879, 08/23 - $21,878, 08/24 - $21,878, 08/25 - $21,888, 08/26 - $21,888, 08/27 - $21,869, 08/28 - $21,866, 08/29 - $21,881, 08/30 - $21,895, 08/31 - $21,885, 09/01 - $20,864, 09/02 - $20,864, 09/03 - $20,875, 09/04 - $22,685, 09/05 - $22,685, 09/06 - $22,690, 09/07 - $22,680, 09/08 - $30,030, 09/09 - $30,030, 09/10 - $30,019, 09/11 - $33,027, 09/12 - $33,038, 09/13 - $33,034, 09/14 - $33,038, 09/15 - $33,038, 09/16 - $33,038, 09/17 - $33,009, 09/18 - $32,997, 09/19 - $33,006, 09/20 - $33,021, 09/21 - $33,023, 09/22 - $33,023, 09/23 - $33,023, 09/24 - $33,029, 09/25 - $33,042, 09/26 - $33,028, 09/27 - $33,024, 09/28 - $33,008, 09/29 - $33,008, 09/30 - $33,008, 10/01 - $32,976, 10/02 - $32,995, 10/03 - $33,021, 10/04 - $33,027, 10/05 - $33,046, 10/06 - $33,046, 10/07 - $33,046, 10/08 - $34,163, 10/09 - $31,141, 10/10 - $31,139, "
12月20日 週五,晚上8:15。,TPE,"中午12:00 (星期六, 12月 21)。",HKG,國泰航空,需轉機 1 次的航班。,1 小時 35 分鐘,12 小時 45 分鐘,No,Airbus A350,CX 531,經濟艙,"08/12 - $21,970, 08/13 - $21,963, 08/14 - $21,963, 08/15 - $21,957, 08/16 - $21,928, 08/17 - $21,950, 08/18 - $21,950, 08/19 - $21,950, 08/20 - $21,925, 08/21 - $21,888, 08/22 - $21,879, 08/23 - $21,878, 08/24 - $21,888, 08/25 - $21,888, 08/26 - $21,888, 08/27 - $21,869, 08/28 - $21,866, 08/29 - $21,881, 08/30 - $21,895, 08/31 - $21,885, 09/01 - $20,864, 09/02 - $20,864, 09/03 - $20,875, 09/04 - $22,685, 09/05 - $22,685, 09/06 - $22,685, 09/07 - $22,680, 09/08 - $30,030, 09/09 - $30,030, 09/10 - $30,019, 09/11 - $33,027, 09/12 - $33,038, 09/13 - $33,034, 09/14 - $33,038, 09/15 - $33,038, 09/16 - $33,038, 09/17 - $33,009, 09/18 - $32,997, 09/19 - $33,006, 09/20 - $33,021, 09/21 - $33,023, 09/22 - $33,023, 09/23 - $33,023, 09/24 - $33,029, 09/25 - $33,042, 09/26 - $33,028, 09/27 - $33,024, 09/28 - $33,008, 09/29 - $33,008, 09/30 - $33,008, 10/01 - $32,976, 10/02 - $32,995, 10/03 - $33,021, 10/04 - $33,027, 10/05 - $33,046, 10/06 - $33,046, 10/07 - $33,046, 10/08 - $34,163, 10/09 - $31,141, 10/10 - $31,139, "
12月20日 週五,晚上7:40。,TPE,"晚上8:50 (星期六, 12月 21)。",HKG,國泰航空,需轉機 1 次的航班。,未找到停留時間,22 小時 10 分鐘,No,Boeing 777,CX 451,經濟艙,
12月20日 週五,晚上8:15。,TPE,"晚上8:50 (星期六, 12月 21)。",HKG,國泰航空,需轉機 1 次的航班。,10 小時 25 分鐘,21 小時 35 分鐘,No,Airbus A350,CX 531,經濟艙,
12月20日 週五,晚上9:15。,TPE,"晚上8:50 (星期六, 12月 21)。",HKG,國泰航空,需轉機 1 次的航班。,9 小時 20 分鐘,20 小時 35 分鐘,No,Boeing 777,CX 479,經濟艙,"08/12 - $26,671, 08/13 - $26,663, 08/14 - $26,663, 08/15 - $31,607, 08/16 - $31,575, 08/17 - $31,599, 08/18 - $31,599, 08/19 - $31,599, 08/20 - $31,571, 08/21 - $31,531, 08/22 - $31,521, 08/23 - $31,520, 08/24 - $31,531, 08/25 - $31,531, 08/26 - $31,531, 08/27 - $31,510, 08/28 - $31,507, 08/29 - $31,522, 08/30 - $31,537, 08/31 - $31,527, 09/01 - $30,506, 09/02 - $30,506, 09/03 - $30,518, 09/04 - $30,529, 09/05 - $33,529, 09/06 - $33,535, 09/07 - $33,524, 09/08 - $33,524, 09/09 - $33,524, 09/10 - $33,513, 09/11 - $33,522, 09/12 - $33,534, 09/13 - $33,529, 09/14 - $33,533, 09/15 - $33,533, 09/16 - $33,533, 09/17 - $33,501, 09/18 - $33,488, 09/19 - $33,498, 09/20 - $33,514, 09/21 - $33,516, 09/22 - $33,516, 09/23 - $33,516, 09/24 - $33,522, 09/25 - $33,536, 09/26 - $33,521, 09/27 - $33,516, 09/28 - $33,499, 09/29 - $33,499, 09/30 - $33,499, 10/01 - $30,464, 10/02 - $30,485, 10/03 - $30,513, 10/04 - $30,520, 10/05 - $30,542, 10/06 - $30,542, 10/07 - $30,542, 10/08 - $34,663, 10/09 - $31,639, 10/10 - $31,637, "
12月20日 週五,晚上9:15。,TPE,"清晨7:15 (星期日, 12月 22)。",HKG,國泰航空,需轉機 1 次的航班。,19 小時 45 分鐘,未找到飛行時間,No,Boeing 777,CX 479,經濟艙,
12月20日 週五,上午9:15。,TPE,"上午9:40 (星期六, 12月 21)。",CGK,中華航空、加魯達印尼航空,需轉機 1 次的航班。,未找到停留時間,21 小時 25 分鐘,No,Airbus A350,CI 761,經濟艙,
12月20日 週五,下午3:15。,TPE,"上午8:30 (星期六, 12月 21)。",ICN,長榮航空、韓亞航空,需轉機 1 次的航班。,1 小時 15 分鐘,14 小時 15 分鐘,No,Boeing 787,BR 160,經濟艙,
12月20日 週五,清晨7:05。,TPE,"上午8:30 (星期六, 12月 21)。",ICN,長榮航空、韓亞航空,需轉機 1 次的航班。,9 小時 30 分鐘,22 小時 25 分鐘,No,Airbus A330,BR 170,經濟艙,
12月20日 週五,清晨7:00。,TPE,"清晨7:30 (星期六, 12月 21)。",HKG,長榮航空、澳洲航空,需轉機 1 次的航班。,10 小時 25 分鐘,21 小時 30 分鐘,No,Boeing 787-10,BR 891,未找到艙等,
12月20日 週五,清晨7:15。,TPE,"清晨7:30 (星期六, 12月 21)。",HKG,中華航空、澳洲航空,需轉機 1 次的航班。,10 小時 10 分鐘,21 小時 15 分鐘,No,Boeing 737,CI 601,未找到艙等,
12月20日 週五,下午2:25。,TPE,"清晨7:30 (星期六, 12月 21)。",HKG,長榮航空、澳洲航空,需轉機 1 次的航班。,未找到停留時間,14 小時 5 分鐘,No,Airbus A321,BR 855,未找到艙等,
12月20日 週五,下午2:30。,TPE,"清晨7:30 (星期六, 12月 21)。",HKG,中華航空、澳洲航空,需轉機 1 次的航班。,2 小時 55 分鐘,未找到飛行時間,No,Boeing 737,CI 915,未找到艙等,
12月20日 週五,上午11:15。,TPE,"上午8:45 (星期六, 12月 21)。",KIX,國泰航空、捷星航空,需轉機 1 次的航班。,6 小時 15 分鐘,18 小時 30 分鐘,No,Boeing 777,CX 564,經濟艙,
12月20日 週五,下午3:50。,TPE,"清晨7:30 (星期六, 12月 21)。",HKG,國泰航空、澳洲航空,需轉機 1 次的航班。,1 小時 30 分鐘,12 小時 40 分鐘,No,Airbus A330,CX 443,未找到艙等,
12月20日 週五,清晨7:55。,TPE,"清晨6:55 (星期六, 12月 21)。",ICN,中華航空、大韓航空,需轉機 1 次的航班。,7 小時 25 分鐘,未找到飛行時間,No,Airbus A330,CI 160,經濟艙,
12月20日 週五,中午12:25。,TPE,"清晨6:55 (星期六, 12月 21)。",ICN,大韓航空,需轉機 1 次的航班。,2 小時 55 分鐘,15 小時 30 分鐘,No,Boeing 787-10,KE 186,經濟艙,
12月20日 週五,晚上7:25。,TPE,"清晨6:55 (星期日, 12月 22)。",ICN,大韓航空,需轉機 1 次的航班。,19 小時 50 分鐘,32 小時 30 分鐘,No,Boeing 777,KE 188,經濟艙,
12月20日 週五,下午2:10。,TPE,"清晨7:40 (星期六, 12月 21)。",SIN,新加坡航空,需轉機 1 次的航班。,1 小時 45 分鐘,14 小時 30 分鐘,No,Boeing 787,SQ 877,經濟艙,
12月20日 週五,下午2:10。,TPE,"上午11:50 (星期六, 12月 21)。",SIN,新加坡航空,需轉機 1 次的航班。,5 小時 50 分鐘,18 小時 40 分鐘,No,Boeing 787,SQ 877,經濟艙,
12月20日 週五,下午2:10。,TPE,"下午5:55 (星期六, 12月 21)。",SIN,新加坡航空,需轉機 1 次的航班。,12 小時 10 分鐘,24 小時 45 分鐘,No,Boeing 787,SQ 877,未找到艙等,
12月20日 週五,下午5:35。,TPE,"下午5:55 (星期六, 12月 21)。",SIN,新加坡航空,需轉機 1 次的航班。,8 小時 45 分鐘,21 小時 20 分鐘,No,Boeing 787,SQ 879,未找到艙等,
12月20日 週五,下午5:35。,TPE,"上午11:50 (星期六, 12月 21)。",SIN,新加坡航空,需轉機 1 次的航班。,2 小時 25 分鐘,15 小時 15 分鐘,No,Boeing 787,SQ 879,經濟艙,
12月20日 週五,上午9:30。,TSA,"清晨6:50 (星期六, 12月 21)。",HND,日本航空,需轉機 1 次的航班。,5 小時 55 分鐘,18 小時 20 分鐘,No,Boeing 787,JL 96,經濟艙,"08/30 - $55,188, 08/31 - $55,171, 09/01 - $55,171, 09/02 - $55,171, 09/03 - $55,192, 09/04 - $55,205, 09/05 - $55,216, 09/06 - $55,228, 09/07 - $55,209, 09/08 - $55,209, 09/09 - $55,209, 09/10 - $55,201, 09/11 - $55,216, 09/12 - $55,237, 09/13 - $55,231, 09/14 - $55,232, 09/15 - $55,232, 09/16 - $55,232, 09/17 - $55,184, 09/18 - $55,162, 09/19 - $55,171, 09/20 - $55,195, 09/21 - $55,191, 09/22 - $55,191, 09/23 - $55,191, 09/24 - $55,197, 09/25 - $55,217, 09/26 - $55,190, 09/27 - $55,182, 09/28 - $55,151, 09/29 - $55,151, 09/30 - $55,151, 10/01 - $55,100, 10/02 - $55,129, 10/03 - $55,174, 10/04 - $55,178, 10/05 - $55,211, 10/06 - $55,211, 10/07 - $55,211, 10/08 - $55,274, 10/09 - $55,244, 10/10 - $55,244, "
12月20日 週五,上午10:35。,TPE,"清晨6:50 (星期六, 12月 21)。",NRT,日本航空,需轉機 1 次的航班。,4 小時 35 分鐘,17 小時 15 分鐘,No,Boeing 787,JL 802,經濟艙,
12月20日 週五,下午3:35。,TSA,"清晨6:50 (星期日, 12月 22)。",HND,日本航空,需轉機 1 次的航班。,23 小時 50 分鐘,36 小時 15 分鐘,No,Boeing 787,JL 98,經濟艙,
12月20日 週五,上午9:20。,TSA,"上午8:30 (星期六, 12月 21)。",GMP,長榮航空、韓亞航空,需轉機 1 次的航班。,7 小時 10 分鐘,20 小時 10 分鐘,No,Airbus A321,BR 156,未找到艙等,
12月20日 週五,下午1:30。,TSA,"上午10:30 (星期六, 12月 21)。",HND,全日空航空,需轉機 1 次的航班。,5 小時 15 分鐘,未找到飛行時間,No,Boeing 787,NH 852,經濟艙,
12月20日 週五,下午4:50。,TSA,"上午10:30 (星期六, 12月 21)。",HND,全日空航空,需轉機 1 次的航班。,2 小時 5 分鐘,14 小時 40 分鐘,No,Boeing 787,NH 854,經濟艙,"09/12 - $123,820, 09/13 - $123,815, 09/14 - $123,813, 09/15 - $123,813, 09/16 - $123,813, 09/17 - $123,771, 09/18 - $123,752, 09/19 - $123,759, 09/20 - $123,780, 09/21 - $123,775, 09/22 - $123,775, 09/23 - $123,775, 09/24 - $123,781, 09/25 - $123,800, 09/26 - $123,774, 09/27 - $123,768, 09/28 - $123,740, 09/29 - $123,740, 09/30 - $123,740, 10/01 - $123,321, 10/02 - $123,347, 10/03 - $123,389, 10/04 - $123,391, 10/05 - $123,423, 10/06 - $123,423, 10/07 - $123,423, 10/08 - $123,481, 10/09 - $123,451, 10/10 - $123,453, "
12月20日 週五,上午8:50。,TPE,"上午10:30 (星期六, 12月 21)。",NRT,長榮航空、全日空航空,需轉機 1 次的航班。,9 小時 50 分鐘,22 小時 40 分鐘,No,Boeing 787-10,BR 198,經濟艙,
