出發日期,出發時間,出發機場代號,抵達時間,抵達機場代號,航空公司,停靠站數量,停留時間,飛行時間,機型,航班代碼,艙等,價格歷史
10月23日 週三,中午12:10。,TPE,下午4:30。,NRT,泰國獅航,直達航班。,Non-stop,3 小時 20 分鐘,Boeing 737,SL 394,經濟艙,"['60 天前 - $4,794', '59 天前 - $4,304', '58 天前 - $4,690', '57 天前 - $4,690', '56 天前 - $4,690', '55 天前 - $4,690', '54 天前 - $4,944', '53 天前 - $4,845', '52 天前 - $4,847', '51 天前 - $4,845', '50 天前 - $4,845', '49 天前 - $4,845', '48 天前 - $4,845', '47 天前 - $4,858', '46 天前 - $4,854', '45 天前 - $5,459', '44 天前 - $5,459', '43 天前 - $5,459', '42 天前 - $5,459', '41 天前 - $5,459', '40 天前 - $5,459', '39 天前 - $5,464', '38 天前 - $5,464', '37 天前 - $5,464', '36 天前 - $5,464', '35 天前 - $5,464', '34 天前 - $5,464', '33 天前 - $5,469', '32 天前 - $5,465', '31 天前 - $5,465', '30 天前 - $5,465', '29 天前 - $5,465', '28 天前 - $5,465', '27 天前 - $5,465', '26 天前 - $5,484', '25 天前 - $5,479', '24 天前 - $4,879', '23 天前 - $4,887', '22 天前 - $4,889', '21 天前 - $4,889', '20 天前 - $4,889', '19 天前 - $4,897', '18 天前 - $4,897', '17 天前 - $4,897', '16 天前 - $6,195', '15 天前 - $6,197', '14 天前 - $6,197', '13 天前 - $5,497', '12 天前 - $5,497', '11 天前 - $4,912', '10 天前 - $4,912', '9 天前 - $4,912', '8 天前 - $4,916', '7 天前 - $4,517', '6 天前 - $4,517', '5 天前 - $4,517', '4 天前 - $4,122', '3 天前 - $4,121', '2 天前 - $4,112', '1 天前 - $4,106', '今天 - $4,106']"
10月23日 週三,下午2:15。,TPE,下午6:35。,NRT,台灣虎航,直達航班。,Non-stop,3 小時 20 分鐘,Airbus A320,IT 202,經濟艙,"['60 天前 - $4,099', '59 天前 - $4,099', '58 天前 - $4,099', '57 天前 - $4,099', '56 天前 - $4,099', '55 天前 - $4,099', '54 天前 - $4,099', '53 天前 - $4,099', '52 天前 - $4,599', '51 天前 - $4,599', '50 天前 - $4,599', '49 天前 - $4,599', '48 天前 - $4,599', '47 天前 - $4,599', '46 天前 - $4,599', '45 天前 - $4,599', '44 天前 - $4,599', '43 天前 - $4,599', '42 天前 - $4,599', '41 天前 - $4,599', '40 天前 - $4,599', '39 天前 - $4,599', '38 天前 - $4,599', '37 天前 - $4,599', '36 天前 - $4,599', '35 天前 - $4,599', '34 天前 - $4,599', '33 天前 - $4,599', '32 天前 - $5,099', '31 天前 - $5,099', '30 天前 - $5,099', '29 天前 - $5,099', '28 天前 - $5,099', '27 天前 - $5,099', '26 天前 - $5,099', '25 天前 - $5,099', '24 天前 - $4,099', '23 天前 - $4,099', '22 天前 - $4,599', '21 天前 - $4,599', '20 天前 - $4,599', '19 天前 - $4,599', '18 天前 - $4,599', '17 天前 - $3,699', '16 天前 - $3,699', '15 天前 - $3,699', '14 天前 - $3,699', '13 天前 - $4,099', '12 天前 - $4,099', '11 天前 - $4,099', '10 天前 - $4,099', '9 天前 - $4,599', '8 天前 - $4,599', '7 天前 - $4,599', '6 天前 - $4,599', '5 天前 - $4,599', '4 天前 - $4,599', '3 天前 - $4,599', '2 天前 - $4,599', '1 天前 - $4,599', '今天 - $4,599']"
10月23日 週三,下午1:10。,TPE,下午5:35。,NRT,捷星日本航空,直達航班。,Non-stop,3 小時 25 分鐘,Airbus A320,GK 14,經濟艙,"['57 天前 - $4,489', '56 天前 - $4,489', '55 天前 - $4,489', '54 天前 - $4,489', '53 天前 - $4,489', '52 天前 - $4,489', '51 天前 - $4,489', '50 天前 - $4,489', '49 天前 - $4,489', '48 天前 - $4,489', '47 天前 - $4,489', '46 天前 - $4,489', '45 天前 - $4,489', '44 天前 - $4,489', '43 天前 - $4,489', '42 天前 - $4,489', '41 天前 - $4,189', '40 天前 - $4,189', '39 天前 - $3,889', '38 天前 - $3,889', '37 天前 - $4,189', '36 天前 - $4,189', '35 天前 - $4,189', '34 天前 - $4,189', '33 天前 - $4,189', '32 天前 - $4,189', '31 天前 - $3,889', '30 天前 - $4,189', '29 天前 - $4,189', '28 天前 - $4,189', '27 天前 - $4,189', '26 天前 - $4,189', '25 天前 - $3,889', '24 天前 - $3,889', '23 天前 - $3,889', '22 天前 - $3,889', '21 天前 - $3,589', '20 天前 - $3,589', '19 天前 - $3,889', '18 天前 - $4,189', '17 天前 - $3,716', '16 天前 - $3,716', '15 天前 - $3,716', '14 天前 - $3,589', '13 天前 - $3,716', '12 天前 - $4,189', '11 天前 - $3,716', '10 天前 - $4,189', '9 天前 - $4,189', '8 天前 - $4,189', '7 天前 - $4,189', '6 天前 - $4,189', '5 天前 - $4,489', '4 天前 - $4,489', '3 天前 - $4,789', '2 天前 - $4,789', '1 天前 - $4,789', '今天 - $4,789']"
10月23日 週三,上午9:30。,TPE,下午2:00。,NRT,樂桃航空,直達航班。,Non-stop,3 小時 30 分鐘,Airbus A320neo,MM 622,經濟艙,"['60 天前 - $4,530', '59 天前 - $4,530', '58 天前 - $4,530', '57 天前 - $4,530', '56 天前 - $4,530', '55 天前 - $4,530', '54 天前 - $4,530', '53 天前 - $4,530', '52 天前 - $4,530', '51 天前 - $4,530', '50 天前 - $4,530', '49 天前 - $4,130', '48 天前 - $4,130', '47 天前 - $4,130', '46 天前 - $4,130', '45 天前 - $4,130', '44 天前 - $4,130', '43 天前 - $4,130', '42 天前 - $4,130', '41 天前 - $4,130', '40 天前 - $4,130', '39 天前 - $4,130', '38 天前 - $4,130', '37 天前 - $4,130', '36 天前 - $4,530', '35 天前 - $4,530', '34 天前 - $4,530', '33 天前 - $4,530', '32 天前 - $4,130', '31 天前 - $4,130', '30 天前 - $4,130', '29 天前 - $4,530', '28 天前 - $4,530', '27 天前 - $4,130', '26 天前 - $4,130', '25 天前 - $4,130', '24 天前 - $4,130', '23 天前 - $4,130', '22 天前 - $4,130', '21 天前 - $4,130', '20 天前 - $4,130', '19 天前 - $4,130', '18 天前 - $3,730', '17 天前 - $4,130', '16 天前 - $4,530', '15 天前 - $4,530', '14 天前 - $4,530', '13 天前 - $4,530', '12 天前 - $4,530', '11 天前 - $4,530', '10 天前 - $4,530', '9 天前 - $4,530', '8 天前 - $4,530', '7 天前 - $4,530', '6 天前 - $4,530', '5 天前 - $4,930', '4 天前 - $4,930', '3 天前 - $4,930', '2 天前 - $4,930', '1 天前 - $4,930', '今天 - $4,930']"
10月23日 週三,清晨7:05。,TPE,上午11:25。,NRT,酷航,直達航班。,Non-stop,3 小時 20 分鐘,Boeing 787,TR 898,經濟艙,"['30 天前 - $5,488', '29 天前 - $5,488', '28 天前 - $5,488', '27 天前 - $5,488', '26 天前 - $5,488', '25 天前 - $5,488', '24 天前 - $5,488', '23 天前 - $5,488', '22 天前 - $5,488', '21 天前 - $5,488', '20 天前 - $5,488', '19 天前 - $5,488', '18 天前 - $5,488', '17 天前 - $4,788', '16 天前 - $6,188', '15 天前 - $5,488', '14 天前 - $5,488', '13 天前 - $5,488', '12 天前 - $5,488', '11 天前 - $3,188', '10 天前 - $3,188', '9 天前 - $4,188', '8 天前 - $4,188', '7 天前 - $4,188', '6 天前 - $4,188', '5 天前 - $4,788', '4 天前 - $4,788', '3 天前 - $4,788', '2 天前 - $5,488', '1 天前 - $5,488', '今天 - $5,488']"
10月23日 週三,下午3:30。,TPE,晚上7:55。,NRT,台灣虎航,直達航班。,Non-stop,3 小時 25 分鐘,Airbus A320,IT 700,經濟艙,"['60 天前 - $2,088', '59 天前 - $2,088', '58 天前 - $3,769', '57 天前 - $4,099', '56 天前 - $4,099', '55 天前 - $4,099', '54 天前 - $4,099', '53 天前 - $4,099', '52 天前 - $4,099', '51 天前 - $4,099', '50 天前 - $4,099', '49 天前 - $4,599', '48 天前 - $4,599', '47 天前 - $4,599', '46 天前 - $4,599', '45 天前 - $4,599', '44 天前 - $4,599', '43 天前 - $4,599', '42 天前 - $4,599', '41 天前 - $4,599', '40 天前 - $4,599', '39 天前 - $4,099', '38 天前 - $4,099', '37 天前 - $4,099', '36 天前 - $4,099', '35 天前 - $4,099', '34 天前 - $4,099', '33 天前 - $4,099', '32 天前 - $4,599', '31 天前 - $4,599', '30 天前 - $4,599', '29 天前 - $4,599', '28 天前 - $4,599', '27 天前 - $4,599', '26 天前 - $4,599', '25 天前 - $4,599', '24 天前 - $4,099', '23 天前 - $4,099', '22 天前 - $4,099', '21 天前 - $4,099', '20 天前 - $4,099', '19 天前 - $4,099', '18 天前 - $4,099', '17 天前 - $3,699', '16 天前 - $3,699', '15 天前 - $3,699', '14 天前 - $3,699', '13 天前 - $3,699', '12 天前 - $3,699', '11 天前 - $3,699', '10 天前 - $4,099', '9 天前 - $3,699', '8 天前 - $3,699', '7 天前 - $3,699', '6 天前 - $4,599', '5 天前 - $4,599', '4 天前 - $4,599', '3 天前 - $4,599', '2 天前 - $4,599', '1 天前 - $4,599', '今天 - $4,599']"
10月23日 週三,清晨6:35。,TPE,上午11:00。,NRT,台灣虎航,直達航班。,Non-stop,3 小時 25 分鐘,Airbus A320,IT 200,經濟艙,"['61 天前 - $5,599', '60 天前 - $5,599', '59 天前 - $5,599', '58 天前 - $5,599', '57 天前 - $5,599', '56 天前 - $5,599', '55 天前 - $5,599', '54 天前 - $5,599', '53 天前 - $5,599', '52 天前 - $5,599', '51 天前 - $5,599', '50 天前 - $5,599', '49 天前 - $5,599', '48 天前 - $5,599', '47 天前 - $5,599', '46 天前 - $5,599', '45 天前 - $5,599', '44 天前 - $5,599', '43 天前 - $5,599', '42 天前 - $5,599', '41 天前 - $5,599', '40 天前 - $5,599', '39 天前 - $5,599', '38 天前 - $5,599', '37 天前 - $5,599', '36 天前 - $5,599', '35 天前 - $5,599', '34 天前 - $5,599', '33 天前 - $5,599', '32 天前 - $5,599', '31 天前 - $5,599', '30 天前 - $5,599', '29 天前 - $5,599', '28 天前 - $5,599', '27 天前 - $5,599', '26 天前 - $5,599', '25 天前 - $5,599', '24 天前 - $5,599', '23 天前 - $5,599', '22 天前 - $5,599', '21 天前 - $5,599', '20 天前 - $5,599', '19 天前 - $5,599', '18 天前 - $5,599', '17 天前 - $5,599', '16 天前 - $5,599', '15 天前 - $5,599', '14 天前 - $5,599', '13 天前 - $5,599', '12 天前 - $5,599', '11 天前 - $3,699', '10 天前 - $3,699', '9 天前 - $4,099', '8 天前 - $4,099', '7 天前 - $4,099', '6 天前 - $4,099', '5 天前 - $4,599', '4 天前 - $4,599', '3 天前 - $4,599', '2 天前 - $4,599', '1 天前 - $5,099', '今天 - $5,099']"
10月23日 週三,凌晨2:10。,TPE,清晨6:40。,NRT,樂桃航空,直達航班。,Non-stop,3 小時 30 分鐘,Airbus A320neo,MM 620,經濟艙,"['61 天前 - $4,930', '60 天前 - $4,530', '59 天前 - $4,530', '58 天前 - $4,530', '57 天前 - $4,530', '56 天前 - $4,530', '55 天前 - $4,530', '54 天前 - $4,530', '53 天前 - $4,530', '52 天前 - $4,530', '51 天前 - $4,530', '50 天前 - $4,930', '49 天前 - $4,930', '48 天前 - $4,530', '47 天前 - $4,530', '46 天前 - $4,530', '45 天前 - $4,530', '44 天前 - $4,530', '43 天前 - $4,530', '42 天前 - $4,930', '41 天前 - $4,930', '40 天前 - $4,930', '39 天前 - $4,930', '38 天前 - $4,930', '37 天前 - $4,930', '36 天前 - $4,930', '35 天前 - $4,930', '34 天前 - $4,930', '33 天前 - $4,530', '32 天前 - $4,530', '31 天前 - $4,530', '30 天前 - $4,530', '29 天前 - $4,530', '28 天前 - $4,530', '27 天前 - $4,530', '26 天前 - $4,530', '25 天前 - $4,530', '24 天前 - $4,530', '23 天前 - $4,530', '22 天前 - $4,530', '21 天前 - $4,930', '20 天前 - $4,930', '19 天前 - $4,930', '18 天前 - $4,930', '17 天前 - $4,530', '16 天前 - $4,930', '15 天前 - $4,930', '14 天前 - $4,930', '13 天前 - $4,930', '12 天前 - $4,930', '11 天前 - $4,930', '10 天前 - $4,930', '9 天前 - $4,930', '8 天前 - $5,430', '7 天前 - $5,430', '6 天前 - $5,430', '5 天前 - $5,430', '4 天前 - $5,430', '3 天前 - $5,430', '2 天前 - $5,430', '1 天前 - $5,430', '今天 - $5,430']"
10月23日 週三,下午3:40。,TPE,晚上8:05。,NRT,日本航空,直達航班。,Non-stop,3 小時 25 分鐘,Boeing 737,JL 8664,經濟艙,"['61 天前 - $7,455', '60 天前 - $7,458', '59 天前 - $7,454', '58 天前 - $7,444', '57 天前 - $7,444', '56 天前 - $7,444', '55 天前 - $7,443', '54 天前 - $7,442', '53 天前 - $7,440', '52 天前 - $7,432', '51 天前 - $7,771', '50 天前 - $7,771', '49 天前 - $7,771', '48 天前 - $7,761', '47 天前 - $7,750', '46 天前 - $7,747', '45 天前 - $7,415', '44 天前 - $7,750', '43 天前 - $7,750', '42 天前 - $7,418', '41 天前 - $7,411', '40 天前 - $7,411', '39 天前 - $7,415', '38 天前 - $7,417', '37 天前 - $7,414', '36 天前 - $10,492', '35 天前 - $7,414', '34 天前 - $7,419', '33 天前 - $10,499', '32 天前 - $7,424', '31 天前 - $7,426', '30 天前 - $7,754', '29 天前 - $7,754', '28 天前 - $7,754', '27 天前 - $7,753', '26 天前 - $7,757', '25 天前 - $7,760', '24 天前 - $7,759', '23 天前 - $7,759', '22 天前 - $7,759', '21 天前 - $7,759', '20 天前 - $7,749', '19 天前 - $7,744', '18 天前 - $7,746', '17 天前 - $7,750', '16 天前 - $7,749', '15 天前 - $7,749', '14 天前 - $7,749', '13 天前 - $7,750', '12 天前 - $7,753', '11 天前 - $7,748', '10 天前 - $7,747', '9 天前 - $7,741', '8 天前 - $7,741', '7 天前 - $7,741', '6 天前 - $7,730', '5 天前 - $7,735', '4 天前 - $7,744', '3 天前 - $7,746', '2 天前 - $7,753', '1 天前 - $7,753', '今天 - $7,753']"
10月23日 週三,下午3:10。,TPE,晚上7:25。,NRT,星宇航空,直達航班。,Non-stop,3 小時 15 分鐘,Airbus A330-900neo,JX 804,經濟艙,"['61 天前 - $9,015', '60 天前 - $9,017', '59 天前 - $9,015', '58 天前 - $9,697', '57 天前 - $9,697', '56 天前 - $9,697', '55 天前 - $9,697', '54 天前 - $9,697', '53 天前 - $9,696', '52 天前 - $9,693', '51 天前 - $9,695', '50 天前 - $9,695', '49 天前 - $9,695', '48 天前 - $9,691', '47 天前 - $9,687', '46 天前 - $9,686', '45 天前 - $9,686', '44 天前 - $9,687', '43 天前 - $9,687', '42 天前 - $9,687', '41 天前 - $9,684', '40 天前 - $9,684', '39 天前 - $8,510', '38 天前 - $8,215', '37 天前 - $8,214', '36 天前 - $8,214', '35 天前 - $8,214', '34 天前 - $8,216', '33 天前 - $8,217', '32 天前 - $8,218', '31 天前 - $8,218', '30 天前 - $8,217', '29 天前 - $8,137', '28 天前 - $7,429', '27 天前 - $7,428', '26 天前 - $7,429', '25 天前 - $7,431', '24 天前 - $7,430', '23 天前 - $7,430', '22 天前 - $7,430', '21 天前 - $7,430', '20 天前 - $7,427', '19 天前 - $7,425', '18 天前 - $7,426', '17 天前 - $7,427', '16 天前 - $7,427', '15 天前 - $7,427', '14 天前 - $7,427', '13 天前 - $7,427', '12 天前 - $7,428', '11 天前 - $7,426', '10 天前 - $7,426', '9 天前 - $7,424', '8 天前 - $7,424', '7 天前 - $7,424', '6 天前 - $8,128', '5 天前 - $8,204', '4 天前 - $8,207', '3 天前 - $8,208', '2 天前 - $8,210', '1 天前 - $8,210']"
10月23日 週三,下午2:35。,TPE,下午6:55。,NRT,中華航空,直達航班。,Non-stop,3 小時 20 分鐘,Airbus A330,CI 108,經濟艙,"['61 天前 - $8,926', '60 天前 - $8,929', '59 天前 - $8,892', '58 天前 - $8,884', '57 天前 - $8,884', '56 天前 - $8,884', '55 天前 - $8,883', '54 天前 - $8,833', '53 天前 - $8,831', '52 天前 - $8,824', '51 天前 - $8,828', '50 天前 - $8,828', '49 天前 - $8,828', '48 天前 - $8,820', '47 天前 - $8,811', '46 天前 - $8,809', '45 天前 - $9,063', '44 天前 - $9,065', '43 天前 - $9,065', '42 天前 - $9,065', '41 天前 - $8,805', '40 天前 - $8,804', '39 天前 - $8,808', '38 天前 - $8,811', '37 天前 - $8,808', '36 天前 - $8,750', '35 天前 - $8,750', '34 天前 - $8,755', '33 天前 - $8,757', '32 天前 - $8,759', '31 天前 - $8,130', '30 天前 - $8,127', '29 天前 - $8,047', '28 天前 - $8,047', '27 天前 - $8,046', '26 天前 - $8,048', '25 天前 - $8,052', '24 天前 - $8,050', '23 天前 - $8,050', '22 天前 - $8,050', '21 天前 - $8,050', '20 天前 - $8,043', '19 天前 - $8,038', '18 天前 - $8,040', '17 天前 - $8,043', '16 天前 - $8,043', '15 天前 - $8,043', '14 天前 - $8,043', '13 天前 - $8,043', '12 天前 - $8,046', '11 天前 - $8,041', '10 天前 - $8,883', '9 天前 - $8,879', '8 天前 - $8,879', '7 天前 - $8,879', '6 天前 - $8,870', '5 天前 - $8,902', '4 天前 - $8,909', '3 天前 - $8,911', '2 天前 - $8,917', '1 天前 - $8,917', '今天 - $8,917']"
10月23日 週三,下午4:20。,TPE,晚上8:35。,NRT,中華航空,直達航班。,Non-stop,3 小時 15 分鐘,Airbus A321neo,CI 106,經濟艙,"['61 天前 - $8,926', '60 天前 - $8,929', '59 天前 - $8,892', '58 天前 - $8,884', '57 天前 - $8,884', '56 天前 - $8,884', '55 天前 - $8,883', '54 天前 - $8,833', '53 天前 - $8,831', '52 天前 - $8,824', '51 天前 - $8,828', '50 天前 - $8,828', '49 天前 - $8,828', '48 天前 - $8,820', '47 天前 - $8,811', '46 天前 - $8,809', '45 天前 - $9,063', '44 天前 - $9,065', '43 天前 - $9,065', '42 天前 - $9,065', '41 天前 - $8,805', '40 天前 - $8,804', '39 天前 - $8,808', '38 天前 - $8,811', '37 天前 - $8,750', '36 天前 - $8,750', '35 天前 - $8,750', '34 天前 - $8,750', '33 天前 - $8,757', '32 天前 - $8,759', '31 天前 - $8,130', '30 天前 - $8,127', '29 天前 - $8,047', '28 天前 - $8,047', '27 天前 - $8,046', '26 天前 - $8,048', '25 天前 - $8,048', '24 天前 - $8,050', '23 天前 - $8,050', '22 天前 - $8,050', '21 天前 - $8,050', '20 天前 - $8,043', '19 天前 - $8,038', '18 天前 - $8,040', '17 天前 - $8,043', '16 天前 - $8,043', '15 天前 - $8,043', '14 天前 - $8,043', '13 天前 - $8,043', '12 天前 - $8,046', '11 天前 - $8,041', '10 天前 - $8,883', '9 天前 - $8,879', '8 天前 - $8,879', '7 天前 - $8,879', '6 天前 - $8,870', '5 天前 - $8,902', '4 天前 - $8,909', '3 天前 - $8,911', '2 天前 - $8,917', '1 天前 - $8,917', '今天 - $8,917']"
10月23日 週三,中午12:40。,TPE,下午4:55。,NRT,中華航空,直達航班。,Non-stop,3 小時 15 分鐘,Airbus A321neo,CI 104,經濟艙,"['61 天前 - $10,935', '60 天前 - $10,938', '59 天前 - $10,832', '58 天前 - $10,824', '57 天前 - $10,824', '56 天前 - $10,824', '55 天前 - $10,348', '54 天前 - $9,839', '53 天前 - $9,837', '52 天前 - $9,830', '51 天前 - $9,834', '50 天前 - $9,834', '49 天前 - $9,834', '48 天前 - $9,826', '47 天前 - $9,817', '46 天前 - $9,815', '45 天前 - $10,008', '44 天前 - $10,010', '43 天前 - $10,010', '42 天前 - $10,010', '41 天前 - $10,004', '40 天前 - $9,810', '39 天前 - $9,814', '38 天前 - $9,817', '37 天前 - $9,814', '36 天前 - $9,904', '35 天前 - $9,593', '34 天前 - $9,598', '33 天前 - $9,600', '32 天前 - $9,602', '31 天前 - $8,678', '30 天前 - $8,675', '29 天前 - $8,595', '28 天前 - $8,595', '27 天前 - $8,594', '26 天前 - $8,596', '25 天前 - $8,596', '24 天前 - $8,598', '23 天前 - $8,598', '22 天前 - $8,598', '21 天前 - $8,598', '20 天前 - $8,591', '19 天前 - $8,586', '18 天前 - $8,588', '17 天前 - $8,591', '16 天前 - $8,591', '15 天前 - $8,591', '14 天前 - $8,591', '13 天前 - $8,591', '12 天前 - $8,594', '11 天前 - $8,589', '10 天前 - $8,589', '9 天前 - $9,502', '8 天前 - $9,502', '7 天前 - $9,502', '6 天前 - $9,493', '5 天前 - $9,527', '4 天前 - $9,534', '3 天前 - $9,536', '2 天前 - $9,542', '1 天前 - $9,542', '今天 - $9,542']"
10月23日 週三,上午10:40。,TPE,下午3:00。,NRT,星宇航空,直達航班。,Non-stop,3 小時 20 分鐘,Airbus A350,JX 802,經濟艙,"['61 天前 - $9,700', '60 天前 - $9,703', '59 天前 - $9,701', '58 天前 - $9,697', '57 天前 - $9,697', '56 天前 - $9,697', '55 天前 - $9,697', '54 天前 - $9,697', '53 天前 - $9,696', '52 天前 - $10,317', '51 天前 - $10,319', '50 天前 - $10,319', '49 天前 - $10,319', '48 天前 - $10,315', '47 天前 - $10,311', '46 天前 - $10,310', '45 天前 - $10,310', '44 天前 - $10,310', '43 天前 - $10,311', '42 天前 - $10,311', '41 天前 - $10,308', '40 天前 - $10,308', '39 天前 - $9,686', '38 天前 - $9,686', '37 天前 - $9,686', '36 天前 - $9,686', '35 天前 - $9,686', '34 天前 - $9,686', '33 天前 - $9,689', '32 天前 - $9,689', '31 天前 - $9,690', '30 天前 - $10,313', '29 天前 - $10,233', '28 天前 - $9,316', '27 天前 - $9,315', '26 天前 - $9,315', '25 天前 - $9,318', '24 天前 - $9,317', '23 天前 - $9,317', '22 天前 - $9,317', '21 天前 - $9,317', '20 天前 - $9,314', '19 天前 - $9,312', '18 天前 - $9,312', '17 天前 - $9,313', '16 天前 - $9,314', '15 天前 - $9,314', '14 天前 - $9,314', '13 天前 - $9,314', '12 天前 - $9,314', '11 天前 - $9,313', '10 天前 - $8,752', '9 天前 - $8,750', '8 天前 - $8,750', '7 天前 - $8,750', '6 天前 - $8,750', '5 天前 - $9,689', '4 天前 - $9,694', '3 天前 - $9,694', '2 天前 - $9,695', '1 天前 - $9,697']"
10月23日 週三,清晨7:55。,TPE,中午12:25。,NRT,長榮航空,直達航班。,Non-stop,3 小時 30 分鐘,Boeing 787-10,BR 184,經濟艙,"['61 天前 - $9,895', '60 天前 - $9,898', '59 天前 - $9,894', '58 天前 - $9,886', '57 天前 - $9,886', '56 天前 - $9,886', '55 天前 - $9,885', '54 天前 - $9,885', '53 天前 - $9,883', '52 天前 - $9,876', '51 天前 - $9,880', '50 天前 - $9,880', '49 天前 - $9,880', '48 天前 - $9,872', '47 天前 - $9,863', '46 天前 - $9,861', '45 天前 - $9,861', '44 天前 - $9,863', '43 天前 - $9,863', '42 天前 - $9,863', '41 天前 - $9,857', '40 天前 - $9,856', '39 天前 - $9,039', '38 天前 - $10,494', '37 天前 - $10,491', '36 天前 - $10,491', '35 天前 - $10,491', '34 天前 - $10,496', '33 天前 - $10,498', '32 天前 - $10,500', '31 天前 - $10,501', '30 天前 - $10,498', '29 天前 - $10,418', '28 天前 - $10,418', '27 天前 - $10,417', '26 天前 - $10,404', '25 天前 - $8,971', '24 天前 - $8,969', '23 天前 - $8,969', '22 天前 - $8,969', '21 天前 - $8,969', '20 天前 - $8,962', '19 天前 - $8,957', '18 天前 - $8,959', '17 天前 - $8,962', '16 天前 - $8,962', '15 天前 - $8,962', '14 天前 - $8,962', '13 天前 - $9,783', '12 天前 - $9,831', '11 天前 - $9,826', '10 天前 - $9,825', '9 天前 - $9,821', '8 天前 - $9,821', '7 天前 - $9,821', '6 天前 - $9,812', '5 天前 - $9,816', '4 天前 - $9,823', '3 天前 - $9,825', '2 天前 - $9,831', '1 天前 - $9,831', '今天 - $9,831']"
10月23日 週三,上午9:00。,TPE,下午1:25。,NRT,長榮航空,直達航班。,Non-stop,3 小時 25 分鐘,Boeing 787-10,BR 198,經濟艙,"['61 天前 - $9,895', '60 天前 - $9,898', '59 天前 - $9,894', '58 天前 - $9,886', '57 天前 - $9,886', '56 天前 - $9,886', '55 天前 - $9,885', '54 天前 - $9,885', '53 天前 - $9,883', '52 天前 - $9,876', '51 天前 - $9,880', '50 天前 - $9,880', '49 天前 - $9,880', '48 天前 - $9,872', '47 天前 - $9,863', '46 天前 - $9,861', '45 天前 - $9,861', '44 天前 - $9,863', '43 天前 - $9,863', '42 天前 - $9,863', '41 天前 - $9,857', '40 天前 - $9,856', '39 天前 - $9,039', '38 天前 - $10,494', '37 天前 - $10,491', '36 天前 - $10,491', '35 天前 - $10,491', '34 天前 - $10,496', '33 天前 - $10,498', '32 天前 - $10,500', '31 天前 - $10,501', '30 天前 - $10,498', '29 天前 - $10,418', '28 天前 - $10,418', '27 天前 - $10,402', '26 天前 - $10,404', '25 天前 - $8,971', '24 天前 - $8,969', '23 天前 - $8,969', '22 天前 - $8,969', '21 天前 - $8,969', '20 天前 - $8,962', '19 天前 - $8,957', '18 天前 - $8,959', '17 天前 - $8,962', '16 天前 - $8,962', '15 天前 - $8,962', '14 天前 - $8,962', '13 天前 - $9,783', '12 天前 - $9,831', '11 天前 - $9,826', '10 天前 - $9,825', '9 天前 - $9,821', '8 天前 - $9,821', '7 天前 - $9,821', '6 天前 - $9,812', '5 天前 - $9,816', '4 天前 - $9,823', '3 天前 - $9,825', '2 天前 - $9,831', '1 天前 - $9,831', '今天 - $9,831']"
10月23日 週三,下午3:20。,TPE,晚上7:40。,NRT,長榮航空,直達航班。,Non-stop,3 小時 20 分鐘,Boeing 787-10,BR 196,經濟艙,"['61 天前 - $9,895', '60 天前 - $9,898', '59 天前 - $9,894', '58 天前 - $9,886', '57 天前 - $9,886', '56 天前 - $9,886', '55 天前 - $9,885', '54 天前 - $9,885', '53 天前 - $9,883', '52 天前 - $9,876', '51 天前 - $9,880', '50 天前 - $9,880', '49 天前 - $9,880', '48 天前 - $9,872', '47 天前 - $9,863', '46 天前 - $9,861', '45 天前 - $9,861', '44 天前 - $9,863', '43 天前 - $9,863', '42 天前 - $9,863', '41 天前 - $9,857', '40 天前 - $9,856', '39 天前 - $8,919', '38 天前 - $8,922', '37 天前 - $8,919', '36 天前 - $8,919', '35 天前 - $8,919', '34 天前 - $8,924', '33 天前 - $8,926', '32 天前 - $8,928', '31 天前 - $8,929', '30 天前 - $8,926', '29 天前 - $8,846', '28 天前 - $8,846', '27 天前 - $8,832', '26 天前 - $8,834', '25 天前 - $8,971', '24 天前 - $8,969', '23 天前 - $8,969', '22 天前 - $8,969', '21 天前 - $8,969', '20 天前 - $8,962', '19 天前 - $8,957', '18 天前 - $8,959', '17 天前 - $8,962', '16 天前 - $8,962', '15 天前 - $8,962', '14 天前 - $8,962', '13 天前 - $8,976', '12 天前 - $9,831', '11 天前 - $9,826', '10 天前 - $9,825', '9 天前 - $9,821', '8 天前 - $9,821', '7 天前 - $9,821', '6 天前 - $9,812', '5 天前 - $9,816', '4 天前 - $9,823', '3 天前 - $9,823', '2 天前 - $9,831', '1 天前 - $9,831', '今天 - $9,831']"
10月23日 週三,下午1:00。,TPE,下午5:15。,NRT,國泰航空,直達航班。,Non-stop,3 小時 15 分鐘,Boeing 777,CX 450,經濟艙,"['61 天前 - $10,647', '60 天前 - $10,349', '59 天前 - $10,346', '58 天前 - $10,341', '57 天前 - $10,341', '56 天前 - $10,341', '55 天前 - $10,340', '54 天前 - $10,339', '53 天前 - $10,338', '52 天前 - $10,334', '51 天前 - $10,337', '50 天前 - $10,337', '49 天前 - $10,337', '48 天前 - $10,333', '47 天前 - $10,327', '46 天前 - $10,326', '45 天前 - $10,325', '44 天前 - $10,327', '43 天前 - $10,327', '42 天前 - $10,327', '41 天前 - $10,323', '40 天前 - $10,323', '39 天前 - $10,325', '38 天前 - $10,327', '37 天前 - $10,325', '36 天前 - $10,137', '35 天前 - $10,137', '34 天前 - $10,139', '33 天前 - $10,140', '32 天前 - $10,141', '31 天前 - $10,142', '30 天前 - $10,140', '29 天前 - $10,140', '28 天前 - $10,140', '27 天前 - $10,140', '26 天前 - $10,141', '25 天前 - $10,142', '24 天前 - $10,142', '23 天前 - $10,142', '22 天前 - $10,142', '21 天前 - $10,142', '20 天前 - $10,138', '19 天前 - $10,136', '18 天前 - $10,137', '17 天前 - $10,138', '16 天前 - $10,138', '15 天前 - $10,138', '14 天前 - $10,138', '13 天前 - $10,139', '12 天前 - $10,140', '11 天前 - $10,138', '10 天前 - $10,137', '9 天前 - $10,135', '8 天前 - $10,135', '7 天前 - $10,135', '6 天前 - $10,129', '5 天前 - $10,131', '4 天前 - $10,136', '3 天前 - $10,137', '2 天前 - $10,140', '1 天前 - $10,140']"
11月30日 週六,晚上8:45。,TSA,"下午1:40 (星期日, 12月 1)。",FOC,廈門航空,需轉機 1 次的航班。,11 小時 10 分鐘,1 小時 40 分鐘,Boeing 737,MF 884,經濟艙,"['60 天前 - $7,011', '59 天前 - $7,011', '58 天前 - $7,001', '57 天前 - $6,989', '56 天前 - $6,989', '55 天前 - $6,989', '54 天前 - $6,988', '53 天前 - $6,986', '52 天前 - $6,986', '51 天前 - $6,982', '50 天前 - $6,986', '49 天前 - $6,986', '48 天前 - $6,986', '47 天前 - $6,973', '46 天前 - $6,968', '45 天前 - $6,967', '44 天前 - $6,965', '43 天前 - $6,967', '42 天前 - $6,967', '41 天前 - $6,967', '40 天前 - $6,963', '39 天前 - $6,963', '38 天前 - $6,967', '37 天前 - $7,819', '36 天前 - $7,821', '35 天前 - $7,821', '34 天前 - $9,061', '33 天前 - $9,070', '32 天前 - $9,068', '31 天前 - $9,068', '30 天前 - $9,072', '29 天前 - $9,072', '28 天前 - $9,072', '27 天前 - $9,072', '26 天前 - $7,833', '25 天前 - $7,832', '24 天前 - $9,643', '23 天前 - $7,832', '22 天前 - $7,831', '21 天前 - $6,981', '20 天前 - $6,981', '19 天前 - $6,977', '18 天前 - $6,972', '17 天前 - $6,973', '16 天前 - $6,980', '15 天前 - $6,982', '14 天前 - $6,982', '13 天前 - $6,982', '12 天前 - $6,989', '11 天前 - $6,993', '10 天前 - $6,990', '9 天前 - $6,991', '8 天前 - $6,988', '7 天前 - $6,988', '6 天前 - $6,988', '5 天前 - $6,976', '4 天前 - $6,980', '3 天前 - $6,988', '2 天前 - $6,988', '1 天前 - $6,994', '今天 - $6,994']"
10月23日 週三,下午4:10。,TPE,"清晨7:15 (星期四, 10月 24)。",HKG,國泰航空,需轉機 1 次的航班。,未找到停留時間,未找到飛行時間,Airbus A321neo,CX 443,經濟艙,"60 天前 - $15,415, 59 天前 - $15,401, 58 天前 - $15,370, 57 天前 - $15,370, 56 天前 - $15,370, 55 天前 - $15,363, 54 天前 - $15,363, 53 天前 - $15,357, 52 天前 - $15,328, 51 天前 - $15,350, 50 天前 - $15,350, 49 天前 - $15,350, 48 天前 - $15,325, 47 天前 - $15,288, 46 天前 - $15,279, 45 天前 - $15,278, 44 天前 - $15,288, 43 天前 - $15,288, 42 天前 - $15,288, 41 天前 - $15,269, 40 天前 - $15,266, 39 天前 - $15,281, 38 天前 - $15,295, 37 天前 - $15,285, 36 天前 - $14,264, 35 天前 - $14,264, 34 天前 - $14,275, 33 天前 - $14,285, 32 天前 - $14,285, 31 天前 - $14,290, 30 天前 - $14,280, 29 天前 - $14,280, 28 天前 - $14,280, 27 天前 - $14,269, 26 天前 - $14,277, 25 天前 - $14,288, 24 天前 - $14,284, 23 天前 - $14,288, 22 天前 - $14,288, 21 天前 - $14,288, 20 天前 - $14,259, 19 天前 - $14,247, 18 天前 - $14,256, 17 天前 - $14,271, 16 天前 - $14,273, 15 天前 - $14,273, 14 天前 - $14,273, 13 天前 - $14,279, 12 天前 - $14,292, 11 天前 - $14,278, 10 天前 - $14,274, 9 天前 - $14,258, 8 天前 - $14,258, 7 天前 - $14,258, 6 天前 - $14,226, 5 天前 - $14,245, 4 天前 - $14,271, 3 天前 - $15,777, 2 天前 - $15,796, 1 天前 - $15,796, 今天 - $15,796"
10月23日 週三,晚上11:15。,TPE,"上午11:45 (星期四, 10月 24)。",SYD,中華航空,直達航班。,Non-stop,9 小時 30 分鐘,Airbus A350,CI 51,經濟艙,"61 天前 - $17,783, 60 天前 - $17,794, 59 天前 - $17,791, 58 天前 - $17,774, 57 天前 - $17,774, 56 天前 - $17,774, 55 天前 - $17,773, 54 天前 - $17,774, 53 天前 - $17,771, 52 天前 - $17,757, 51 天前 - $17,767, 50 天前 - $17,767, 49 天前 - $17,767, 48 天前 - $17,758, 47 天前 - $17,741, 46 天前 - $17,739, 45 天前 - $18,079, 44 天前 - $18,082, 43 天前 - $18,082, 42 天前 - $18,082, 41 天前 - $17,738, 40 天前 - $17,734, 39 天前 - $17,743, 38 天前 - $17,750, 37 天前 - $17,746, 36 天前 - $17,462, 35 天前 - $17,462, 34 天前 - $17,468, 33 天前 - $17,475, 32 天前 - $17,473, 31 天前 - $16,616, 30 天前 - $16,610, 29 天前 - $16,402, 28 天前 - $16,402, 27 天前 - $16,393, 26 天前 - $16,396, 25 天前 - $16,404, 24 天前 - $16,401, 23 天前 - $16,405, 22 天前 - $16,405, 21 天前 - $16,405, 20 天前 - $16,389, 19 天前 - $16,383, 18 天前 - $16,389, 17 天前 - $16,399, 16 天前 - $16,403, 15 天前 - $16,403, 14 天前 - $16,403, 13 天前 - $16,405, 12 天前 - $16,415, 11 天前 - $16,408, 10 天前 - $16,408, 9 天前 - $17,809, 8 天前 - $17,809, 7 天前 - $17,809, 6 天前 - $17,791, 5 天前 - $17,872, 4 天前 - $17,886, 3 天前 - $17,888, 2 天前 - $17,898, 1 天前 - $17,898, 今天 - $17,898"
