出發日期,出發時間,出發機場代號,抵達時間,抵達機場代號,航空公司,停靠站數量,停留時間,飛行時間,是否過夜,機型,航班代碼,艙等,價格
2025-02-16 Sunday,上午10:35,TPE,下午2:40,NRT,日本航空,直達航班。,Non-stop,3 小時 5 分鐘,No,Boeing 787,JL 802,商務艙,"$22,940"
2025-02-16 Sunday,下午2:35,TPE,下午6:40,NRT,中華航空,直達航班。,Non-stop,3 小時 5 分鐘,No,Airbus A321neo,CI 108,商務艙,"$23,413"
2025-02-16 Sunday,上午8:30,TPE,中午12:30,NRT,星宇航空,直達航班。,Non-stop,3 小時,No,Airbus A350,JX 800,商務艙,"$25,052"
2025-02-16 Sunday,上午8:50,TPE,中午12:55,NRT,長榮航空,直達航班。,Non-stop,3 小時 5 分鐘,No,Boeing 787-10,BR 198,商務艙,"$25,368"
2025-02-16 Sunday,下午4:25,TPE,晚上8:25,NRT,中華航空,直達航班。,Non-stop,3 小時,No,Airbus A321neo,CI 106,商務艙,"$23,413"
2025-02-16 Sunday,上午9:30,TPE,下午1:30,NRT,中華航空,直達航班。,Non-stop,3 小時,No,Airbus A330,CI 100,商務艙,"$24,989"
2025-02-16 Sunday,中午12:35,TPE,下午4:35,NRT,中華航空,直達航班。,Non-stop,3 小時,No,Airbus A330,CI 104,商務艙,"$24,989"
2025-02-16 Sunday,下午3:00,TPE,晚上7:00,NRT,星宇航空,直達航班。,Non-stop,3 小時,No,Airbus A330-900neo,JX 804,商務艙,"$25,052"
2025-02-16 Sunday,下午6:25,TSA,晚上10:15,HND,中華航空,直達航班。,Non-stop,2 小時 50 分鐘,No,Airbus A330,CI 222,商務艙,"$25,305"
2025-02-16 Sunday,清晨7:55,TPE,中午12:00,NRT,長榮航空,直達航班。,Non-stop,3 小時 5 分鐘,No,Boeing 787-10,BR 184,商務艙,"$25,368"
2025-02-16 Sunday,下午3:20,TPE,晚上7:20,NRT,長榮航空,直達航班。,Non-stop,3 小時,No,Boeing 787-10,BR 196,商務艙,"$25,368"
2025-02-16 Sunday,清晨7:15,TSA,上午11:05,HND,長榮航空,直達航班。,Non-stop,2 小時 50 分鐘,No,Boeing 787-10,BR 192,商務艙,"$26,250"
2025-02-16 Sunday,下午4:30,TSA,晚上8:20,HND,長榮航空,直達航班。,Non-stop,2 小時 50 分鐘,No,Boeing 787-10,BR 190,商務艙,"$26,250"
2025-02-16 Sunday,上午9:30,TSA,下午1:20,HND,日本航空,直達航班。,Non-stop,2 小時 50 分鐘,No,Boeing 787,JL 96,商務艙,"$29,718"
2025-02-16 Sunday,上午10:15,TPE,下午2:15,NRT,星宇航空,直達航班。,Non-stop,3 小時,No,Airbus A350,JX 802,商務艙,"$32,681"
2025-02-16 Sunday,上午9:00,TSA,中午12:50,HND,中華航空,直達航班。,Non-stop,2 小時 50 分鐘,No,Airbus A330,CI 220,商務艙,"$33,438"
2025-02-16 Sunday,下午1:30,TSA,下午5:30,HND,全日空航空,直達航班。,Non-stop,3 小時,No,Boeing 787,NH 852,商務艙,"$33,747"
2025-02-16 Sunday,下午4:50,TSA,晚上8:40,HND,全日空航空,直達航班。,Non-stop,2 小時 50 分鐘,No,Boeing 787,NH 854,商務艙,"$33,747"
出發日期,出發時間,出發機場代號,抵達時間,抵達機場代號,航空公司,停靠站數量,停留時間,飛行時間,是否過夜,機型,航班代碼,艙等,價格
2025-02-17 Monday,中午12:50,TPE,下午4:50,NRT,國泰航空,直達航班。,Non-stop,3 小時,No,Boeing 777,CX 450,商務艙,"$19,696"
2025-02-17 Monday,上午10:35,TPE,下午2:40,NRT,日本航空,直達航班。,Non-stop,3 小時 5 分鐘,No,Boeing 787,JL 802,商務艙,"$22,940"
2025-02-17 Monday,上午8:30,TPE,中午12:30,NRT,星宇航空,直達航班。,Non-stop,3 小時,No,Airbus A350,JX 800,商務艙,"$25,052"
2025-02-17 Monday,下午1:25,TPE,下午5:30,NRT,日本航空,直達航班。,Non-stop,3 小時 5 分鐘,No,Boeing 767,JL 8664,商務艙,"$22,940"
2025-02-17 Monday,下午2:35,TPE,下午6:40,NRT,中華航空,直達航班。,Non-stop,3 小時 5 分鐘,No,Airbus A321neo,CI 108,商務艙,"$23,413"
2025-02-17 Monday,上午9:30,TPE,下午1:30,NRT,中華航空,直達航班。,Non-stop,3 小時,No,Airbus A330,CI 100,商務艙,"$24,989"
2025-02-17 Monday,中午12:35,TPE,下午4:35,NRT,中華航空,直達航班。,Non-stop,3 小時,No,Airbus A321neo,CI 104,商務艙,"$24,989"
2025-02-17 Monday,上午10:15,TPE,下午2:15,NRT,星宇航空,直達航班。,Non-stop,3 小時,No,Airbus A350,JX 802,商務艙,"$25,052"
2025-02-17 Monday,下午6:25,TSA,晚上10:15,HND,中華航空,直達航班。,Non-stop,2 小時 50 分鐘,No,Airbus A330,CI 222,商務艙,"$25,305"
2025-02-17 Monday,清晨7:55,TPE,中午12:00,NRT,長榮航空,直達航班。,Non-stop,3 小時 5 分鐘,No,Boeing 787-10,BR 184,商務艙,"$25,368"
2025-02-17 Monday,上午8:50,TPE,中午12:55,NRT,長榮航空,直達航班。,Non-stop,3 小時 5 分鐘,No,Boeing 787-10,BR 198,商務艙,"$25,368"
2025-02-17 Monday,下午3:20,TPE,晚上7:20,NRT,長榮航空,直達航班。,Non-stop,3 小時,No,Boeing 787-10,BR 196,商務艙,"$25,368"
2025-02-17 Monday,下午4:30,TSA,晚上8:20,HND,長榮航空,直達航班。,Non-stop,2 小時 50 分鐘,No,Boeing 787-10,BR 190,商務艙,"$26,250"
2025-02-17 Monday,下午3:35,TSA,晚上7:25,HND,日本航空,直達航班。,Non-stop,2 小時 50 分鐘,No,Boeing 787,JL 98,商務艙,"$32,840"
2025-02-17 Monday,上午9:00,TSA,中午12:50,HND,中華航空,直達航班。,Non-stop,2 小時 50 分鐘,No,Airbus A330,CI 220,商務艙,"$33,438"
2025-02-17 Monday,下午4:50,TSA,晚上8:40,HND,全日空航空,直達航班。,Non-stop,2 小時 50 分鐘,No,Boeing 787,NH 854,商務艙,"$33,747"
2025-02-17 Monday,下午3:00,TPE,晚上7:00,NRT,星宇航空,直達航班。,Non-stop,3 小時,No,Airbus A321neo,JX 804,商務艙,"$41,193"
2025-02-17 Monday,清晨7:15,TSA,上午11:05,HND,長榮航空,直達航班。,Non-stop,2 小時 50 分鐘,No,Boeing 787-10,BR 192,商務艙,"$43,251"
2025-02-17 Monday,下午1:30,TSA,下午5:30,HND,全日空航空,直達航班。,Non-stop,3 小時,No,Boeing 787,NH 852,商務艙,"$43,547"
出發日期,出發時間,出發機場代號,抵達時間,抵達機場代號,航空公司,停靠站數量,停留時間,飛行時間,是否過夜,機型,航班代碼,艙等,價格
2025-02-18 Tuesday,中午12:50,TPE,下午4:50,NRT,國泰航空,直達航班。,Non-stop,3 小時,No,Boeing 777,CX 450,商務艙,"$19,696"
2025-02-18 Tuesday,上午10:35,TPE,下午2:40,NRT,日本航空,直達航班。,Non-stop,3 小時 5 分鐘,No,Boeing 787,JL 802,商務艙,"$22,940"
2025-02-18 Tuesday,上午8:30,TPE,中午12:30,NRT,星宇航空,直達航班。,Non-stop,3 小時,No,Airbus A350,JX 800,商務艙,"$25,052"
2025-02-18 Tuesday,下午1:25,TPE,下午5:30,NRT,日本航空,直達航班。,Non-stop,3 小時 5 分鐘,No,Boeing 767,JL 8664,商務艙,"$22,940"
2025-02-18 Tuesday,下午2:35,TPE,下午6:40,NRT,中華航空,直達航班。,Non-stop,3 小時 5 分鐘,No,Airbus A330,CI 108,商務艙,"$23,413"
2025-02-18 Tuesday,上午9:30,TPE,下午1:30,NRT,中華航空,直達航班。,Non-stop,3 小時,No,Airbus A350,CI 100,商務艙,"$24,989"
2025-02-18 Tuesday,中午12:35,TPE,下午4:35,NRT,中華航空,直達航班。,Non-stop,3 小時,No,Boeing 777,CI 104,商務艙,"$24,989"
2025-02-18 Tuesday,上午10:15,TPE,下午2:15,NRT,星宇航空,直達航班。,Non-stop,3 小時,No,Airbus A350,JX 802,商務艙,"$25,052"
2025-02-18 Tuesday,下午3:00,TPE,晚上7:00,NRT,星宇航空,直達航班。,Non-stop,3 小時,No,Airbus A330-900neo,JX 804,商務艙,"$25,052"
2025-02-18 Tuesday,下午6:25,TSA,晚上10:15,HND,中華航空,直達航班。,Non-stop,2 小時 50 分鐘,No,Airbus A330,CI 222,商務艙,"$25,305"
2025-02-18 Tuesday,清晨7:55,TPE,中午12:00,NRT,長榮航空,直達航班。,Non-stop,3 小時 5 分鐘,No,Boeing 787-10,BR 184,商務艙,"$25,368"
2025-02-18 Tuesday,上午8:50,TPE,中午12:55,NRT,長榮航空,直達航班。,Non-stop,3 小時 5 分鐘,No,Boeing 787-10,BR 198,商務艙,"$25,368"
2025-02-18 Tuesday,下午3:20,TPE,晚上7:20,NRT,長榮航空,直達航班。,Non-stop,3 小時,No,Boeing 787-10,BR 196,商務艙,"$25,368"
2025-02-18 Tuesday,清晨7:15,TSA,上午11:05,HND,長榮航空,直達航班。,Non-stop,2 小時 50 分鐘,No,Boeing 787-10,BR 192,商務艙,"$26,250"
2025-02-18 Tuesday,下午4:30,TSA,晚上8:20,HND,長榮航空,直達航班。,Non-stop,2 小時 50 分鐘,No,Boeing 787-10,BR 190,商務艙,"$26,250"
2025-02-18 Tuesday,下午3:35,TSA,晚上7:25,HND,日本航空,直達航班。,Non-stop,2 小時 50 分鐘,No,Boeing 787,JL 98,商務艙,"$32,840"
2025-02-18 Tuesday,上午9:00,TSA,中午12:50,HND,中華航空,直達航班。,Non-stop,2 小時 50 分鐘,No,Airbus A330,CI 220,商務艙,"$33,438"
2025-02-18 Tuesday,下午4:50,TSA,晚上8:40,HND,全日空航空,直達航班。,Non-stop,2 小時 50 分鐘,No,Boeing 787,NH 854,商務艙,"$33,747"
出發日期,出發時間,出發機場代號,抵達時間,抵達機場代號,航空公司,停靠站數量,停留時間,飛行時間,是否過夜,機型,航班代碼,艙等,價格
2025-02-19 Wednesday,中午12:50,TPE,下午4:50,NRT,國泰航空,直達航班。,Non-stop,3 小時,No,Boeing 777,CX 450,商務艙,"$19,696"
2025-02-19 Wednesday,上午10:35,TPE,下午2:40,NRT,日本航空,直達航班。,Non-stop,3 小時 5 分鐘,No,Boeing 787,JL 802,商務艙,"$22,940"
2025-02-19 Wednesday,下午2:35,TPE,下午6:40,NRT,中華航空,直達航班。,Non-stop,3 小時 5 分鐘,No,Airbus A321neo,CI 108,商務艙,"$23,413"
2025-02-19 Wednesday,上午10:15,TPE,下午2:15,NRT,星宇航空,直達航班。,Non-stop,3 小時,No,Airbus A350,JX 802,商務艙,"$25,052"
2025-02-19 Wednesday,上午8:50,TPE,中午12:55,NRT,長榮航空,直達航班。,Non-stop,3 小時 5 分鐘,No,Boeing 787-10,BR 198,商務艙,"$25,368"
2025-02-19 Wednesday,下午1:25,TPE,下午5:30,NRT,日本航空,直達航班。,Non-stop,3 小時 5 分鐘,No,Boeing 767,JL 8664,商務艙,"$22,940"
2025-02-19 Wednesday,下午4:25,TPE,晚上8:25,NRT,中華航空,直達航班。,Non-stop,3 小時,No,Airbus A321neo,CI 106,商務艙,"$23,413"
2025-02-19 Wednesday,上午9:30,TPE,下午1:30,NRT,中華航空,直達航班。,Non-stop,3 小時,No,Airbus A330,CI 100,商務艙,"$24,989"
2025-02-19 Wednesday,中午12:35,TPE,下午4:35,NRT,中華航空,直達航班。,Non-stop,3 小時,No,Airbus A321neo,CI 104,商務艙,"$24,989"
2025-02-19 Wednesday,下午3:00,TPE,晚上7:00,NRT,星宇航空,直達航班。,Non-stop,3 小時,No,Airbus A321neo,JX 804,商務艙,"$25,052"
2025-02-19 Wednesday,下午6:25,TSA,晚上10:15,HND,中華航空,直達航班。,Non-stop,2 小時 50 分鐘,No,Airbus A330,CI 222,商務艙,"$25,305"
2025-02-19 Wednesday,清晨7:55,TPE,中午12:00,NRT,長榮航空,直達航班。,Non-stop,3 小時 5 分鐘,No,Boeing 787-10,BR 184,商務艙,"$25,368"
2025-02-19 Wednesday,下午3:20,TPE,晚上7:20,NRT,長榮航空,直達航班。,Non-stop,3 小時,No,Boeing 787-10,BR 196,商務艙,"$25,368"
2025-02-19 Wednesday,下午4:30,TSA,晚上8:20,HND,長榮航空,直達航班。,Non-stop,2 小時 50 分鐘,No,Boeing 787-10,BR 190,商務艙,"$26,250"
2025-02-19 Wednesday,上午8:30,TPE,中午12:30,NRT,星宇航空,直達航班。,Non-stop,3 小時,No,Airbus A350,JX 800,商務艙,"$32,681"
2025-02-19 Wednesday,下午3:35,TSA,晚上7:25,HND,日本航空,直達航班。,Non-stop,2 小時 50 分鐘,No,Boeing 787,JL 98,商務艙,"$32,840"
2025-02-19 Wednesday,上午9:00,TSA,中午12:50,HND,中華航空,直達航班。,Non-stop,2 小時 50 分鐘,No,Airbus A330,CI 220,商務艙,"$33,438"
2025-02-19 Wednesday,下午1:30,TSA,下午5:30,HND,全日空航空,直達航班。,Non-stop,3 小時,No,Boeing 787,NH 852,商務艙,"$33,747"
2025-02-19 Wednesday,下午4:50,TSA,晚上8:40,HND,全日空航空,直達航班。,Non-stop,2 小時 50 分鐘,No,Boeing 787,NH 854,商務艙,"$33,747"
2025-02-19 Wednesday,清晨7:15,TSA,上午11:05,HND,長榮航空,直達航班。,Non-stop,2 小時 50 分鐘,No,Boeing 787-10,BR 192,商務艙,"$43,251"
出發日期,出發時間,出發機場代號,抵達時間,抵達機場代號,航空公司,停靠站數量,停留時間,飛行時間,是否過夜,機型,航班代碼,艙等,價格
2025-02-20 Thursday,中午12:50,TPE,下午4:50,NRT,國泰航空,直達航班。,Non-stop,3 小時,No,Boeing 777,CX 450,商務艙,"$19,696"
2025-02-20 Thursday,下午2:35,TPE,下午6:40,NRT,中華航空,直達航班。,Non-stop,3 小時 5 分鐘,No,Airbus A330,CI 108,商務艙,"$23,413"
2025-02-20 Thursday,上午8:30,TPE,中午12:30,NRT,星宇航空,直達航班。,Non-stop,3 小時,No,Airbus A350,JX 800,商務艙,"$25,052"
2025-02-20 Thursday,上午9:30,TPE,下午1:30,NRT,中華航空,直達航班。,Non-stop,3 小時,No,Airbus A330,CI 100,商務艙,"$24,989"
2025-02-20 Thursday,中午12:35,TPE,下午4:35,NRT,中華航空,直達航班。,Non-stop,3 小時,No,Airbus A350,CI 104,商務艙,"$24,989"
2025-02-20 Thursday,上午10:15,TPE,下午2:15,NRT,星宇航空,直達航班。,Non-stop,3 小時,No,Airbus A350,JX 802,商務艙,"$25,052"
2025-02-20 Thursday,上午8:50,TPE,中午12:55,NRT,長榮航空,直達航班。,Non-stop,3 小時 5 分鐘,No,Boeing 787-10,BR 198,商務艙,"$25,368"
2025-02-20 Thursday,下午3:20,TPE,晚上7:20,NRT,長榮航空,直達航班。,Non-stop,3 小時,No,Boeing 787-10,BR 196,商務艙,"$25,368"
2025-02-20 Thursday,上午10:35,TPE,下午2:40,NRT,日本航空,直達航班。,Non-stop,3 小時 5 分鐘,No,Boeing 787,JL 802,商務艙,"$31,840"
2025-02-20 Thursday,下午1:25,TPE,下午5:30,NRT,日本航空,直達航班。,Non-stop,3 小時 5 分鐘,No,Boeing 767,JL 8664,商務艙,"$31,840"
2025-02-20 Thursday,上午9:30,TSA,下午1:20,HND,日本航空,直達航班。,Non-stop,2 小時 50 分鐘,No,Boeing 787,JL 96,商務艙,"$32,840"
2025-02-20 Thursday,清晨7:55,TPE,中午12:00,NRT,長榮航空,直達航班。,Non-stop,3 小時 5 分鐘,No,Boeing 787-10,BR 184,商務艙,"$32,997"
2025-02-20 Thursday,上午9:00,TSA,中午12:50,HND,中華航空,直達航班。,Non-stop,2 小時 50 分鐘,No,Airbus A330,CI 220,商務艙,"$33,438"
2025-02-20 Thursday,下午4:50,TSA,晚上8:40,HND,全日空航空,直達航班。,Non-stop,2 小時 50 分鐘,No,Boeing 787,NH 854,商務艙,"$33,747"
2025-02-20 Thursday,下午3:00,TPE,晚上7:00,NRT,星宇航空,直達航班。,Non-stop,3 小時,No,Airbus A321neo,JX 804,商務艙,"$41,193"
2025-02-20 Thursday,下午3:35,TSA,晚上7:25,HND,日本航空,直達航班。,Non-stop,2 小時 50 分鐘,No,Boeing 787,JL 98,商務艙,"$41,940"
2025-02-20 Thursday,下午4:30,TSA,晚上8:20,HND,長榮航空,直達航班。,Non-stop,2 小時 50 分鐘,No,Boeing 787-10,BR 190,商務艙,"$43,251"
出發日期,出發時間,出發機場代號,抵達時間,抵達機場代號,航空公司,停靠站數量,停留時間,飛行時間,是否過夜,機型,航班代碼,艙等,價格
2025-02-21 Friday,中午12:50,TPE,下午4:50,NRT,國泰航空,直達航班。,Non-stop,3 小時,No,Boeing 777,CX 450,商務艙,"$19,696"
2025-02-21 Friday,下午2:35,TPE,下午6:40,NRT,中華航空,直達航班。,Non-stop,3 小時 5 分鐘,No,Airbus A330,CI 108,商務艙,"$23,413"
2025-02-21 Friday,下午3:00,TPE,晚上7:00,NRT,星宇航空,直達航班。,Non-stop,3 小時,No,Airbus A321neo,JX 804,商務艙,"$25,052"
2025-02-21 Friday,上午8:50,TPE,中午12:55,NRT,長榮航空,直達航班。,Non-stop,3 小時 5 分鐘,No,Boeing 787-10,BR 198,商務艙,"$25,368"
2025-02-21 Friday,上午9:30,TPE,下午1:30,NRT,中華航空,直達航班。,Non-stop,3 小時,No,Airbus A330,CI 100,商務艙,"$24,989"
2025-02-21 Friday,中午12:35,TPE,下午4:35,NRT,中華航空,直達航班。,Non-stop,3 小時,No,Airbus A321neo,CI 104,商務艙,"$24,989"
2025-02-21 Friday,清晨7:55,TPE,中午12:00,NRT,長榮航空,直達航班。,Non-stop,3 小時 5 分鐘,No,Boeing 787-10,BR 184,商務艙,"$25,368"
2025-02-21 Friday,上午10:35,TPE,下午2:40,NRT,日本航空,直達航班。,Non-stop,3 小時 5 分鐘,No,Boeing 787,JL 802,商務艙,"$31,840"
2025-02-21 Friday,上午8:30,TPE,中午12:30,NRT,星宇航空,直達航班。,Non-stop,3 小時,No,Airbus A350,JX 800,商務艙,"$32,681"
2025-02-21 Friday,上午10:15,TPE,下午2:15,NRT,星宇航空,直達航班。,Non-stop,3 小時,No,Airbus A350,JX 802,商務艙,"$32,681"
2025-02-21 Friday,清晨7:15,TSA,上午11:05,HND,長榮航空,直達航班。,Non-stop,2 小時 50 分鐘,No,Boeing 787-10,BR 192,商務艙,"$43,251"
2025-02-21 Friday,下午4:30,TSA,晚上8:20,HND,長榮航空,直達航班。,Non-stop,2 小時 50 分鐘,No,Boeing 787-10,BR 190,商務艙,"$43,251"
2025-02-21 Friday,下午1:30,TSA,下午5:30,HND,全日空航空,直達航班。,Non-stop,3 小時,No,Boeing 787,NH 852,商務艙,"$43,547"
出發日期,出發時間,出發機場代號,抵達時間,抵達機場代號,航空公司,停靠站數量,停留時間,飛行時間,是否過夜,機型,航班代碼,艙等,價格
2025-02-22 Saturday,中午12:50,TPE,下午4:50,NRT,國泰航空,直達航班。,Non-stop,3 小時,No,Boeing 777,CX 450,商務艙,"$24,316"
2025-02-22 Saturday,下午3:00,TPE,晚上7:00,NRT,星宇航空,直達航班。,Non-stop,3 小時,No,Airbus A321neo,JX 804,商務艙,"$25,052"
2025-02-22 Saturday,下午1:25,TPE,下午5:30,NRT,日本航空,直達航班。,Non-stop,3 小時 5 分鐘,No,Boeing 767,JL 8664,商務艙,"$31,840"
2025-02-22 Saturday,上午9:30,TPE,下午1:30,NRT,中華航空,直達航班。,Non-stop,3 小時,No,Boeing 777,CI 100,商務艙,"$32,618"
2025-02-22 Saturday,上午8:30,TPE,中午12:30,NRT,星宇航空,直達航班。,Non-stop,3 小時,No,Airbus A350,JX 800,商務艙,"$32,681"
2025-02-22 Saturday,下午6:25,TSA,晚上10:15,HND,中華航空,直達航班。,Non-stop,2 小時 50 分鐘,No,Airbus A330,CI 222,商務艙,"$32,934"
2025-02-22 Saturday,中午12:35,TPE,下午4:35,NRT,中華航空,直達航班。,Non-stop,3 小時,No,Airbus A350,CI 104,商務艙,"$41,130"
2025-02-22 Saturday,上午10:15,TPE,下午2:15,NRT,星宇航空,直達航班。,Non-stop,3 小時,No,Airbus A350,JX 802,商務艙,"$41,193"
2025-02-22 Saturday,清晨7:15,TSA,上午11:05,HND,長榮航空,直達航班。,Non-stop,2 小時 50 分鐘,No,Boeing 787-10,BR 192,商務艙,"$43,251"
出發日期,出發時間,出發機場代號,抵達時間,抵達機場代號,航空公司,停靠站數量,停留時間,飛行時間,是否過夜,機型,航班代碼,艙等,價格
2025-02-23 Sunday,中午12:50,TPE,下午4:50,NRT,國泰航空,直達航班。,Non-stop,3 小時,No,Boeing 777,CX 450,商務艙,"$19,696"
2025-02-23 Sunday,上午9:30,TPE,下午1:30,NRT,中華航空,直達航班。,Non-stop,3 小時,No,Airbus A330,CI 100,商務艙,"$24,989"
2025-02-23 Sunday,上午10:15,TPE,下午2:15,NRT,星宇航空,直達航班。,Non-stop,3 小時,No,Airbus A350,JX 802,商務艙,"$25,052"
2025-02-23 Sunday,上午8:50,TPE,中午12:55,NRT,長榮航空,直達航班。,Non-stop,3 小時 5 分鐘,No,Boeing 787-10,BR 198,商務艙,"$25,368"
2025-02-23 Sunday,下午2:35,TPE,下午6:40,NRT,中華航空,直達航班。,Non-stop,3 小時 5 分鐘,No,Airbus A321neo,CI 108,商務艙,"$23,413"
2025-02-23 Sunday,中午12:35,TPE,下午4:35,NRT,中華航空,直達航班。,Non-stop,3 小時,No,Airbus A330,CI 104,商務艙,"$24,989"
2025-02-23 Sunday,下午3:00,TPE,晚上7:00,NRT,星宇航空,直達航班。,Non-stop,3 小時,No,Airbus A330-900neo,JX 804,商務艙,"$25,052"
2025-02-23 Sunday,清晨7:55,TPE,中午12:00,NRT,長榮航空,直達航班。,Non-stop,3 小時 5 分鐘,No,Boeing 787-10,BR 184,商務艙,"$25,368"
2025-02-23 Sunday,下午3:20,TPE,晚上7:20,NRT,長榮航空,直達航班。,Non-stop,3 小時,No,Boeing 787-10,BR 196,商務艙,"$25,368"
2025-02-23 Sunday,清晨7:15,TSA,上午11:05,HND,長榮航空,直達航班。,Non-stop,2 小時 50 分鐘,No,Boeing 787-10,BR 192,商務艙,"$26,250"
2025-02-23 Sunday,上午10:35,TPE,下午2:40,NRT,日本航空,直達航班。,Non-stop,3 小時 5 分鐘,No,Boeing 787,JL 802,商務艙,"$31,840"
2025-02-23 Sunday,下午1:25,TPE,下午5:30,NRT,日本航空,直達航班。,Non-stop,3 小時 5 分鐘,No,Boeing 767,JL 8664,商務艙,"$31,840"
2025-02-23 Sunday,上午8:30,TPE,中午12:30,NRT,星宇航空,直達航班。,Non-stop,3 小時,No,Airbus A350,JX 800,商務艙,"$32,681"
2025-02-23 Sunday,下午6:25,TSA,晚上10:15,HND,中華航空,直達航班。,Non-stop,2 小時 50 分鐘,No,Airbus A330,CI 222,商務艙,"$32,934"
2025-02-23 Sunday,上午9:00,TSA,中午12:50,HND,中華航空,直達航班。,Non-stop,2 小時 50 分鐘,No,Airbus A330,CI 220,商務艙,"$33,438"
2025-02-23 Sunday,下午4:50,TSA,晚上8:40,HND,全日空航空,直達航班。,Non-stop,2 小時 50 分鐘,No,Boeing 787,NH 854,商務艙,"$33,747"
2025-02-23 Sunday,下午3:35,TSA,晚上7:25,HND,日本航空,直達航班。,Non-stop,2 小時 50 分鐘,No,Boeing 787,JL 98,商務艙,"$41,940"
2025-02-23 Sunday,下午4:30,TSA,晚上8:20,HND,長榮航空,直達航班。,Non-stop,2 小時 50 分鐘,No,Boeing 787-10,BR 190,商務艙,"$43,251"
出發日期,出發時間,出發機場代號,抵達時間,抵達機場代號,航空公司,停靠站數量,停留時間,飛行時間,是否過夜,機型,航班代碼,艙等,價格
2025-02-24 Monday,中午12:50,TPE,下午4:50,NRT,國泰航空,直達航班。,Non-stop,3 小時,No,Boeing 777,CX 450,商務艙,"$24,316"
2025-02-24 Monday,上午8:30,TPE,中午12:30,NRT,星宇航空,直達航班。,Non-stop,3 小時,No,Airbus A350,JX 800,商務艙,"$25,052"
2025-02-24 Monday,上午9:30,TSA,下午1:20,HND,日本航空,直達航班。,Non-stop,2 小時 50 分鐘,No,Boeing 787,JL 96,商務艙,"$32,840"
2025-02-24 Monday,上午9:30,TPE,下午1:30,NRT,中華航空,直達航班。,Non-stop,3 小時,No,Airbus A330,CI 100,商務艙,"$32,618"
2025-02-24 Monday,上午10:15,TPE,下午2:15,NRT,星宇航空,直達航班。,Non-stop,3 小時,No,Airbus A350,JX 802,商務艙,"$32,681"
2025-02-24 Monday,上午8:50,TPE,中午12:55,NRT,長榮航空,直達航班。,Non-stop,3 小時 5 分鐘,No,Boeing 787-10,BR 198,商務艙,"$32,997"
2025-02-24 Monday,清晨7:15,TSA,上午11:05,HND,長榮航空,直達航班。,Non-stop,2 小時 50 分鐘,No,Boeing 787-10,BR 192,商務艙,"$33,438"
2025-02-24 Monday,上午9:00,TSA,中午12:50,HND,中華航空,直達航班。,Non-stop,2 小時 50 分鐘,No,Airbus A330,CI 220,商務艙,"$33,438"
2025-02-24 Monday,下午4:30,TSA,晚上8:20,HND,長榮航空,直達航班。,Non-stop,2 小時 50 分鐘,No,Boeing 787-10,BR 190,商務艙,"$33,438"
2025-02-24 Monday,上午10:35,TPE,下午2:40,NRT,日本航空,直達航班。,Non-stop,3 小時 5 分鐘,No,Boeing 787,JL 802,商務艙,"$40,940"
2025-02-24 Monday,下午3:35,TSA,晚上7:25,HND,日本航空,直達航班。,Non-stop,2 小時 50 分鐘,No,Boeing 787,JL 98,商務艙,"$41,571"
2025-02-24 Monday,清晨7:55,TPE,中午12:00,NRT,長榮航空,直達航班。,Non-stop,3 小時 5 分鐘,No,Boeing 787-10,BR 184,商務艙,"$42,991"
出發日期,出發時間,出發機場代號,抵達時間,抵達機場代號,航空公司,停靠站數量,停留時間,飛行時間,是否過夜,機型,航班代碼,艙等,價格
2025-02-25 Tuesday,下午2:35,TPE,下午6:40,NRT,中華航空,直達航班。,Non-stop,3 小時 5 分鐘,No,Airbus A330,CI 108,商務艙,"$23,413"
2025-02-25 Tuesday,中午12:50,TPE,下午4:50,NRT,國泰航空,直達航班。,Non-stop,3 小時,No,Boeing 777,CX 450,商務艙,"$24,316"
2025-02-25 Tuesday,上午8:30,TPE,中午12:30,NRT,星宇航空,直達航班。,Non-stop,3 小時,No,Airbus A350,JX 800,商務艙,"$25,052"
2025-02-25 Tuesday,上午9:30,TPE,下午1:30,NRT,中華航空,直達航班。,Non-stop,3 小時,No,Airbus A350,CI 100,商務艙,"$24,989"
2025-02-25 Tuesday,中午12:35,TPE,下午4:35,NRT,中華航空,直達航班。,Non-stop,3 小時,No,Boeing 777,CI 104,商務艙,"$24,989"
2025-02-25 Tuesday,下午3:00,TPE,晚上7:00,NRT,星宇航空,直達航班。,Non-stop,3 小時,No,Airbus A330-900neo,JX 804,商務艙,"$25,052"
2025-02-25 Tuesday,清晨7:55,TPE,中午12:00,NRT,長榮航空,直達航班。,Non-stop,3 小時 5 分鐘,No,Boeing 787-10,BR 184,商務艙,"$25,368"
2025-02-25 Tuesday,下午3:20,TPE,晚上7:20,NRT,長榮航空,直達航班。,Non-stop,3 小時,No,Boeing 787-10,BR 196,商務艙,"$25,368"
2025-02-25 Tuesday,上午10:15,TPE,下午2:15,NRT,星宇航空,直達航班。,Non-stop,3 小時,No,Airbus A350,JX 802,商務艙,"$32,681"
2025-02-25 Tuesday,上午9:30,TSA,下午1:20,HND,日本航空,直達航班。,Non-stop,2 小時 50 分鐘,No,Boeing 787,JL 96,商務艙,"$32,840"
2025-02-25 Tuesday,上午8:50,TPE,中午12:55,NRT,長榮航空,直達航班。,Non-stop,3 小時 5 分鐘,No,Boeing 787-10,BR 198,商務艙,"$32,997"
2025-02-25 Tuesday,下午4:50,TSA,晚上8:40,HND,全日空航空,直達航班。,Non-stop,2 小時 50 分鐘,No,Boeing 787,NH 854,商務艙,"$33,747"
2025-02-25 Tuesday,下午4:30,TSA,晚上8:20,HND,長榮航空,直達航班。,Non-stop,2 小時 50 分鐘,No,Boeing 787-10,BR 190,商務艙,"$43,251"
出發日期,出發時間,出發機場代號,抵達時間,抵達機場代號,航空公司,停靠站數量,停留時間,飛行時間,是否過夜,機型,航班代碼,艙等,價格
2025-02-26 Wednesday,中午12:50,TPE,下午4:50,NRT,國泰航空,直達航班。,Non-stop,3 小時,No,Boeing 777,CX 450,商務艙,"$19,696"
2025-02-26 Wednesday,下午2:35,TPE,下午6:40,NRT,中華航空,直達航班。,Non-stop,3 小時 5 分鐘,No,Airbus A330,CI 108,商務艙,"$23,413"
2025-02-26 Wednesday,上午8:30,TPE,中午12:30,NRT,星宇航空,直達航班。,Non-stop,3 小時,No,Airbus A350,JX 800,商務艙,"$25,052"
2025-02-26 Wednesday,下午4:25,TPE,晚上8:25,NRT,中華航空,直達航班。,Non-stop,3 小時,No,Airbus A321neo,CI 106,商務艙,"$23,413"
2025-02-26 Wednesday,上午9:30,TPE,下午1:30,NRT,中華航空,直達航班。,Non-stop,3 小時,No,Airbus A330,CI 100,商務艙,"$24,989"
2025-02-26 Wednesday,中午12:35,TPE,下午4:35,NRT,中華航空,直達航班。,Non-stop,3 小時,No,Airbus A321neo,CI 104,商務艙,"$24,989"
2025-02-26 Wednesday,上午10:15,TPE,下午2:15,NRT,星宇航空,直達航班。,Non-stop,3 小時,No,Airbus A350,JX 802,商務艙,"$25,052"
2025-02-26 Wednesday,下午6:25,TSA,晚上10:15,HND,中華航空,直達航班。,Non-stop,2 小時 50 分鐘,No,Airbus A330,CI 222,商務艙,"$25,305"
2025-02-26 Wednesday,清晨7:55,TPE,中午12:00,NRT,長榮航空,直達航班。,Non-stop,3 小時 5 分鐘,No,Boeing 787-10,BR 184,商務艙,"$25,368"
2025-02-26 Wednesday,上午8:50,TPE,中午12:55,NRT,長榮航空,直達航班。,Non-stop,3 小時 5 分鐘,No,Boeing 787-10,BR 198,商務艙,"$25,368"
2025-02-26 Wednesday,下午3:20,TPE,晚上7:20,NRT,長榮航空,直達航班。,Non-stop,3 小時,No,Boeing 787-10,BR 196,商務艙,"$25,368"
2025-02-26 Wednesday,下午4:30,TSA,晚上8:20,HND,長榮航空,直達航班。,Non-stop,2 小時 50 分鐘,No,Boeing 787-10,BR 190,商務艙,"$33,438"
2025-02-26 Wednesday,下午4:50,TSA,晚上8:40,HND,全日空航空,直達航班。,Non-stop,2 小時 50 分鐘,No,Boeing 787,NH 854,商務艙,"$33,747"
2025-02-26 Wednesday,下午3:00,TPE,晚上7:00,NRT,星宇航空,直達航班。,Non-stop,3 小時,No,Airbus A321neo,JX 804,商務艙,"$41,193"
2025-02-26 Wednesday,上午9:30,TSA,下午1:20,HND,日本航空,直達航班。,Non-stop,2 小時 50 分鐘,No,Boeing 787,JL 96,商務艙,"$43,440"
2025-02-26 Wednesday,下午3:35,TSA,晚上7:25,HND,日本航空,直達航班。,Non-stop,2 小時 50 分鐘,No,Boeing 787,JL 98,商務艙,"$43,440"
出發日期,出發時間,出發機場代號,抵達時間,抵達機場代號,航空公司,停靠站數量,停留時間,飛行時間,是否過夜,機型,航班代碼,艙等,價格
2025-02-27 Thursday,中午12:50,TPE,下午4:50,NRT,國泰航空,直達航班。,Non-stop,3 小時,No,Boeing 777,CX 450,商務艙,"$22,276"
2025-02-27 Thursday,下午2:35,TPE,下午6:40,NRT,中華航空,直達航班。,Non-stop,3 小時 5 分鐘,No,Airbus A330,CI 108,商務艙,"$24,044"
2025-02-27 Thursday,下午1:25,TPE,下午5:30,NRT,日本航空,直達航班。,Non-stop,3 小時 5 分鐘,No,Boeing 767,JL 8664,商務艙,"$25,040"
2025-02-27 Thursday,上午8:50,TPE,中午12:55,NRT,長榮航空,直達航班。,Non-stop,3 小時 5 分鐘,No,Boeing 787-10,BR 198,商務艙,"$25,620"
2025-02-27 Thursday,清晨7:55,TPE,中午12:00,NRT,長榮航空,直達航班。,Non-stop,3 小時 5 分鐘,No,Boeing 787-10,BR 184,商務艙,"$25,620"
2025-02-27 Thursday,中午12:35,TPE,下午4:35,NRT,中華航空,直達航班。,Non-stop,3 小時,No,Airbus A330,CI 104,商務艙,"$25,620"
2025-02-27 Thursday,下午3:20,TPE,晚上7:20,NRT,長榮航空,直達航班。,Non-stop,3 小時,No,Boeing 787-10,BR 196,商務艙,"$25,620"
2025-02-27 Thursday,上午8:30,TPE,中午12:30,NRT,星宇航空,直達航班。,Non-stop,3 小時,No,Airbus A350,JX 800,商務艙,"$32,681"
2025-02-27 Thursday,下午3:00,TPE,晚上7:00,NRT,星宇航空,直達航班。,Non-stop,3 小時,No,Airbus A321neo,JX 804,商務艙,"$32,681"
2025-02-27 Thursday,上午9:30,TPE,下午1:30,NRT,中華航空,直達航班。,Non-stop,3 小時,No,Airbus A350,CI 100,商務艙,"$33,249"
2025-02-27 Thursday,下午1:30,TSA,下午5:30,HND,全日空航空,直達航班。,Non-stop,3 小時,No,Boeing 787,NH 852,商務艙,"$33,747"
2025-02-27 Thursday,下午6:25,TSA,晚上10:15,HND,中華航空,直達航班。,Non-stop,2 小時 50 分鐘,No,Airbus A330,CI 222,商務艙,"$33,879"
2025-02-27 Thursday,上午10:35,TPE,下午2:40,NRT,日本航空,直達航班。,Non-stop,3 小時 5 分鐘,No,Boeing 787,JL 802,商務艙,"$33,940"
2025-02-27 Thursday,上午9:30,TSA,下午1:20,HND,日本航空,直達航班。,Non-stop,2 小時 50 分鐘,No,Boeing 787,JL 96,商務艙,"$34,940"
2025-02-27 Thursday,上午10:15,TPE,下午2:15,NRT,星宇航空,直達航班。,Non-stop,3 小時,No,Airbus A350,JX 802,商務艙,"$41,193"
2025-02-27 Thursday,下午4:50,TSA,晚上8:40,HND,全日空航空,直達航班。,Non-stop,2 小時 50 分鐘,No,Boeing 787,NH 854,商務艙,"$43,547"
2025-02-27 Thursday,下午4:30,TSA,晚上8:20,HND,長榮航空,直達航班。,Non-stop,2 小時 50 分鐘,No,Boeing 787-10,BR 190,商務艙,"$43,901"
出發日期,出發時間,出發機場代號,抵達時間,抵達機場代號,航空公司,停靠站數量,停留時間,飛行時間,是否過夜,機型,航班代碼,艙等,價格
2025-02-28 Friday,中午12:50,TPE,下午4:50,NRT,國泰航空,直達航班。,Non-stop,3 小時,No,Boeing 777,CX 450,商務艙,"$22,276"
2025-02-28 Friday,下午2:35,TPE,下午6:40,NRT,中華航空,直達航班。,Non-stop,3 小時 5 分鐘,No,Airbus A330,CI 108,商務艙,"$24,044"
2025-02-28 Friday,下午1:25,TPE,下午5:30,NRT,日本航空,直達航班。,Non-stop,3 小時 5 分鐘,No,Boeing 767,JL 8664,商務艙,"$25,040"
2025-02-28 Friday,下午3:00,TPE,晚上7:00,NRT,星宇航空,直達航班。,Non-stop,3 小時,No,Airbus A321neo,JX 804,商務艙,"$25,052"
2025-02-28 Friday,上午8:50,TPE,中午12:55,NRT,長榮航空,直達航班。,Non-stop,3 小時 5 分鐘,No,Boeing 787-10,BR 198,商務艙,"$25,620"
2025-02-28 Friday,下午4:25,TPE,晚上8:25,NRT,中華航空,直達航班。,Non-stop,3 小時,No,Airbus A321neo,CI 106,商務艙,"$24,044"
2025-02-28 Friday,清晨7:55,TPE,中午12:00,NRT,長榮航空,直達航班。,Non-stop,3 小時 5 分鐘,No,Boeing 787-10,BR 184,商務艙,"$25,620"
2025-02-28 Friday,中午12:35,TPE,下午4:35,NRT,中華航空,直達航班。,Non-stop,3 小時,No,Airbus A321neo,CI 104,商務艙,"$25,620"
2025-02-28 Friday,下午3:20,TPE,晚上7:20,NRT,長榮航空,直達航班。,Non-stop,3 小時,No,Boeing 787-10,BR 196,商務艙,"$25,620"
2025-02-28 Friday,下午6:25,TSA,晚上10:15,HND,中華航空,直達航班。,Non-stop,2 小時 50 分鐘,No,Airbus A330,CI 222,商務艙,"$26,566"
2025-02-28 Friday,上午9:30,TPE,下午1:30,NRT,中華航空,直達航班。,Non-stop,3 小時,No,Airbus A330,CI 100,商務艙,"$33,249"
2025-02-28 Friday,下午1:30,TSA,下午5:30,HND,全日空航空,直達航班。,Non-stop,3 小時,No,Boeing 787,NH 852,商務艙,"$33,747"
2025-02-28 Friday,下午4:50,TSA,晚上8:40,HND,全日空航空,直達航班。,Non-stop,2 小時 50 分鐘,No,Boeing 787,NH 854,商務艙,"$33,747"
2025-02-28 Friday,上午10:35,TPE,下午2:40,NRT,日本航空,直達航班。,Non-stop,3 小時 5 分鐘,No,Boeing 787,JL 802,商務艙,"$33,940"
2025-02-28 Friday,下午4:30,TSA,晚上8:20,HND,長榮航空,直達航班。,Non-stop,2 小時 50 分鐘,No,Boeing 787-10,BR 190,商務艙,"$34,384"
2025-02-28 Friday,上午8:30,TPE,中午12:30,NRT,星宇航空,直達航班。,Non-stop,3 小時,No,Airbus A350,JX 800,商務艙,"$41,193"
2025-02-28 Friday,上午10:15,TPE,下午2:15,NRT,星宇航空,直達航班。,Non-stop,3 小時,No,Airbus A350,JX 802,商務艙,"$41,193"
2025-02-28 Friday,上午9:00,TSA,中午12:50,HND,中華航空,直達航班。,Non-stop,2 小時 50 分鐘,No,Airbus A330,CI 220,商務艙,"$42,013"
2025-02-28 Friday,清晨7:15,TSA,上午11:05,HND,長榮航空,直達航班。,Non-stop,2 小時 50 分鐘,No,Boeing 787-10,BR 192,商務艙,"$43,901"
2025-02-28 Friday,下午3:35,TSA,晚上7:25,HND,日本航空,直達航班。,Non-stop,2 小時 50 分鐘,No,Boeing 787,JL 98,商務艙,"$44,040"
出發日期,出發時間,出發機場代號,抵達時間,抵達機場代號,航空公司,停靠站數量,停留時間,飛行時間,是否過夜,機型,航班代碼,艙等,價格
2025-03-01 Saturday,中午12:50,TPE,下午4:50,NRT,國泰航空,直達航班。,Non-stop,3 小時,No,Boeing 777,CX 450,商務艙,"$19,696"
2025-03-01 Saturday,下午2:35,TPE,下午6:40,NRT,中華航空,直達航班。,Non-stop,3 小時 5 分鐘,No,Airbus A321neo,CI 108,商務艙,"$23,413"
2025-03-01 Saturday,上午10:15,TPE,下午2:15,NRT,星宇航空,直達航班。,Non-stop,3 小時,No,Airbus A350,JX 802,商務艙,"$25,052"
2025-03-01 Saturday,上午9:30,TPE,下午1:30,NRT,中華航空,直達航班。,Non-stop,3 小時,No,Boeing 777,CI 100,商務艙,"$24,989"
2025-03-01 Saturday,中午12:35,TPE,下午4:35,NRT,中華航空,直達航班。,Non-stop,3 小時,No,Airbus A350,CI 104,商務艙,"$24,989"
2025-03-01 Saturday,下午3:00,TPE,晚上7:00,NRT,星宇航空,直達航班。,Non-stop,3 小時,No,Airbus A321neo,JX 804,商務艙,"$25,052"
2025-03-01 Saturday,下午6:25,TSA,晚上10:15,HND,中華航空,直達航班。,Non-stop,2 小時 50 分鐘,No,Airbus A330,CI 222,商務艙,"$25,305"
2025-03-01 Saturday,清晨7:55,TPE,中午12:00,NRT,長榮航空,直達航班。,Non-stop,3 小時 5 分鐘,No,Boeing 787-10,BR 184,商務艙,"$25,368"
2025-03-01 Saturday,上午8:50,TPE,中午12:55,NRT,長榮航空,直達航班。,Non-stop,3 小時 5 分鐘,No,Boeing 787-10,BR 198,商務艙,"$25,368"
2025-03-01 Saturday,下午3:20,TPE,晚上7:20,NRT,長榮航空,直達航班。,Non-stop,3 小時,No,Boeing 787-10,BR 196,商務艙,"$25,368"
2025-03-01 Saturday,上午9:00,TSA,中午12:50,HND,中華航空,直達航班。,Non-stop,2 小時 50 分鐘,No,Airbus A330,CI 220,商務艙,"$25,935"
2025-03-01 Saturday,清晨7:15,TSA,上午11:05,HND,長榮航空,直達航班。,Non-stop,2 小時 50 分鐘,No,Boeing 787-10,BR 192,商務艙,"$26,250"
2025-03-01 Saturday,下午4:30,TSA,晚上8:20,HND,長榮航空,直達航班。,Non-stop,2 小時 50 分鐘,No,Boeing 787-10,BR 190,商務艙,"$26,250"
2025-03-01 Saturday,上午10:35,TPE,下午2:40,NRT,日本航空,直達航班。,Non-stop,3 小時 5 分鐘,No,Boeing 787,JL 802,商務艙,"$31,840"
2025-03-01 Saturday,下午1:25,TPE,下午5:30,NRT,日本航空,直達航班。,Non-stop,3 小時 5 分鐘,No,Boeing 767,JL 8664,商務艙,"$31,840"
2025-03-01 Saturday,上午9:30,TSA,下午1:20,HND,日本航空,直達航班。,Non-stop,2 小時 50 分鐘,No,Boeing 787,JL 96,商務艙,"$32,840"
2025-03-01 Saturday,下午3:35,TSA,晚上7:25,HND,日本航空,直達航班。,Non-stop,2 小時 50 分鐘,No,Boeing 787,JL 98,商務艙,"$32,840"
2025-03-01 Saturday,下午1:30,TSA,下午5:30,HND,全日空航空,直達航班。,Non-stop,3 小時,No,Boeing 787,NH 852,商務艙,"$33,747"
2025-03-01 Saturday,下午4:50,TSA,晚上8:40,HND,全日空航空,直達航班。,Non-stop,2 小時 50 分鐘,No,Boeing 787,NH 854,商務艙,"$33,747"
2025-03-01 Saturday,上午8:30,TPE,中午12:30,NRT,星宇航空,直達航班。,Non-stop,3 小時,No,Airbus A350,JX 800,商務艙,"$41,193"
出發日期,出發時間,出發機場代號,抵達時間,抵達機場代號,航空公司,停靠站數量,停留時間,飛行時間,是否過夜,機型,航班代碼,艙等,價格
2025-03-02 Sunday,中午12:50,TPE,下午4:50,NRT,國泰航空,直達航班。,Non-stop,3 小時,No,Boeing 777,CX 450,商務艙,"$19,696"
2025-03-02 Sunday,上午10:35,TPE,下午2:40,NRT,日本航空,直達航班。,Non-stop,3 小時 5 分鐘,No,Boeing 787,JL 802,商務艙,"$22,940"
2025-03-02 Sunday,上午8:30,TPE,中午12:30,NRT,星宇航空,直達航班。,Non-stop,3 小時,No,Airbus A350,JX 800,商務艙,"$25,052"
2025-03-02 Sunday,上午8:50,TPE,中午12:55,NRT,長榮航空,直達航班。,Non-stop,3 小時 5 分鐘,No,Boeing 787-10,BR 198,商務艙,"$25,368"
2025-03-02 Sunday,上午9:00,TSA,中午12:50,HND,中華航空,直達航班。,Non-stop,2 小時 50 分鐘,No,Airbus A330,CI 220,商務艙,"$25,935"
2025-03-02 Sunday,下午1:25,TPE,下午5:30,NRT,日本航空,直達航班。,Non-stop,3 小時 5 分鐘,No,Boeing 767,JL 8664,商務艙,"$22,940"
2025-03-02 Sunday,下午2:35,TPE,下午6:40,NRT,中華航空,直達航班。,Non-stop,3 小時 5 分鐘,No,Airbus A330,CI 108,商務艙,"$23,413"
2025-03-02 Sunday,下午4:25,TPE,晚上8:25,NRT,中華航空,直達航班。,Non-stop,3 小時,No,Airbus A321neo,CI 106,商務艙,"$23,413"
2025-03-02 Sunday,上午9:30,TPE,下午1:30,NRT,中華航空,直達航班。,Non-stop,3 小時,No,Airbus A330,CI 100,商務艙,"$24,989"
2025-03-02 Sunday,中午12:35,TPE,下午4:35,NRT,中華航空,直達航班。,Non-stop,3 小時,No,Airbus A330,CI 104,商務艙,"$24,989"
2025-03-02 Sunday,上午10:15,TPE,下午2:15,NRT,星宇航空,直達航班。,Non-stop,3 小時,No,Airbus A350,JX 802,商務艙,"$25,052"
2025-03-02 Sunday,下午6:25,TSA,晚上10:15,HND,中華航空,直達航班。,Non-stop,2 小時 50 分鐘,No,Airbus A330,CI 222,商務艙,"$25,305"
2025-03-02 Sunday,清晨7:55,TPE,中午12:00,NRT,長榮航空,直達航班。,Non-stop,3 小時 5 分鐘,No,Boeing 787-10,BR 184,商務艙,"$25,368"
2025-03-02 Sunday,下午3:20,TPE,晚上7:20,NRT,長榮航空,直達航班。,Non-stop,3 小時,No,Boeing 787-10,BR 196,商務艙,"$25,368"
2025-03-02 Sunday,清晨7:15,TSA,上午11:05,HND,長榮航空,直達航班。,Non-stop,2 小時 50 分鐘,No,Boeing 787-10,BR 192,商務艙,"$26,250"
2025-03-02 Sunday,下午4:30,TSA,晚上8:20,HND,長榮航空,直達航班。,Non-stop,2 小時 50 分鐘,No,Boeing 787-10,BR 190,商務艙,"$26,250"
2025-03-02 Sunday,下午3:00,TPE,晚上7:00,NRT,星宇航空,直達航班。,Non-stop,3 小時,No,Airbus A321neo,JX 804,商務艙,"$32,681"
2025-03-02 Sunday,下午3:35,TSA,晚上7:25,HND,日本航空,直達航班。,Non-stop,2 小時 50 分鐘,No,Boeing 787,JL 98,商務艙,"$32,840"
2025-03-02 Sunday,下午1:30,TSA,下午5:30,HND,全日空航空,直達航班。,Non-stop,3 小時,No,Boeing 787,NH 852,商務艙,"$33,747"
2025-03-02 Sunday,下午4:50,TSA,晚上8:40,HND,全日空航空,直達航班。,Non-stop,2 小時 50 分鐘,No,Boeing 787,NH 854,商務艙,"$33,747"
2025-03-02 Sunday,上午9:30,TSA,下午1:20,HND,日本航空,直達航班。,Non-stop,2 小時 50 分鐘,No,Boeing 787,JL 96,商務艙,"$41,571"
出發日期,出發時間,出發機場代號,抵達時間,抵達機場代號,航空公司,停靠站數量,停留時間,飛行時間,是否過夜,機型,航班代碼,艙等,價格
2025-03-03 Monday,中午12:50,TPE,下午4:50,NRT,國泰航空,直達航班。,Non-stop,3 小時,No,Boeing 777,CX 450,商務艙,"$19,696"
2025-03-03 Monday,上午10:35,TPE,下午2:40,NRT,日本航空,直達航班。,Non-stop,3 小時 5 分鐘,No,Boeing 787,JL 802,商務艙,"$22,940"
2025-03-03 Monday,上午8:30,TPE,中午12:30,NRT,星宇航空,直達航班。,Non-stop,3 小時,No,Airbus A350,JX 800,商務艙,"$25,052"
2025-03-03 Monday,下午1:25,TPE,下午5:30,NRT,日本航空,直達航班。,Non-stop,3 小時 5 分鐘,No,Boeing 767,JL 8664,商務艙,"$22,940"
2025-03-03 Monday,下午2:35,TPE,下午6:40,NRT,中華航空,直達航班。,Non-stop,3 小時 5 分鐘,No,Airbus A321neo,CI 108,商務艙,"$23,413"
2025-03-03 Monday,上午9:30,TPE,下午1:30,NRT,中華航空,直達航班。,Non-stop,3 小時,No,Airbus A330,CI 100,商務艙,"$24,989"
2025-03-03 Monday,中午12:35,TPE,下午4:35,NRT,中華航空,直達航班。,Non-stop,3 小時,No,Airbus A321neo,CI 104,商務艙,"$24,989"
2025-03-03 Monday,上午10:15,TPE,下午2:15,NRT,星宇航空,直達航班。,Non-stop,3 小時,No,Airbus A350,JX 802,商務艙,"$25,052"
2025-03-03 Monday,下午3:00,TPE,晚上7:00,NRT,星宇航空,直達航班。,Non-stop,3 小時,No,Airbus A321neo,JX 804,商務艙,"$25,052"
2025-03-03 Monday,下午6:25,TSA,晚上10:15,HND,中華航空,直達航班。,Non-stop,2 小時 50 分鐘,No,Airbus A330,CI 222,商務艙,"$25,305"
2025-03-03 Monday,清晨7:55,TPE,中午12:00,NRT,長榮航空,直達航班。,Non-stop,3 小時 5 分鐘,No,Boeing 787-10,BR 184,商務艙,"$25,368"
2025-03-03 Monday,上午8:50,TPE,中午12:55,NRT,長榮航空,直達航班。,Non-stop,3 小時 5 分鐘,No,Boeing 787-10,BR 198,商務艙,"$25,368"
2025-03-03 Monday,下午3:20,TPE,晚上7:20,NRT,長榮航空,直達航班。,Non-stop,3 小時,No,Boeing 787-10,BR 196,商務艙,"$25,368"
2025-03-03 Monday,清晨7:15,TSA,上午11:05,HND,長榮航空,直達航班。,Non-stop,2 小時 50 分鐘,No,Boeing 787-10,BR 192,商務艙,"$26,250"
2025-03-03 Monday,下午4:30,TSA,晚上8:20,HND,長榮航空,直達航班。,Non-stop,2 小時 50 分鐘,No,Boeing 787-10,BR 190,商務艙,"$26,250"
2025-03-03 Monday,上午9:30,TSA,下午1:20,HND,日本航空,直達航班。,Non-stop,2 小時 50 分鐘,No,Boeing 787,JL 96,商務艙,"$32,840"
2025-03-03 Monday,上午9:00,TSA,中午12:50,HND,中華航空,直達航班。,Non-stop,2 小時 50 分鐘,No,Airbus A330,CI 220,商務艙,"$33,438"
2025-03-03 Monday,下午1:30,TSA,下午5:30,HND,全日空航空,直達航班。,Non-stop,3 小時,No,Boeing 787,NH 852,商務艙,"$33,747"
2025-03-03 Monday,下午4:50,TSA,晚上8:40,HND,全日空航空,直達航班。,Non-stop,2 小時 50 分鐘,No,Boeing 787,NH 854,商務艙,"$33,747"
2025-03-03 Monday,下午3:35,TSA,晚上7:25,HND,日本航空,直達航班。,Non-stop,2 小時 50 分鐘,No,Boeing 787,JL 98,商務艙,"$41,571"
出發日期,出發時間,出發機場代號,抵達時間,抵達機場代號,航空公司,停靠站數量,停留時間,飛行時間,是否過夜,機型,航班代碼,艙等,價格
2025-03-04 Tuesday,中午12:50,TPE,下午4:50,NRT,國泰航空,直達航班。,Non-stop,3 小時,No,Boeing 777,CX 450,商務艙,"$19,696"
2025-03-04 Tuesday,上午10:35,TPE,下午2:40,NRT,日本航空,直達航班。,Non-stop,3 小時 5 分鐘,No,Boeing 787,JL 802,商務艙,"$22,940"
2025-03-04 Tuesday,上午8:30,TPE,中午12:30,NRT,星宇航空,直達航班。,Non-stop,3 小時,No,Airbus A350,JX 800,商務艙,"$25,052"
2025-03-04 Tuesday,下午1:25,TPE,下午5:30,NRT,日本航空,直達航班。,Non-stop,3 小時 5 分鐘,No,Boeing 767,JL 8664,商務艙,"$22,940"
2025-03-04 Tuesday,下午2:35,TPE,下午6:40,NRT,中華航空,直達航班。,Non-stop,3 小時 5 分鐘,No,Airbus A330,CI 108,商務艙,"$23,413"
2025-03-04 Tuesday,上午9:30,TPE,下午1:30,NRT,中華航空,直達航班。,Non-stop,3 小時,No,Airbus A350,CI 100,商務艙,"$24,989"
2025-03-04 Tuesday,中午12:35,TPE,下午4:35,NRT,中華航空,直達航班。,Non-stop,3 小時,No,Boeing 777,CI 104,商務艙,"$24,989"
2025-03-04 Tuesday,上午10:15,TPE,下午2:15,NRT,星宇航空,直達航班。,Non-stop,3 小時,No,Airbus A350,JX 802,商務艙,"$25,052"
2025-03-04 Tuesday,下午3:00,TPE,晚上7:00,NRT,星宇航空,直達航班。,Non-stop,3 小時,No,Airbus A321neo,JX 804,商務艙,"$25,052"
2025-03-04 Tuesday,下午6:25,TSA,晚上10:15,HND,中華航空,直達航班。,Non-stop,2 小時 50 分鐘,No,Airbus A330,CI 222,商務艙,"$25,305"
2025-03-04 Tuesday,清晨7:55,TPE,中午12:00,NRT,長榮航空,直達航班。,Non-stop,3 小時 5 分鐘,No,Boeing 787-10,BR 184,商務艙,"$25,368"
2025-03-04 Tuesday,上午8:50,TPE,中午12:55,NRT,長榮航空,直達航班。,Non-stop,3 小時 5 分鐘,No,Boeing 787-10,BR 198,商務艙,"$25,368"
2025-03-04 Tuesday,下午3:20,TPE,晚上7:20,NRT,長榮航空,直達航班。,Non-stop,3 小時,No,Boeing 787-10,BR 196,商務艙,"$25,368"
2025-03-04 Tuesday,清晨7:15,TSA,上午11:05,HND,長榮航空,直達航班。,Non-stop,2 小時 50 分鐘,No,Boeing 787-10,BR 192,商務艙,"$26,250"
2025-03-04 Tuesday,下午4:30,TSA,晚上8:20,HND,長榮航空,直達航班。,Non-stop,2 小時 50 分鐘,No,Boeing 787-10,BR 190,商務艙,"$26,250"
2025-03-04 Tuesday,上午9:30,TSA,下午1:20,HND,日本航空,直達航班。,Non-stop,2 小時 50 分鐘,No,Boeing 787,JL 96,商務艙,"$32,840"
2025-03-04 Tuesday,下午3:35,TSA,晚上7:25,HND,日本航空,直達航班。,Non-stop,2 小時 50 分鐘,No,Boeing 787,JL 98,商務艙,"$32,840"
2025-03-04 Tuesday,下午1:30,TSA,下午5:30,HND,全日空航空,直達航班。,Non-stop,3 小時,No,Boeing 787,NH 852,商務艙,"$33,747"
2025-03-04 Tuesday,下午4:50,TSA,晚上8:40,HND,全日空航空,直達航班。,Non-stop,2 小時 50 分鐘,No,Boeing 787,NH 854,商務艙,"$33,747"
出發日期,出發時間,出發機場代號,抵達時間,抵達機場代號,航空公司,停靠站數量,停留時間,飛行時間,是否過夜,機型,航班代碼,艙等,價格
2025-03-05 Wednesday,中午12:50,TPE,下午4:50,NRT,國泰航空,直達航班。,Non-stop,3 小時,No,Boeing 777,CX 450,商務艙,"$19,696"
2025-03-05 Wednesday,上午10:35,TPE,下午2:40,NRT,日本航空,直達航班。,Non-stop,3 小時 5 分鐘,No,Boeing 787,JL 802,商務艙,"$22,940"
2025-03-05 Wednesday,下午2:35,TPE,下午6:40,NRT,中華航空,直達航班。,Non-stop,3 小時 5 分鐘,No,Airbus A321neo,CI 108,商務艙,"$23,413"
2025-03-05 Wednesday,上午8:30,TPE,中午12:30,NRT,星宇航空,直達航班。,Non-stop,3 小時,No,Airbus A350,JX 800,商務艙,"$25,052"
2025-03-05 Wednesday,上午8:50,TPE,中午12:55,NRT,長榮航空,直達航班。,Non-stop,3 小時 5 分鐘,No,Boeing 787-10,BR 198,商務艙,"$25,368"
2025-03-05 Wednesday,下午1:25,TPE,下午5:30,NRT,日本航空,直達航班。,Non-stop,3 小時 5 分鐘,No,Boeing 767,JL 8664,商務艙,"$22,940"
2025-03-05 Wednesday,下午4:25,TPE,晚上8:25,NRT,中華航空,直達航班。,Non-stop,3 小時,No,Airbus A321neo,CI 106,商務艙,"$23,413"
2025-03-05 Wednesday,上午9:30,TPE,下午1:30,NRT,中華航空,直達航班。,Non-stop,3 小時,No,Airbus A330,CI 100,商務艙,"$24,989"
2025-03-05 Wednesday,中午12:35,TPE,下午4:35,NRT,中華航空,直達航班。,Non-stop,3 小時,No,Airbus A321neo,CI 104,商務艙,"$24,989"
2025-03-05 Wednesday,下午3:00,TPE,晚上7:00,NRT,星宇航空,直達航班。,Non-stop,3 小時,No,Airbus A321neo,JX 804,商務艙,"$25,052"
2025-03-05 Wednesday,下午6:25,TSA,晚上10:15,HND,中華航空,直達航班。,Non-stop,2 小時 50 分鐘,No,Airbus A330,CI 222,商務艙,"$25,305"
2025-03-05 Wednesday,清晨7:55,TPE,中午12:00,NRT,長榮航空,直達航班。,Non-stop,3 小時 5 分鐘,No,Boeing 787-10,BR 184,商務艙,"$25,368"
2025-03-05 Wednesday,下午3:20,TPE,晚上7:20,NRT,長榮航空,直達航班。,Non-stop,3 小時,No,Boeing 787-10,BR 196,商務艙,"$25,368"
2025-03-05 Wednesday,上午9:00,TSA,中午12:50,HND,中華航空,直達航班。,Non-stop,2 小時 50 分鐘,No,Airbus A330,CI 220,商務艙,"$25,935"
2025-03-05 Wednesday,清晨7:15,TSA,上午11:05,HND,長榮航空,直達航班。,Non-stop,2 小時 50 分鐘,No,Boeing 787-10,BR 192,商務艙,"$26,250"
2025-03-05 Wednesday,下午4:30,TSA,晚上8:20,HND,長榮航空,直達航班。,Non-stop,2 小時 50 分鐘,No,Boeing 787-10,BR 190,商務艙,"$26,250"
2025-03-05 Wednesday,上午10:15,TPE,下午2:15,NRT,星宇航空,直達航班。,Non-stop,3 小時,No,Airbus A350,JX 802,商務艙,"$32,681"
2025-03-05 Wednesday,上午9:30,TSA,下午1:20,HND,日本航空,直達航班。,Non-stop,2 小時 50 分鐘,No,Boeing 787,JL 96,商務艙,"$32,840"
2025-03-05 Wednesday,下午3:35,TSA,晚上7:25,HND,日本航空,直達航班。,Non-stop,2 小時 50 分鐘,No,Boeing 787,JL 98,商務艙,"$32,840"
2025-03-05 Wednesday,下午1:30,TSA,下午5:30,HND,全日空航空,直達航班。,Non-stop,3 小時,No,Boeing 787,NH 852,商務艙,"$33,747"
2025-03-05 Wednesday,下午4:50,TSA,晚上8:40,HND,全日空航空,直達航班。,Non-stop,2 小時 50 分鐘,No,Boeing 787,NH 854,商務艙,"$33,747"
出發日期,出發時間,出發機場代號,抵達時間,抵達機場代號,航空公司,停靠站數量,停留時間,飛行時間,是否過夜,機型,航班代碼,艙等,價格
2025-03-06 Thursday,中午12:50,TPE,下午4:50,NRT,國泰航空,直達航班。,Non-stop,3 小時,No,Boeing 777,CX 450,商務艙,"$19,696"
2025-03-06 Thursday,上午10:35,TPE,下午2:40,NRT,日本航空,直達航班。,Non-stop,3 小時 5 分鐘,No,Boeing 787,JL 802,商務艙,"$22,940"
2025-03-06 Thursday,下午2:35,TPE,下午6:40,NRT,中華航空,直達航班。,Non-stop,3 小時 5 分鐘,No,Airbus A330,CI 108,商務艙,"$23,413"
2025-03-06 Thursday,上午8:30,TPE,中午12:30,NRT,星宇航空,直達航班。,Non-stop,3 小時,No,Airbus A350,JX 800,商務艙,"$25,052"
2025-03-06 Thursday,上午8:50,TPE,中午12:55,NRT,長榮航空,直達航班。,Non-stop,3 小時 5 分鐘,No,Boeing 787-10,BR 198,商務艙,"$25,368"
2025-03-06 Thursday,下午1:25,TPE,下午5:30,NRT,日本航空,直達航班。,Non-stop,3 小時 5 分鐘,No,Boeing 767,JL 8664,商務艙,"$22,940"
2025-03-06 Thursday,上午9:30,TPE,下午1:30,NRT,中華航空,直達航班。,Non-stop,3 小時,No,Airbus A330,CI 100,商務艙,"$24,989"
2025-03-06 Thursday,中午12:35,TPE,下午4:35,NRT,中華航空,直達航班。,Non-stop,3 小時,No,Airbus A350,CI 104,商務艙,"$24,989"
2025-03-06 Thursday,上午10:15,TPE,下午2:15,NRT,星宇航空,直達航班。,Non-stop,3 小時,No,Airbus A350,JX 802,商務艙,"$25,052"
2025-03-06 Thursday,下午3:00,TPE,晚上7:00,NRT,星宇航空,直達航班。,Non-stop,3 小時,No,Airbus A321neo,JX 804,商務艙,"$25,052"
2025-03-06 Thursday,下午6:25,TSA,晚上10:15,HND,中華航空,直達航班。,Non-stop,2 小時 50 分鐘,No,Airbus A330,CI 222,商務艙,"$25,305"
2025-03-06 Thursday,清晨7:55,TPE,中午12:00,NRT,長榮航空,直達航班。,Non-stop,3 小時 5 分鐘,No,Boeing 787-10,BR 184,商務艙,"$25,368"
2025-03-06 Thursday,下午3:20,TPE,晚上7:20,NRT,長榮航空,直達航班。,Non-stop,3 小時,No,Boeing 787-10,BR 196,商務艙,"$25,368"
2025-03-06 Thursday,清晨7:15,TSA,上午11:05,HND,長榮航空,直達航班。,Non-stop,2 小時 50 分鐘,No,Boeing 787-10,BR 192,商務艙,"$26,250"
2025-03-06 Thursday,下午4:30,TSA,晚上8:20,HND,長榮航空,直達航班。,Non-stop,2 小時 50 分鐘,No,Boeing 787-10,BR 190,商務艙,"$26,250"
2025-03-06 Thursday,下午3:35,TSA,晚上7:25,HND,日本航空,直達航班。,Non-stop,2 小時 50 分鐘,No,Boeing 787,JL 98,商務艙,"$32,840"
2025-03-06 Thursday,上午9:00,TSA,中午12:50,HND,中華航空,直達航班。,Non-stop,2 小時 50 分鐘,No,Airbus A330,CI 220,商務艙,"$33,438"
2025-03-06 Thursday,下午1:30,TSA,下午5:30,HND,全日空航空,直達航班。,Non-stop,3 小時,No,Boeing 787,NH 852,商務艙,"$33,747"
2025-03-06 Thursday,下午4:50,TSA,晚上8:40,HND,全日空航空,直達航班。,Non-stop,2 小時 50 分鐘,No,Boeing 787,NH 854,商務艙,"$33,747"
出發日期,出發時間,出發機場代號,抵達時間,抵達機場代號,航空公司,停靠站數量,停留時間,飛行時間,是否過夜,機型,航班代碼,艙等,價格
2025-03-07 Friday,中午12:50,TPE,下午4:50,NRT,國泰航空,直達航班。,Non-stop,3 小時,No,Boeing 777,CX 450,商務艙,"$19,696"
2025-03-07 Friday,上午10:35,TPE,下午2:40,NRT,日本航空,直達航班。,Non-stop,3 小時 5 分鐘,No,Boeing 787,JL 802,商務艙,"$22,940"
2025-03-07 Friday,下午2:35,TPE,下午6:40,NRT,中華航空,直達航班。,Non-stop,3 小時 5 分鐘,No,Airbus A321neo,CI 108,商務艙,"$23,413"
2025-03-07 Friday,上午8:30,TPE,中午12:30,NRT,星宇航空,直達航班。,Non-stop,3 小時,No,Airbus A350,JX 800,商務艙,"$25,052"
2025-03-07 Friday,上午8:50,TPE,中午12:55,NRT,長榮航空,直達航班。,Non-stop,3 小時 5 分鐘,No,Boeing 787-10,BR 198,商務艙,"$25,368"
2025-03-07 Friday,下午1:25,TPE,下午5:30,NRT,日本航空,直達航班。,Non-stop,3 小時 5 分鐘,No,Boeing 767,JL 8664,商務艙,"$22,940"
2025-03-07 Friday,下午4:25,TPE,晚上8:25,NRT,中華航空,直達航班。,Non-stop,3 小時,No,Airbus A321neo,CI 106,商務艙,"$23,413"
2025-03-07 Friday,上午9:30,TPE,下午1:30,NRT,中華航空,直達航班。,Non-stop,3 小時,No,Airbus A330,CI 100,商務艙,"$24,989"
2025-03-07 Friday,中午12:35,TPE,下午4:35,NRT,中華航空,直達航班。,Non-stop,3 小時,No,Airbus A321neo,CI 104,商務艙,"$24,989"
2025-03-07 Friday,上午10:15,TPE,下午2:15,NRT,星宇航空,直達航班。,Non-stop,3 小時,No,Airbus A350,JX 802,商務艙,"$25,052"
2025-03-07 Friday,下午6:25,TSA,晚上10:15,HND,中華航空,直達航班。,Non-stop,2 小時 50 分鐘,No,Airbus A330,CI 222,商務艙,"$25,305"
2025-03-07 Friday,清晨7:55,TPE,中午12:00,NRT,長榮航空,直達航班。,Non-stop,3 小時 5 分鐘,No,Boeing 787-10,BR 184,商務艙,"$25,368"
2025-03-07 Friday,下午3:20,TPE,晚上7:20,NRT,長榮航空,直達航班。,Non-stop,3 小時,No,Boeing 787-10,BR 196,商務艙,"$25,368"
2025-03-07 Friday,上午9:00,TSA,中午12:50,HND,中華航空,直達航班。,Non-stop,2 小時 50 分鐘,No,Airbus A330,CI 220,商務艙,"$25,935"
2025-03-07 Friday,清晨7:15,TSA,上午11:05,HND,長榮航空,直達航班。,Non-stop,2 小時 50 分鐘,No,Boeing 787-10,BR 192,商務艙,"$26,250"
2025-03-07 Friday,下午4:30,TSA,晚上8:20,HND,長榮航空,直達航班。,Non-stop,2 小時 50 分鐘,No,Boeing 787-10,BR 190,商務艙,"$26,250"
2025-03-07 Friday,下午3:00,TPE,晚上7:00,NRT,星宇航空,直達航班。,Non-stop,3 小時,No,Airbus A321neo,JX 804,商務艙,"$32,681"
2025-03-07 Friday,上午9:30,TSA,下午1:20,HND,日本航空,直達航班。,Non-stop,2 小時 50 分鐘,No,Boeing 787,JL 96,商務艙,"$32,840"
2025-03-07 Friday,下午3:35,TSA,晚上7:25,HND,日本航空,直達航班。,Non-stop,2 小時 50 分鐘,No,Boeing 787,JL 98,商務艙,"$32,840"
2025-03-07 Friday,下午1:30,TSA,下午5:30,HND,全日空航空,直達航班。,Non-stop,3 小時,No,Boeing 787,NH 852,商務艙,"$33,747"
2025-03-07 Friday,下午4:50,TSA,晚上8:40,HND,全日空航空,直達航班。,Non-stop,2 小時 50 分鐘,No,Boeing 787,NH 854,商務艙,"$33,747"
出發日期,出發時間,出發機場代號,抵達時間,抵達機場代號,航空公司,停靠站數量,停留時間,飛行時間,是否過夜,機型,航班代碼,艙等,價格
2025-03-08 Saturday,中午12:50,TPE,下午4:50,NRT,國泰航空,直達航班。,Non-stop,3 小時,No,Boeing 777,CX 450,商務艙,"$19,696"
2025-03-08 Saturday,上午10:35,TPE,下午2:40,NRT,日本航空,直達航班。,Non-stop,3 小時 5 分鐘,No,Boeing 787,JL 802,商務艙,"$22,940"
2025-03-08 Saturday,上午8:30,TPE,中午12:30,NRT,星宇航空,直達航班。,Non-stop,3 小時,No,Airbus A350,JX 800,商務艙,"$25,052"
2025-03-08 Saturday,下午1:25,TPE,下午5:30,NRT,日本航空,直達航班。,Non-stop,3 小時 5 分鐘,No,Boeing 767,JL 8664,商務艙,"$22,940"
2025-03-08 Saturday,下午2:35,TPE,下午6:40,NRT,中華航空,直達航班。,Non-stop,3 小時 5 分鐘,No,Airbus A321neo,CI 108,商務艙,"$23,413"
2025-03-08 Saturday,上午9:30,TPE,下午1:30,NRT,中華航空,直達航班。,Non-stop,3 小時,No,Boeing 777,CI 100,商務艙,"$24,989"
2025-03-08 Saturday,中午12:35,TPE,下午4:35,NRT,中華航空,直達航班。,Non-stop,3 小時,No,Airbus A350,CI 104,商務艙,"$24,989"
2025-03-08 Saturday,上午10:15,TPE,下午2:15,NRT,星宇航空,直達航班。,Non-stop,3 小時,No,Airbus A350,JX 802,商務艙,"$25,052"
2025-03-08 Saturday,下午3:00,TPE,晚上7:00,NRT,星宇航空,直達航班。,Non-stop,3 小時,No,Airbus A321neo,JX 804,商務艙,"$25,052"
2025-03-08 Saturday,下午6:25,TSA,晚上10:15,HND,中華航空,直達航班。,Non-stop,2 小時 50 分鐘,No,Airbus A330,CI 222,商務艙,"$25,305"
2025-03-08 Saturday,清晨7:55,TPE,中午12:00,NRT,長榮航空,直達航班。,Non-stop,3 小時 5 分鐘,No,Boeing 787-10,BR 184,商務艙,"$25,368"
2025-03-08 Saturday,上午8:50,TPE,中午12:55,NRT,長榮航空,直達航班。,Non-stop,3 小時 5 分鐘,No,Boeing 787-10,BR 198,商務艙,"$25,368"
2025-03-08 Saturday,下午3:20,TPE,晚上7:20,NRT,長榮航空,直達航班。,Non-stop,3 小時,No,Boeing 787-10,BR 196,商務艙,"$25,368"
2025-03-08 Saturday,上午9:00,TSA,中午12:50,HND,中華航空,直達航班。,Non-stop,2 小時 50 分鐘,No,Airbus A330,CI 220,商務艙,"$25,935"
2025-03-08 Saturday,清晨7:15,TSA,上午11:05,HND,長榮航空,直達航班。,Non-stop,2 小時 50 分鐘,No,Boeing 787-10,BR 192,商務艙,"$26,250"
2025-03-08 Saturday,下午4:30,TSA,晚上8:20,HND,長榮航空,直達航班。,Non-stop,2 小時 50 分鐘,No,Boeing 787-10,BR 190,商務艙,"$26,250"
2025-03-08 Saturday,上午9:30,TSA,下午1:20,HND,日本航空,直達航班。,Non-stop,2 小時 50 分鐘,No,Boeing 787,JL 96,商務艙,"$32,840"
2025-03-08 Saturday,下午3:35,TSA,晚上7:25,HND,日本航空,直達航班。,Non-stop,2 小時 50 分鐘,No,Boeing 787,JL 98,商務艙,"$32,840"
2025-03-08 Saturday,下午1:30,TSA,下午5:30,HND,全日空航空,直達航班。,Non-stop,3 小時,No,Boeing 787,NH 852,商務艙,"$33,747"
2025-03-08 Saturday,下午4:50,TSA,晚上8:40,HND,全日空航空,直達航班。,Non-stop,2 小時 50 分鐘,No,Boeing 787,NH 854,商務艙,"$33,747"
出發日期,出發時間,出發機場代號,抵達時間,抵達機場代號,航空公司,停靠站數量,停留時間,飛行時間,是否過夜,機型,航班代碼,艙等,價格
2025-03-09 Sunday,中午12:50,TPE,下午4:50,NRT,國泰航空,直達航班。,Non-stop,3 小時,No,Boeing 777,CX 450,商務艙,"$19,696"
2025-03-09 Sunday,下午1:25,TPE,下午5:30,NRT,日本航空,直達航班。,Non-stop,3 小時 5 分鐘,No,Boeing 767,JL 8664,商務艙,"$22,940"
2025-03-09 Sunday,上午8:30,TPE,中午12:30,NRT,星宇航空,直達航班。,Non-stop,3 小時,No,Airbus A350,JX 800,商務艙,"$25,052"
2025-03-09 Sunday,上午8:50,TPE,中午12:55,NRT,長榮航空,直達航班。,Non-stop,3 小時 5 分鐘,No,Boeing 787-10,BR 198,商務艙,"$25,368"
2025-03-09 Sunday,上午9:00,TSA,中午12:50,HND,中華航空,直達航班。,Non-stop,2 小時 50 分鐘,No,Airbus A330,CI 220,商務艙,"$25,935"
2025-03-09 Sunday,下午2:35,TPE,下午6:40,NRT,中華航空,直達航班。,Non-stop,3 小時 5 分鐘,No,Airbus A321neo,CI 108,商務艙,"$23,413"
2025-03-09 Sunday,下午4:25,TPE,晚上8:25,NRT,中華航空,直達航班。,Non-stop,3 小時,No,Airbus A321neo,CI 106,商務艙,"$23,413"
2025-03-09 Sunday,上午9:30,TPE,下午1:30,NRT,中華航空,直達航班。,Non-stop,3 小時,No,Airbus A330,CI 100,商務艙,"$24,989"
2025-03-09 Sunday,中午12:35,TPE,下午4:35,NRT,中華航空,直達航班。,Non-stop,3 小時,No,Airbus A330,CI 104,商務艙,"$24,989"
2025-03-09 Sunday,上午10:15,TPE,下午2:15,NRT,星宇航空,直達航班。,Non-stop,3 小時,No,Airbus A350,JX 802,商務艙,"$25,052"
2025-03-09 Sunday,下午6:25,TSA,晚上10:15,HND,中華航空,直達航班。,Non-stop,2 小時 50 分鐘,No,Airbus A330,CI 222,商務艙,"$25,305"
2025-03-09 Sunday,清晨7:55,TPE,中午12:00,NRT,長榮航空,直達航班。,Non-stop,3 小時 5 分鐘,No,Boeing 787-10,BR 184,商務艙,"$25,368"
2025-03-09 Sunday,下午3:20,TPE,晚上7:20,NRT,長榮航空,直達航班。,Non-stop,3 小時,No,Boeing 787-10,BR 196,商務艙,"$25,368"
2025-03-09 Sunday,清晨7:15,TSA,上午11:05,HND,長榮航空,直達航班。,Non-stop,2 小時 50 分鐘,No,Boeing 787-10,BR 192,商務艙,"$26,250"
2025-03-09 Sunday,下午4:30,TSA,晚上8:20,HND,長榮航空,直達航班。,Non-stop,2 小時 50 分鐘,No,Boeing 787-10,BR 190,商務艙,"$26,250"
2025-03-09 Sunday,上午10:35,TPE,下午2:40,NRT,日本航空,直達航班。,Non-stop,3 小時 5 分鐘,No,Boeing 787,JL 802,商務艙,"$31,840"
2025-03-09 Sunday,下午3:00,TPE,晚上7:00,NRT,星宇航空,直達航班。,Non-stop,3 小時,No,Airbus A321neo,JX 804,商務艙,"$32,681"
2025-03-09 Sunday,上午9:30,TSA,下午1:20,HND,日本航空,直達航班。,Non-stop,2 小時 50 分鐘,No,Boeing 787,JL 96,商務艙,"$32,840"
2025-03-09 Sunday,下午3:35,TSA,晚上7:25,HND,日本航空,直達航班。,Non-stop,2 小時 50 分鐘,No,Boeing 787,JL 98,商務艙,"$32,840"
2025-03-09 Sunday,下午1:30,TSA,下午5:30,HND,全日空航空,直達航班。,Non-stop,3 小時,No,Boeing 787,NH 852,商務艙,"$33,747"
2025-03-09 Sunday,下午4:50,TSA,晚上8:40,HND,全日空航空,直達航班。,Non-stop,2 小時 50 分鐘,No,Boeing 787,NH 854,商務艙,"$33,747"
出發日期,出發時間,出發機場代號,抵達時間,抵達機場代號,航空公司,停靠站數量,停留時間,飛行時間,是否過夜,機型,航班代碼,艙等,價格
2025-03-10 Monday,中午12:50,TPE,下午4:50,NRT,國泰航空,直達航班。,Non-stop,3 小時,No,Boeing 777,CX 450,商務艙,"$19,696"
2025-03-10 Monday,上午10:35,TPE,下午2:40,NRT,日本航空,直達航班。,Non-stop,3 小時 5 分鐘,No,Boeing 787,JL 802,商務艙,"$22,940"
2025-03-10 Monday,上午8:30,TPE,中午12:30,NRT,星宇航空,直達航班。,Non-stop,3 小時,No,Airbus A350,JX 800,商務艙,"$25,052"
2025-03-10 Monday,下午2:35,TPE,下午6:40,NRT,中華航空,直達航班。,Non-stop,3 小時 5 分鐘,No,Airbus A321neo,CI 108,商務艙,"$23,413"
2025-03-10 Monday,上午9:30,TPE,下午1:30,NRT,中華航空,直達航班。,Non-stop,3 小時,No,Airbus A330,CI 100,商務艙,"$24,989"
2025-03-10 Monday,中午12:35,TPE,下午4:35,NRT,中華航空,直達航班。,Non-stop,3 小時,No,Airbus A321neo,CI 104,商務艙,"$24,989"
2025-03-10 Monday,上午10:15,TPE,下午2:15,NRT,星宇航空,直達航班。,Non-stop,3 小時,No,Airbus A350,JX 802,商務艙,"$25,052"
2025-03-10 Monday,下午3:00,TPE,晚上7:00,NRT,星宇航空,直達航班。,Non-stop,3 小時,No,Airbus A321neo,JX 804,商務艙,"$25,052"
2025-03-10 Monday,下午6:25,TSA,晚上10:15,HND,中華航空,直達航班。,Non-stop,2 小時 50 分鐘,No,Airbus A330,CI 222,商務艙,"$25,305"
2025-03-10 Monday,下午3:20,TPE,晚上7:20,NRT,長榮航空,直達航班。,Non-stop,3 小時,No,Boeing 787-10,BR 196,商務艙,"$25,368"
2025-03-10 Monday,下午4:30,TSA,晚上8:20,HND,長榮航空,直達航班。,Non-stop,2 小時 50 分鐘,No,Boeing 787-10,BR 190,商務艙,"$26,250"
2025-03-10 Monday,下午3:35,TSA,晚上7:25,HND,日本航空,直達航班。,Non-stop,2 小時 50 分鐘,No,Boeing 787,JL 98,商務艙,"$32,840"
2025-03-10 Monday,清晨7:55,TPE,中午12:00,NRT,長榮航空,直達航班。,Non-stop,3 小時 5 分鐘,No,Boeing 787-10,BR 184,商務艙,"$32,997"
2025-03-10 Monday,上午8:50,TPE,中午12:55,NRT,長榮航空,直達航班。,Non-stop,3 小時 5 分鐘,No,Boeing 787-10,BR 198,商務艙,"$32,997"
2025-03-10 Monday,上午9:00,TSA,中午12:50,HND,中華航空,直達航班。,Non-stop,2 小時 50 分鐘,No,Airbus A330,CI 220,商務艙,"$33,438"
2025-03-10 Monday,下午1:30,TSA,下午5:30,HND,全日空航空,直達航班。,Non-stop,3 小時,No,Boeing 787,NH 852,商務艙,"$33,747"
2025-03-10 Monday,下午4:50,TSA,晚上8:40,HND,全日空航空,直達航班。,Non-stop,2 小時 50 分鐘,No,Boeing 787,NH 854,商務艙,"$33,747"
2025-03-10 Monday,清晨7:15,TSA,上午11:05,HND,長榮航空,直達航班。,Non-stop,2 小時 50 分鐘,No,Boeing 787-10,BR 192,商務艙,"$43,251"
出發日期,出發時間,出發機場代號,抵達時間,抵達機場代號,航空公司,停靠站數量,停留時間,飛行時間,是否過夜,機型,航班代碼,艙等,價格
2025-03-11 Tuesday,中午12:50,TPE,下午4:50,NRT,國泰航空,直達航班。,Non-stop,3 小時,No,Boeing 777,CX 450,商務艙,"$19,696"
2025-03-11 Tuesday,上午10:35,TPE,下午2:40,NRT,日本航空,直達航班。,Non-stop,3 小時 5 分鐘,No,Boeing 787,JL 802,商務艙,"$22,940"
2025-03-11 Tuesday,上午8:30,TPE,中午12:30,NRT,星宇航空,直達航班。,Non-stop,3 小時,No,Airbus A350,JX 800,商務艙,"$25,052"
2025-03-11 Tuesday,下午1:25,TPE,下午5:30,NRT,日本航空,直達航班。,Non-stop,3 小時 5 分鐘,No,Boeing 767,JL 8664,商務艙,"$22,940"
2025-03-11 Tuesday,下午2:35,TPE,下午6:40,NRT,中華航空,直達航班。,Non-stop,3 小時 5 分鐘,No,Airbus A330,CI 108,商務艙,"$23,413"
2025-03-11 Tuesday,上午9:30,TPE,下午1:30,NRT,中華航空,直達航班。,Non-stop,3 小時,No,Airbus A350,CI 100,商務艙,"$24,989"
2025-03-11 Tuesday,中午12:35,TPE,下午4:35,NRT,中華航空,直達航班。,Non-stop,3 小時,No,Airbus A350,CI 104,商務艙,"$24,989"
2025-03-11 Tuesday,上午10:15,TPE,下午2:15,NRT,星宇航空,直達航班。,Non-stop,3 小時,No,Airbus A350,JX 802,商務艙,"$25,052"
2025-03-11 Tuesday,下午3:00,TPE,晚上7:00,NRT,星宇航空,直達航班。,Non-stop,3 小時,No,Airbus A321neo,JX 804,商務艙,"$25,052"
2025-03-11 Tuesday,下午6:25,TSA,晚上10:15,HND,中華航空,直達航班。,Non-stop,2 小時 50 分鐘,No,Airbus A330,CI 222,商務艙,"$25,305"
2025-03-11 Tuesday,清晨7:55,TPE,中午12:00,NRT,長榮航空,直達航班。,Non-stop,3 小時 5 分鐘,No,Boeing 787-10,BR 184,商務艙,"$25,368"
2025-03-11 Tuesday,上午8:50,TPE,中午12:55,NRT,長榮航空,直達航班。,Non-stop,3 小時 5 分鐘,No,Boeing 787-10,BR 198,商務艙,"$25,368"
2025-03-11 Tuesday,下午3:20,TPE,晚上7:20,NRT,長榮航空,直達航班。,Non-stop,3 小時,No,Boeing 787-10,BR 196,商務艙,"$25,368"
2025-03-11 Tuesday,上午9:00,TSA,中午12:50,HND,中華航空,直達航班。,Non-stop,2 小時 50 分鐘,No,Airbus A330,CI 220,商務艙,"$25,935"
2025-03-11 Tuesday,清晨7:15,TSA,上午11:05,HND,長榮航空,直達航班。,Non-stop,2 小時 50 分鐘,No,Boeing 787-10,BR 192,商務艙,"$26,250"
2025-03-11 Tuesday,下午4:30,TSA,晚上8:20,HND,長榮航空,直達航班。,Non-stop,2 小時 50 分鐘,No,Boeing 787-10,BR 190,商務艙,"$26,250"
2025-03-11 Tuesday,上午9:30,TSA,下午1:20,HND,日本航空,直達航班。,Non-stop,2 小時 50 分鐘,No,Boeing 787,JL 96,商務艙,"$32,840"
2025-03-11 Tuesday,下午3:35,TSA,晚上7:25,HND,日本航空,直達航班。,Non-stop,2 小時 50 分鐘,No,Boeing 787,JL 98,商務艙,"$32,840"
2025-03-11 Tuesday,下午1:30,TSA,下午5:30,HND,全日空航空,直達航班。,Non-stop,3 小時,No,Boeing 787,NH 852,商務艙,"$33,747"
2025-03-11 Tuesday,下午4:50,TSA,晚上8:40,HND,全日空航空,直達航班。,Non-stop,2 小時 50 分鐘,No,Boeing 787,NH 854,商務艙,"$33,747"
出發日期,出發時間,出發機場代號,抵達時間,抵達機場代號,航空公司,停靠站數量,停留時間,飛行時間,是否過夜,機型,航班代碼,艙等,價格
2025-03-12 Wednesday,中午12:50,TPE,下午4:50,NRT,國泰航空,直達航班。,Non-stop,3 小時,No,Boeing 777,CX 450,商務艙,"$19,696"
2025-03-12 Wednesday,上午10:35,TPE,下午2:40,NRT,日本航空,直達航班。,Non-stop,3 小時 5 分鐘,No,Boeing 787,JL 802,商務艙,"$22,940"
2025-03-12 Wednesday,下午2:35,TPE,下午6:40,NRT,中華航空,直達航班。,Non-stop,3 小時 5 分鐘,No,Airbus A321neo,CI 108,商務艙,"$23,413"
2025-03-12 Wednesday,上午8:30,TPE,中午12:30,NRT,星宇航空,直達航班。,Non-stop,3 小時,No,Airbus A350,JX 800,商務艙,"$25,052"
2025-03-12 Wednesday,上午8:50,TPE,中午12:55,NRT,長榮航空,直達航班。,Non-stop,3 小時 5 分鐘,No,Boeing 787-10,BR 198,商務艙,"$25,368"
2025-03-12 Wednesday,下午1:25,TPE,下午5:30,NRT,日本航空,直達航班。,Non-stop,3 小時 5 分鐘,No,Boeing 767,JL 8664,商務艙,"$22,940"
2025-03-12 Wednesday,下午4:25,TPE,晚上8:25,NRT,中華航空,直達航班。,Non-stop,3 小時,No,Airbus A321neo,CI 106,商務艙,"$23,413"
2025-03-12 Wednesday,上午9:30,TPE,下午1:30,NRT,中華航空,直達航班。,Non-stop,3 小時,No,Airbus A330,CI 100,商務艙,"$24,989"
2025-03-12 Wednesday,中午12:35,TPE,下午4:35,NRT,中華航空,直達航班。,Non-stop,3 小時,No,Airbus A321neo,CI 104,商務艙,"$24,989"
2025-03-12 Wednesday,上午10:15,TPE,下午2:15,NRT,星宇航空,直達航班。,Non-stop,3 小時,No,Airbus A350,JX 802,商務艙,"$25,052"
2025-03-12 Wednesday,下午3:00,TPE,晚上7:00,NRT,星宇航空,直達航班。,Non-stop,3 小時,No,Airbus A321neo,JX 804,商務艙,"$25,052"
2025-03-12 Wednesday,下午6:25,TSA,晚上10:15,HND,中華航空,直達航班。,Non-stop,2 小時 50 分鐘,No,Airbus A330,CI 222,商務艙,"$25,305"
2025-03-12 Wednesday,清晨7:55,TPE,中午12:00,NRT,長榮航空,直達航班。,Non-stop,3 小時 5 分鐘,No,Boeing 787-10,BR 184,商務艙,"$25,368"
2025-03-12 Wednesday,下午3:20,TPE,晚上7:20,NRT,長榮航空,直達航班。,Non-stop,3 小時,No,Boeing 787-10,BR 196,商務艙,"$25,368"
2025-03-12 Wednesday,上午9:00,TSA,中午12:50,HND,中華航空,直達航班。,Non-stop,2 小時 50 分鐘,No,Airbus A330,CI 220,商務艙,"$25,935"
2025-03-12 Wednesday,清晨7:15,TSA,上午11:05,HND,長榮航空,直達航班。,Non-stop,2 小時 50 分鐘,No,Boeing 787-10,BR 192,商務艙,"$26,250"
2025-03-12 Wednesday,下午4:30,TSA,晚上8:20,HND,長榮航空,直達航班。,Non-stop,2 小時 50 分鐘,No,Boeing 787-10,BR 190,商務艙,"$26,250"
2025-03-12 Wednesday,上午9:30,TSA,下午1:20,HND,日本航空,直達航班。,Non-stop,2 小時 50 分鐘,No,Boeing 787,JL 96,商務艙,"$32,840"
2025-03-12 Wednesday,下午3:35,TSA,晚上7:25,HND,日本航空,直達航班。,Non-stop,2 小時 50 分鐘,No,Boeing 787,JL 98,商務艙,"$32,840"
2025-03-12 Wednesday,下午1:30,TSA,下午5:30,HND,全日空航空,直達航班。,Non-stop,3 小時,No,Boeing 787,NH 852,商務艙,"$33,747"
2025-03-12 Wednesday,下午4:50,TSA,晚上8:40,HND,全日空航空,直達航班。,Non-stop,2 小時 50 分鐘,No,Boeing 787,NH 854,商務艙,"$33,747"
出發日期,出發時間,出發機場代號,抵達時間,抵達機場代號,航空公司,停靠站數量,停留時間,飛行時間,是否過夜,機型,航班代碼,艙等,價格
2025-03-13 Thursday,中午12:50,TPE,下午4:50,NRT,國泰航空,直達航班。,Non-stop,3 小時,No,Boeing 777,CX 450,商務艙,"$19,696"
2025-03-13 Thursday,上午10:35,TPE,下午2:40,NRT,日本航空,直達航班。,Non-stop,3 小時 5 分鐘,No,Boeing 787,JL 802,商務艙,"$22,940"
2025-03-13 Thursday,下午2:35,TPE,下午6:40,NRT,中華航空,直達航班。,Non-stop,3 小時 5 分鐘,No,Airbus A330,CI 108,商務艙,"$23,413"
2025-03-13 Thursday,上午8:30,TPE,中午12:30,NRT,星宇航空,直達航班。,Non-stop,3 小時,No,Airbus A350,JX 800,商務艙,"$25,052"
2025-03-13 Thursday,上午8:50,TPE,中午12:55,NRT,長榮航空,直達航班。,Non-stop,3 小時 5 分鐘,No,Boeing 787-10,BR 198,商務艙,"$25,368"
2025-03-13 Thursday,下午1:25,TPE,下午5:30,NRT,日本航空,直達航班。,Non-stop,3 小時 5 分鐘,No,Boeing 767,JL 8664,商務艙,"$22,940"
2025-03-13 Thursday,上午9:30,TPE,下午1:30,NRT,中華航空,直達航班。,Non-stop,3 小時,No,Airbus A330,CI 100,商務艙,"$24,989"
2025-03-13 Thursday,中午12:35,TPE,下午4:35,NRT,中華航空,直達航班。,Non-stop,3 小時,No,Airbus A350,CI 104,商務艙,"$24,989"
2025-03-13 Thursday,上午10:15,TPE,下午2:15,NRT,星宇航空,直達航班。,Non-stop,3 小時,No,Airbus A350,JX 802,商務艙,"$25,052"
2025-03-13 Thursday,下午3:00,TPE,晚上7:00,NRT,星宇航空,直達航班。,Non-stop,3 小時,No,Airbus A321neo,JX 804,商務艙,"$25,052"
2025-03-13 Thursday,下午6:25,TSA,晚上10:15,HND,中華航空,直達航班。,Non-stop,2 小時 50 分鐘,No,Airbus A330,CI 222,商務艙,"$25,305"
2025-03-13 Thursday,清晨7:55,TPE,中午12:00,NRT,長榮航空,直達航班。,Non-stop,3 小時 5 分鐘,No,Boeing 787-10,BR 184,商務艙,"$25,368"
2025-03-13 Thursday,下午3:20,TPE,晚上7:20,NRT,長榮航空,直達航班。,Non-stop,3 小時,No,Boeing 787-10,BR 196,商務艙,"$25,368"
2025-03-13 Thursday,清晨7:15,TSA,上午11:05,HND,長榮航空,直達航班。,Non-stop,2 小時 50 分鐘,No,Boeing 787-10,BR 192,商務艙,"$26,250"
2025-03-13 Thursday,下午4:30,TSA,晚上8:20,HND,長榮航空,直達航班。,Non-stop,2 小時 50 分鐘,No,Boeing 787-10,BR 190,商務艙,"$26,250"
2025-03-13 Thursday,上午9:30,TSA,下午1:20,HND,日本航空,直達航班。,Non-stop,2 小時 50 分鐘,No,Boeing 787,JL 96,商務艙,"$32,840"
2025-03-13 Thursday,下午3:35,TSA,晚上7:25,HND,日本航空,直達航班。,Non-stop,2 小時 50 分鐘,No,Boeing 787,JL 98,商務艙,"$32,840"
2025-03-13 Thursday,上午9:00,TSA,中午12:50,HND,中華航空,直達航班。,Non-stop,2 小時 50 分鐘,No,Airbus A330,CI 220,商務艙,"$33,438"
2025-03-13 Thursday,下午1:30,TSA,下午5:30,HND,全日空航空,直達航班。,Non-stop,3 小時,No,Boeing 787,NH 852,商務艙,"$33,747"
2025-03-13 Thursday,下午4:50,TSA,晚上8:40,HND,全日空航空,直達航班。,Non-stop,2 小時 50 分鐘,No,Boeing 787,NH 854,商務艙,"$33,747"
出發日期,出發時間,出發機場代號,抵達時間,抵達機場代號,航空公司,停靠站數量,停留時間,飛行時間,是否過夜,機型,航班代碼,艙等,價格
2025-03-14 Friday,中午12:50,TPE,下午4:50,NRT,國泰航空,直達航班。,Non-stop,3 小時,No,Boeing 777,CX 450,商務艙,"$19,696"
2025-03-14 Friday,上午10:35,TPE,下午2:40,NRT,日本航空,直達航班。,Non-stop,3 小時 5 分鐘,No,Boeing 787,JL 802,商務艙,"$22,940"
2025-03-14 Friday,下午2:35,TPE,下午6:40,NRT,中華航空,直達航班。,Non-stop,3 小時 5 分鐘,No,Airbus A321neo,CI 108,商務艙,"$23,413"
2025-03-14 Friday,上午8:30,TPE,中午12:30,NRT,星宇航空,直達航班。,Non-stop,3 小時,No,Airbus A350,JX 800,商務艙,"$25,052"
2025-03-14 Friday,上午8:50,TPE,中午12:55,NRT,長榮航空,直達航班。,Non-stop,3 小時 5 分鐘,No,Boeing 787-10,BR 198,商務艙,"$25,368"
2025-03-14 Friday,下午1:25,TPE,下午5:30,NRT,日本航空,直達航班。,Non-stop,3 小時 5 分鐘,No,Boeing 767,JL 8664,商務艙,"$22,940"
2025-03-14 Friday,下午4:25,TPE,晚上8:25,NRT,中華航空,直達航班。,Non-stop,3 小時,No,Airbus A321neo,CI 106,商務艙,"$23,413"
2025-03-14 Friday,上午9:30,TPE,下午1:30,NRT,中華航空,直達航班。,Non-stop,3 小時,No,Airbus A330,CI 100,商務艙,"$24,989"
2025-03-14 Friday,中午12:35,TPE,下午4:35,NRT,中華航空,直達航班。,Non-stop,3 小時,No,Airbus A321neo,CI 104,商務艙,"$24,989"
2025-03-14 Friday,上午10:15,TPE,下午2:15,NRT,星宇航空,直達航班。,Non-stop,3 小時,No,Airbus A350,JX 802,商務艙,"$25,052"
2025-03-14 Friday,下午3:00,TPE,晚上7:00,NRT,星宇航空,直達航班。,Non-stop,3 小時,No,Airbus A321neo,JX 804,商務艙,"$25,052"
2025-03-14 Friday,下午6:25,TSA,晚上10:15,HND,中華航空,直達航班。,Non-stop,2 小時 50 分鐘,No,Airbus A330,CI 222,商務艙,"$25,305"
2025-03-14 Friday,清晨7:55,TPE,中午12:00,NRT,長榮航空,直達航班。,Non-stop,3 小時 5 分鐘,No,Boeing 787-10,BR 184,商務艙,"$25,368"
2025-03-14 Friday,下午3:20,TPE,晚上7:20,NRT,長榮航空,直達航班。,Non-stop,3 小時,No,Boeing 787-10,BR 196,商務艙,"$25,368"
2025-03-14 Friday,上午9:00,TSA,中午12:50,HND,中華航空,直達航班。,Non-stop,2 小時 50 分鐘,No,Airbus A330,CI 220,商務艙,"$25,935"
2025-03-14 Friday,下午4:30,TSA,晚上8:20,HND,長榮航空,直達航班。,Non-stop,2 小時 50 分鐘,No,Boeing 787-10,BR 190,商務艙,"$26,250"
2025-03-14 Friday,上午9:30,TSA,下午1:20,HND,日本航空,直達航班。,Non-stop,2 小時 50 分鐘,No,Boeing 787,JL 96,商務艙,"$32,840"
2025-03-14 Friday,下午1:30,TSA,下午5:30,HND,全日空航空,直達航班。,Non-stop,3 小時,No,Boeing 787,NH 852,商務艙,"$33,747"
2025-03-14 Friday,下午4:50,TSA,晚上8:40,HND,全日空航空,直達航班。,Non-stop,2 小時 50 分鐘,No,Boeing 787,NH 854,商務艙,"$33,747"
2025-03-14 Friday,下午3:35,TSA,晚上7:25,HND,日本航空,直達航班。,Non-stop,2 小時 50 分鐘,No,Boeing 787,JL 98,商務艙,"$41,571"
出發日期,出發時間,出發機場代號,抵達時間,抵達機場代號,航空公司,停靠站數量,停留時間,飛行時間,是否過夜,機型,航班代碼,艙等,價格
2025-03-15 Saturday,中午12:50,TPE,下午4:50,NRT,國泰航空,直達航班。,Non-stop,3 小時,No,Boeing 777,CX 450,商務艙,"$19,696"
2025-03-15 Saturday,上午10:35,TPE,下午2:40,NRT,日本航空,直達航班。,Non-stop,3 小時 5 分鐘,No,Boeing 787,JL 802,商務艙,"$22,940"
2025-03-15 Saturday,下午2:35,TPE,下午6:40,NRT,中華航空,直達航班。,Non-stop,3 小時 5 分鐘,No,Airbus A321neo,CI 108,商務艙,"$23,413"
2025-03-15 Saturday,上午10:15,TPE,下午2:15,NRT,星宇航空,直達航班。,Non-stop,3 小時,No,Airbus A350,JX 802,商務艙,"$25,052"
2025-03-15 Saturday,上午8:50,TPE,中午12:55,NRT,長榮航空,直達航班。,Non-stop,3 小時 5 分鐘,No,Boeing 787-10,BR 198,商務艙,"$25,368"
2025-03-15 Saturday,下午1:25,TPE,下午5:30,NRT,日本航空,直達航班。,Non-stop,3 小時 5 分鐘,No,Boeing 767,JL 8664,商務艙,"$22,940"
2025-03-15 Saturday,上午9:30,TPE,下午1:30,NRT,中華航空,直達航班。,Non-stop,3 小時,No,Boeing 777,CI 100,商務艙,"$24,989"
2025-03-15 Saturday,中午12:35,TPE,下午4:35,NRT,中華航空,直達航班。,Non-stop,3 小時,No,Airbus A350,CI 104,商務艙,"$24,989"
2025-03-15 Saturday,下午3:00,TPE,晚上7:00,NRT,星宇航空,直達航班。,Non-stop,3 小時,No,Airbus A321neo,JX 804,商務艙,"$25,052"
2025-03-15 Saturday,下午6:25,TSA,晚上10:15,HND,中華航空,直達航班。,Non-stop,2 小時 50 分鐘,No,Airbus A330,CI 222,商務艙,"$25,305"
2025-03-15 Saturday,清晨7:55,TPE,中午12:00,NRT,長榮航空,直達航班。,Non-stop,3 小時 5 分鐘,No,Boeing 787-10,BR 184,商務艙,"$25,368"
2025-03-15 Saturday,下午3:20,TPE,晚上7:20,NRT,長榮航空,直達航班。,Non-stop,3 小時,No,Boeing 787-10,BR 196,商務艙,"$25,368"
2025-03-15 Saturday,上午9:00,TSA,中午12:50,HND,中華航空,直達航班。,Non-stop,2 小時 50 分鐘,No,Airbus A330,CI 220,商務艙,"$25,935"
2025-03-15 Saturday,下午4:30,TSA,晚上8:20,HND,長榮航空,直達航班。,Non-stop,2 小時 50 分鐘,No,Boeing 787-10,BR 190,商務艙,"$26,250"
2025-03-15 Saturday,上午8:30,TPE,中午12:30,NRT,星宇航空,直達航班。,Non-stop,3 小時,No,Airbus A350,JX 800,商務艙,"$32,681"
2025-03-15 Saturday,上午9:30,TSA,下午1:20,HND,日本航空,直達航班。,Non-stop,2 小時 50 分鐘,No,Boeing 787,JL 96,商務艙,"$32,840"
2025-03-15 Saturday,下午3:35,TSA,晚上7:25,HND,日本航空,直達航班。,Non-stop,2 小時 50 分鐘,No,Boeing 787,JL 98,商務艙,"$32,840"
2025-03-15 Saturday,下午1:30,TSA,下午5:30,HND,全日空航空,直達航班。,Non-stop,3 小時,No,Boeing 787,NH 852,商務艙,"$33,747"
2025-03-15 Saturday,下午4:50,TSA,晚上8:40,HND,全日空航空,直達航班。,Non-stop,2 小時 50 分鐘,No,Boeing 787,NH 854,商務艙,"$33,747"
2025-03-15 Saturday,清晨7:15,TSA,上午11:05,HND,長榮航空,直達航班。,Non-stop,2 小時 50 分鐘,No,Boeing 787-10,BR 192,商務艙,"$43,251"
出發日期,出發時間,出發機場代號,抵達時間,抵達機場代號,航空公司,停靠站數量,停留時間,飛行時間,是否過夜,機型,航班代碼,艙等,價格
2025-03-16 Sunday,中午12:50,TPE,下午4:50,NRT,國泰航空,直達航班。,Non-stop,3 小時,No,Boeing 777,CX 450,商務艙,"$19,696"
2025-03-16 Sunday,上午10:35,TPE,下午2:40,NRT,日本航空,直達航班。,Non-stop,3 小時 5 分鐘,No,Boeing 787,JL 802,商務艙,"$22,940"
2025-03-16 Sunday,下午3:00,TPE,晚上7:00,NRT,星宇航空,直達航班。,Non-stop,3 小時,No,Airbus A330-900neo,JX 804,商務艙,"$25,052"
2025-03-16 Sunday,清晨7:55,TPE,中午12:00,NRT,長榮航空,直達航班。,Non-stop,3 小時 5 分鐘,No,Boeing 787-10,BR 184,商務艙,"$25,368"
2025-03-16 Sunday,上午9:00,TSA,中午12:50,HND,中華航空,直達航班。,Non-stop,2 小時 50 分鐘,No,Airbus A330,CI 220,商務艙,"$25,935"
2025-03-16 Sunday,下午1:25,TPE,下午5:30,NRT,日本航空,直達航班。,Non-stop,3 小時 5 分鐘,No,Boeing 767,JL 8664,商務艙,"$22,940"
2025-03-16 Sunday,下午2:35,TPE,下午6:40,NRT,中華航空,直達航班。,Non-stop,3 小時 5 分鐘,No,Airbus A321neo,CI 108,商務艙,"$23,413"
2025-03-16 Sunday,下午4:25,TPE,晚上8:25,NRT,中華航空,直達航班。,Non-stop,3 小時,No,Airbus A321neo,CI 106,商務艙,"$23,413"
2025-03-16 Sunday,上午9:30,TPE,下午1:30,NRT,中華航空,直達航班。,Non-stop,3 小時,No,Airbus A330,CI 100,商務艙,"$24,989"
2025-03-16 Sunday,中午12:35,TPE,下午4:35,NRT,中華航空,直達航班。,Non-stop,3 小時,No,Airbus A330,CI 104,商務艙,"$24,989"
2025-03-16 Sunday,下午6:25,TSA,晚上10:15,HND,中華航空,直達航班。,Non-stop,2 小時 50 分鐘,No,Airbus A330,CI 222,商務艙,"$25,305"
2025-03-16 Sunday,下午3:20,TPE,晚上7:20,NRT,長榮航空,直達航班。,Non-stop,3 小時,No,Boeing 787-10,BR 196,商務艙,"$25,368"
2025-03-16 Sunday,下午4:30,TSA,晚上8:20,HND,長榮航空,直達航班。,Non-stop,2 小時 50 分鐘,No,Boeing 787-10,BR 190,商務艙,"$26,250"
2025-03-16 Sunday,上午8:30,TPE,中午12:30,NRT,星宇航空,直達航班。,Non-stop,3 小時,No,Airbus A350,JX 800,商務艙,"$32,681"
2025-03-16 Sunday,上午10:15,TPE,下午2:15,NRT,星宇航空,直達航班。,Non-stop,3 小時,No,Airbus A350,JX 802,商務艙,"$32,681"
2025-03-16 Sunday,上午9:30,TSA,下午1:20,HND,日本航空,直達航班。,Non-stop,2 小時 50 分鐘,No,Boeing 787,JL 96,商務艙,"$32,840"
2025-03-16 Sunday,上午8:50,TPE,中午12:55,NRT,長榮航空,直達航班。,Non-stop,3 小時 5 分鐘,No,Boeing 787-10,BR 198,商務艙,"$32,997"
2025-03-16 Sunday,清晨7:15,TSA,上午11:05,HND,長榮航空,直達航班。,Non-stop,2 小時 50 分鐘,No,Boeing 787-10,BR 192,商務艙,"$33,438"
2025-03-16 Sunday,下午1:30,TSA,下午5:30,HND,全日空航空,直達航班。,Non-stop,3 小時,No,Boeing 787,NH 852,商務艙,"$33,747"
2025-03-16 Sunday,下午4:50,TSA,晚上8:40,HND,全日空航空,直達航班。,Non-stop,2 小時 50 分鐘,No,Boeing 787,NH 854,商務艙,"$33,747"
2025-03-16 Sunday,下午3:35,TSA,晚上7:25,HND,日本航空,直達航班。,Non-stop,2 小時 50 分鐘,No,Boeing 787,JL 98,商務艙,"$41,940"
出發日期,出發時間,出發機場代號,抵達時間,抵達機場代號,航空公司,停靠站數量,停留時間,飛行時間,是否過夜,機型,航班代碼,艙等,價格
2025-03-17 Monday,中午12:50,TPE,下午4:50,NRT,國泰航空,直達航班。,Non-stop,3 小時,No,Boeing 777,CX 450,商務艙,"$19,696"
2025-03-17 Monday,下午1:25,TPE,下午5:30,NRT,日本航空,直達航班。,Non-stop,3 小時 5 分鐘,No,Boeing 767,JL 8664,商務艙,"$22,940"
2025-03-17 Monday,下午2:35,TPE,下午6:40,NRT,中華航空,直達航班。,Non-stop,3 小時 5 分鐘,No,Airbus A321neo,CI 108,商務艙,"$23,413"
2025-03-17 Monday,上午8:30,TPE,中午12:30,NRT,星宇航空,直達航班。,Non-stop,3 小時,No,Airbus A350,JX 800,商務艙,"$25,052"
2025-03-17 Monday,上午8:50,TPE,中午12:55,NRT,長榮航空,直達航班。,Non-stop,3 小時 5 分鐘,No,Boeing 787-10,BR 198,商務艙,"$25,368"
2025-03-17 Monday,上午9:30,TPE,下午1:30,NRT,中華航空,直達航班。,Non-stop,3 小時,No,Airbus A330,CI 100,商務艙,"$24,989"
2025-03-17 Monday,中午12:35,TPE,下午4:35,NRT,中華航空,直達航班。,Non-stop,3 小時,No,Airbus A321neo,CI 104,商務艙,"$24,989"
2025-03-17 Monday,上午10:15,TPE,下午2:15,NRT,星宇航空,直達航班。,Non-stop,3 小時,No,Airbus A350,JX 802,商務艙,"$25,052"
2025-03-17 Monday,下午3:00,TPE,晚上7:00,NRT,星宇航空,直達航班。,Non-stop,3 小時,No,Airbus A330-900neo,JX 804,商務艙,"$25,052"
2025-03-17 Monday,下午6:25,TSA,晚上10:15,HND,中華航空,直達航班。,Non-stop,2 小時 50 分鐘,No,Airbus A330,CI 222,商務艙,"$25,305"
2025-03-17 Monday,清晨7:55,TPE,中午12:00,NRT,長榮航空,直達航班。,Non-stop,3 小時 5 分鐘,No,Boeing 787-10,BR 184,商務艙,"$25,368"
2025-03-17 Monday,下午3:20,TPE,晚上7:20,NRT,長榮航空,直達航班。,Non-stop,3 小時,No,Boeing 787-10,BR 196,商務艙,"$25,368"
2025-03-17 Monday,上午9:00,TSA,中午12:50,HND,中華航空,直達航班。,Non-stop,2 小時 50 分鐘,No,Airbus A330,CI 220,商務艙,"$25,935"
2025-03-17 Monday,下午4:30,TSA,晚上8:20,HND,長榮航空,直達航班。,Non-stop,2 小時 50 分鐘,No,Boeing 787-10,BR 190,商務艙,"$26,250"
2025-03-17 Monday,上午10:35,TPE,下午2:40,NRT,日本航空,直達航班。,Non-stop,3 小時 5 分鐘,No,Boeing 787,JL 802,商務艙,"$31,840"
2025-03-17 Monday,上午9:30,TSA,下午1:20,HND,日本航空,直達航班。,Non-stop,2 小時 50 分鐘,No,Boeing 787,JL 96,商務艙,"$32,840"
2025-03-17 Monday,下午3:35,TSA,晚上7:25,HND,日本航空,直達航班。,Non-stop,2 小時 50 分鐘,No,Boeing 787,JL 98,商務艙,"$32,840"
2025-03-17 Monday,下午1:30,TSA,下午5:30,HND,全日空航空,直達航班。,Non-stop,3 小時,No,Boeing 787,NH 852,商務艙,"$33,747"
2025-03-17 Monday,下午4:50,TSA,晚上8:40,HND,全日空航空,直達航班。,Non-stop,2 小時 50 分鐘,No,Boeing 787,NH 854,商務艙,"$33,747"
2025-03-17 Monday,清晨7:15,TSA,上午11:05,HND,長榮航空,直達航班。,Non-stop,2 小時 50 分鐘,No,Boeing 787-10,BR 192,商務艙,"$43,251"
出發日期,出發時間,出發機場代號,抵達時間,抵達機場代號,航空公司,停靠站數量,停留時間,飛行時間,是否過夜,機型,航班代碼,艙等,價格
2025-03-18 Tuesday,中午12:50,TPE,下午4:50,NRT,國泰航空,直達航班。,Non-stop,3 小時,No,Boeing 777,CX 450,商務艙,"$19,696"
2025-03-18 Tuesday,上午10:35,TPE,下午2:40,NRT,日本航空,直達航班。,Non-stop,3 小時 5 分鐘,No,Boeing 787,JL 802,商務艙,"$22,940"
2025-03-18 Tuesday,上午8:30,TPE,中午12:30,NRT,星宇航空,直達航班。,Non-stop,3 小時,No,Airbus A350,JX 800,商務艙,"$25,052"
2025-03-18 Tuesday,下午1:25,TPE,下午5:30,NRT,日本航空,直達航班。,Non-stop,3 小時 5 分鐘,No,Boeing 767,JL 8664,商務艙,"$22,940"
2025-03-18 Tuesday,下午2:35,TPE,下午6:40,NRT,中華航空,直達航班。,Non-stop,3 小時 5 分鐘,No,Airbus A330,CI 108,商務艙,"$23,413"
2025-03-18 Tuesday,上午9:30,TPE,下午1:30,NRT,中華航空,直達航班。,Non-stop,3 小時,No,Airbus A350,CI 100,商務艙,"$24,989"
2025-03-18 Tuesday,中午12:35,TPE,下午4:35,NRT,中華航空,直達航班。,Non-stop,3 小時,No,Boeing 777,CI 104,商務艙,"$24,989"
2025-03-18 Tuesday,上午10:15,TPE,下午2:15,NRT,星宇航空,直達航班。,Non-stop,3 小時,No,Airbus A350,JX 802,商務艙,"$25,052"
2025-03-18 Tuesday,下午3:00,TPE,晚上7:00,NRT,星宇航空,直達航班。,Non-stop,3 小時,No,Airbus A321neo,JX 804,商務艙,"$25,052"
2025-03-18 Tuesday,下午6:25,TSA,晚上10:15,HND,中華航空,直達航班。,Non-stop,2 小時 50 分鐘,No,Airbus A330,CI 222,商務艙,"$25,305"
2025-03-18 Tuesday,清晨7:55,TPE,中午12:00,NRT,長榮航空,直達航班。,Non-stop,3 小時 5 分鐘,No,Boeing 787-10,BR 184,商務艙,"$25,368"
2025-03-18 Tuesday,上午8:50,TPE,中午12:55,NRT,長榮航空,直達航班。,Non-stop,3 小時 5 分鐘,No,Boeing 787-10,BR 198,商務艙,"$25,368"
2025-03-18 Tuesday,下午3:20,TPE,晚上7:20,NRT,長榮航空,直達航班。,Non-stop,3 小時,No,Boeing 787-10,BR 196,商務艙,"$25,368"
2025-03-18 Tuesday,上午9:00,TSA,中午12:50,HND,中華航空,直達航班。,Non-stop,2 小時 50 分鐘,No,Airbus A330,CI 220,商務艙,"$25,935"
2025-03-18 Tuesday,清晨7:15,TSA,上午11:05,HND,長榮航空,直達航班。,Non-stop,2 小時 50 分鐘,No,Boeing 787-10,BR 192,商務艙,"$26,250"
2025-03-18 Tuesday,下午4:30,TSA,晚上8:20,HND,長榮航空,直達航班。,Non-stop,2 小時 50 分鐘,No,Boeing 787-10,BR 190,商務艙,"$26,250"
2025-03-18 Tuesday,上午9:30,TSA,下午1:20,HND,日本航空,直達航班。,Non-stop,2 小時 50 分鐘,No,Boeing 787,JL 96,商務艙,"$32,840"
2025-03-18 Tuesday,下午3:35,TSA,晚上7:25,HND,日本航空,直達航班。,Non-stop,2 小時 50 分鐘,No,Boeing 787,JL 98,商務艙,"$32,840"
2025-03-18 Tuesday,下午1:30,TSA,下午5:30,HND,全日空航空,直達航班。,Non-stop,3 小時,No,Boeing 787,NH 852,商務艙,"$33,747"
2025-03-18 Tuesday,下午4:50,TSA,晚上8:40,HND,全日空航空,直達航班。,Non-stop,2 小時 50 分鐘,No,Boeing 787,NH 854,商務艙,"$33,747"
出發日期,出發時間,出發機場代號,抵達時間,抵達機場代號,航空公司,停靠站數量,停留時間,飛行時間,是否過夜,機型,航班代碼,艙等,價格
2025-03-19 Wednesday,中午12:50,TPE,下午4:50,NRT,國泰航空,直達航班。,Non-stop,3 小時,No,Boeing 777,CX 450,商務艙,"$19,696"
2025-03-19 Wednesday,上午10:35,TPE,下午2:40,NRT,日本航空,直達航班。,Non-stop,3 小時 5 分鐘,No,Boeing 787,JL 802,商務艙,"$22,940"
2025-03-19 Wednesday,下午2:35,TPE,下午6:40,NRT,中華航空,直達航班。,Non-stop,3 小時 5 分鐘,No,Airbus A321neo,CI 108,商務艙,"$23,413"
2025-03-19 Wednesday,上午8:30,TPE,中午12:30,NRT,星宇航空,直達航班。,Non-stop,3 小時,No,Airbus A350,JX 800,商務艙,"$25,052"
2025-03-19 Wednesday,上午8:50,TPE,中午12:55,NRT,長榮航空,直達航班。,Non-stop,3 小時 5 分鐘,No,Boeing 787-10,BR 198,商務艙,"$25,368"
2025-03-19 Wednesday,下午1:25,TPE,下午5:30,NRT,日本航空,直達航班。,Non-stop,3 小時 5 分鐘,No,Boeing 767,JL 8664,商務艙,"$22,940"
2025-03-19 Wednesday,下午4:25,TPE,晚上8:25,NRT,中華航空,直達航班。,Non-stop,3 小時,No,Airbus A321neo,CI 106,商務艙,"$23,413"
2025-03-19 Wednesday,上午9:30,TPE,下午1:30,NRT,中華航空,直達航班。,Non-stop,3 小時,No,Airbus A330,CI 100,商務艙,"$24,989"
2025-03-19 Wednesday,中午12:35,TPE,下午4:35,NRT,中華航空,直達航班。,Non-stop,3 小時,No,Airbus A321neo,CI 104,商務艙,"$24,989"
2025-03-19 Wednesday,上午10:15,TPE,下午2:15,NRT,星宇航空,直達航班。,Non-stop,3 小時,No,Airbus A350,JX 802,商務艙,"$25,052"
2025-03-19 Wednesday,下午3:00,TPE,晚上7:00,NRT,星宇航空,直達航班。,Non-stop,3 小時,No,Airbus A321neo,JX 804,商務艙,"$25,052"
2025-03-19 Wednesday,下午6:25,TSA,晚上10:15,HND,中華航空,直達航班。,Non-stop,2 小時 50 分鐘,No,Airbus A330,CI 222,商務艙,"$25,305"
2025-03-19 Wednesday,清晨7:55,TPE,中午12:00,NRT,長榮航空,直達航班。,Non-stop,3 小時 5 分鐘,No,Boeing 787-10,BR 184,商務艙,"$25,368"
2025-03-19 Wednesday,下午3:20,TPE,晚上7:20,NRT,長榮航空,直達航班。,Non-stop,3 小時,No,Boeing 787-10,BR 196,商務艙,"$25,368"
2025-03-19 Wednesday,上午9:00,TSA,中午12:50,HND,中華航空,直達航班。,Non-stop,2 小時 50 分鐘,No,Airbus A330,CI 220,商務艙,"$25,935"
2025-03-19 Wednesday,清晨7:15,TSA,上午11:05,HND,長榮航空,直達航班。,Non-stop,2 小時 50 分鐘,No,Boeing 787-10,BR 192,商務艙,"$26,250"
2025-03-19 Wednesday,下午4:30,TSA,晚上8:20,HND,長榮航空,直達航班。,Non-stop,2 小時 50 分鐘,No,Boeing 787-10,BR 190,商務艙,"$26,250"
2025-03-19 Wednesday,上午9:30,TSA,下午1:20,HND,日本航空,直達航班。,Non-stop,2 小時 50 分鐘,No,Boeing 787,JL 96,商務艙,"$32,840"
2025-03-19 Wednesday,下午3:35,TSA,晚上7:25,HND,日本航空,直達航班。,Non-stop,2 小時 50 分鐘,No,Boeing 787,JL 98,商務艙,"$32,840"
2025-03-19 Wednesday,下午1:30,TSA,下午5:30,HND,全日空航空,直達航班。,Non-stop,3 小時,No,Boeing 787,NH 852,商務艙,"$33,747"
2025-03-19 Wednesday,下午4:50,TSA,晚上8:40,HND,全日空航空,直達航班。,Non-stop,2 小時 50 分鐘,No,Boeing 787,NH 854,商務艙,"$33,747"
出發日期,出發時間,出發機場代號,抵達時間,抵達機場代號,航空公司,停靠站數量,停留時間,飛行時間,是否過夜,機型,航班代碼,艙等,價格
2025-03-20 Thursday,中午12:50,TPE,下午4:50,NRT,國泰航空,直達航班。,Non-stop,3 小時,No,Boeing 777,CX 450,商務艙,"$19,696"
2025-03-20 Thursday,上午10:35,TPE,下午2:40,NRT,日本航空,直達航班。,Non-stop,3 小時 5 分鐘,No,Boeing 787,JL 802,商務艙,"$22,940"
2025-03-20 Thursday,下午2:35,TPE,下午6:40,NRT,中華航空,直達航班。,Non-stop,3 小時 5 分鐘,No,Airbus A330,CI 108,商務艙,"$23,413"
2025-03-20 Thursday,上午8:30,TPE,中午12:30,NRT,星宇航空,直達航班。,Non-stop,3 小時,No,Airbus A350,JX 800,商務艙,"$25,052"
2025-03-20 Thursday,上午8:50,TPE,中午12:55,NRT,長榮航空,直達航班。,Non-stop,3 小時 5 分鐘,No,Boeing 787-10,BR 198,商務艙,"$25,368"
2025-03-20 Thursday,上午9:30,TPE,下午1:30,NRT,中華航空,直達航班。,Non-stop,3 小時,No,Airbus A330,CI 100,商務艙,"$24,989"
2025-03-20 Thursday,中午12:35,TPE,下午4:35,NRT,中華航空,直達航班。,Non-stop,3 小時,No,Airbus A350,CI 104,商務艙,"$24,989"
2025-03-20 Thursday,上午10:15,TPE,下午2:15,NRT,星宇航空,直達航班。,Non-stop,3 小時,No,Airbus A350,JX 802,商務艙,"$25,052"
2025-03-20 Thursday,下午3:00,TPE,晚上7:00,NRT,星宇航空,直達航班。,Non-stop,3 小時,No,Airbus A321neo,JX 804,商務艙,"$25,052"
2025-03-20 Thursday,下午6:25,TSA,晚上10:15,HND,中華航空,直達航班。,Non-stop,2 小時 50 分鐘,No,Airbus A330,CI 222,商務艙,"$25,305"
2025-03-20 Thursday,清晨7:55,TPE,中午12:00,NRT,長榮航空,直達航班。,Non-stop,3 小時 5 分鐘,No,Boeing 787-10,BR 184,商務艙,"$25,368"
2025-03-20 Thursday,下午3:20,TPE,晚上7:20,NRT,長榮航空,直達航班。,Non-stop,3 小時,No,Boeing 787-10,BR 196,商務艙,"$25,368"
2025-03-20 Thursday,上午9:00,TSA,中午12:50,HND,中華航空,直達航班。,Non-stop,2 小時 50 分鐘,No,Airbus A330,CI 220,商務艙,"$25,935"
2025-03-20 Thursday,清晨7:15,TSA,上午11:05,HND,長榮航空,直達航班。,Non-stop,2 小時 50 分鐘,No,Boeing 787-10,BR 192,商務艙,"$26,250"
2025-03-20 Thursday,上午9:30,TSA,下午1:20,HND,日本航空,直達航班。,Non-stop,2 小時 50 分鐘,No,Boeing 787,JL 96,商務艙,"$32,840"
2025-03-20 Thursday,下午3:35,TSA,晚上7:25,HND,日本航空,直達航班。,Non-stop,2 小時 50 分鐘,No,Boeing 787,JL 98,商務艙,"$32,840"
2025-03-20 Thursday,下午4:30,TSA,晚上8:20,HND,長榮航空,直達航班。,Non-stop,2 小時 50 分鐘,No,Boeing 787-10,BR 190,商務艙,"$33,438"
2025-03-20 Thursday,下午1:30,TSA,下午5:30,HND,全日空航空,直達航班。,Non-stop,3 小時,No,Boeing 787,NH 852,商務艙,"$33,747"
2025-03-20 Thursday,下午4:50,TSA,晚上8:40,HND,全日空航空,直達航班。,Non-stop,2 小時 50 分鐘,No,Boeing 787,NH 854,商務艙,"$33,747"
出發日期,出發時間,出發機場代號,抵達時間,抵達機場代號,航空公司,停靠站數量,停留時間,飛行時間,是否過夜,機型,航班代碼,艙等,價格
2025-03-21 Friday,中午12:50,TPE,下午4:50,NRT,國泰航空,直達航班。,Non-stop,3 小時,No,Boeing 777,CX 450,商務艙,"$19,696"
2025-03-21 Friday,上午10:35,TPE,下午2:40,NRT,日本航空,直達航班。,Non-stop,3 小時 5 分鐘,No,Boeing 787,JL 802,商務艙,"$22,940"
2025-03-21 Friday,下午2:35,TPE,下午6:40,NRT,中華航空,直達航班。,Non-stop,3 小時 5 分鐘,No,Airbus A321neo,CI 108,商務艙,"$23,413"
2025-03-21 Friday,上午10:15,TPE,下午2:15,NRT,星宇航空,直達航班。,Non-stop,3 小時,No,Airbus A350,JX 802,商務艙,"$25,052"
2025-03-21 Friday,上午8:50,TPE,中午12:55,NRT,長榮航空,直達航班。,Non-stop,3 小時 5 分鐘,No,Boeing 787-10,BR 198,商務艙,"$25,368"
2025-03-21 Friday,下午1:25,TPE,下午5:30,NRT,日本航空,直達航班。,Non-stop,3 小時 5 分鐘,No,Boeing 787,JL 8664,商務艙,"$22,940"
2025-03-21 Friday,下午4:25,TPE,晚上8:25,NRT,中華航空,直達航班。,Non-stop,3 小時,No,Airbus A321neo,CI 106,商務艙,"$23,413"
2025-03-21 Friday,上午9:30,TPE,下午1:30,NRT,中華航空,直達航班。,Non-stop,3 小時,No,Airbus A330,CI 100,商務艙,"$24,989"
2025-03-21 Friday,中午12:35,TPE,下午4:35,NRT,中華航空,直達航班。,Non-stop,3 小時,No,Airbus A321neo,CI 104,商務艙,"$24,989"
2025-03-21 Friday,下午3:00,TPE,晚上7:00,NRT,星宇航空,直達航班。,Non-stop,3 小時,No,Airbus A330-900neo,JX 804,商務艙,"$25,052"
2025-03-21 Friday,清晨7:55,TPE,中午12:00,NRT,長榮航空,直達航班。,Non-stop,3 小時 5 分鐘,No,Boeing 787-10,BR 184,商務艙,"$25,368"
2025-03-21 Friday,下午3:20,TPE,晚上7:20,NRT,長榮航空,直達航班。,Non-stop,3 小時,No,Boeing 787-10,BR 196,商務艙,"$25,368"
2025-03-21 Friday,上午9:00,TSA,中午12:50,HND,中華航空,直達航班。,Non-stop,2 小時 50 分鐘,No,Airbus A330,CI 220,商務艙,"$25,935"
2025-03-21 Friday,清晨7:15,TSA,上午11:05,HND,長榮航空,直達航班。,Non-stop,2 小時 50 分鐘,No,Boeing 787-10,BR 192,商務艙,"$26,250"
2025-03-21 Friday,上午8:30,TPE,中午12:30,NRT,星宇航空,直達航班。,Non-stop,3 小時,No,Airbus A350,JX 800,商務艙,"$32,681"
2025-03-21 Friday,上午9:30,TSA,下午1:20,HND,日本航空,直達航班。,Non-stop,2 小時 50 分鐘,No,Boeing 787,JL 96,商務艙,"$32,840"
2025-03-21 Friday,下午3:35,TSA,晚上7:25,HND,日本航空,直達航班。,Non-stop,2 小時 50 分鐘,No,Boeing 787,JL 98,商務艙,"$32,840"
2025-03-21 Friday,下午6:25,TSA,晚上10:15,HND,中華航空,直達航班。,Non-stop,2 小時 50 分鐘,No,Airbus A330,CI 222,商務艙,"$32,934"
2025-03-21 Friday,下午4:30,TSA,晚上8:20,HND,長榮航空,直達航班。,Non-stop,2 小時 50 分鐘,No,Boeing 787-10,BR 190,商務艙,"$33,438"
2025-03-21 Friday,下午1:30,TSA,下午5:30,HND,全日空航空,直達航班。,Non-stop,3 小時,No,Boeing 787,NH 852,商務艙,"$33,747"
2025-03-21 Friday,下午4:50,TSA,晚上8:40,HND,全日空航空,直達航班。,Non-stop,2 小時 50 分鐘,No,Boeing 787,NH 854,商務艙,"$33,747"
